skill,n_ag,lift_ag,z_ag,n_fin,lift_fin,z_fin,n_joint,lift_jo,z_jo,lift_delta,z_delta,lift_comp
.Net,25,1.2170598873982037,-0.49691110652108,32,1.0589747044874565,-0.17211242054633996,2,1.0349516672097319,-0.09505515736046179,0.8373590982286635,-0.14538070102185852,1.2888356346010499
A/B Testing,81,2.2448354691035584,0.49857040318323637,47,0.8854438433232713,-0.5176183603708092,8,2.3567179867680705,0.02274688685215797,1.0553018772196856,-0.11203652451086611,1.9876757453914533
Ab Experiments,0,,0.0,0,,0.0,0,,0.0,,0.0,
Ability To Work Independently,36,0.5116653143048064,-2.0505645953682192,95,0.9178479653218952,-0.6479951831785457,1,0.151078132927448,-0.315649055401431,0.2751322751322751,-0.44557760339121977,0.4696309676604546
Account Management,14,1.0329322493224933,-0.5320173175102044,16,0.8024674982893837,-0.40202616222588655,0,0.0,-0.14870089943179826,0.0,-0.36514659423289597,0.8288945580162471
Accounting,32,0.4937010219810111,-1.9955515641165127,150,1.5731457985168853,0.8330026276770288,1,0.16399559410711828,-0.3009449366389547,0.3106332138590203,-0.40335464499232004,0.7766636884529201
Active Directory,5,0.8058590710733737,-0.46746255416825716,16,1.75296298170011,0.37894921461545705,1,1.7131966918374688,-0.020567364554117888,2.4074074074074074,0.18184451427038043,1.412641120058862
Adherence To Laws And Policies,1,1.8445218737901665,0.006175478877512314,1,1.253855466077162,0.011635368065299627,0,0.0,-0.029726135774519765,0.0,-0.09756219094336348,2.3127638337506893
Administrative Support,0,0.0,-0.7032139577918847,9,1.450889896460716,0.1434388904428912,0,0.0,-0.08291328916591752,,0.0,0.0
Advanced Analytics,80,1.380515331734844,-0.600320537109099,124,1.4545766113743375,0.5404952913167874,5,0.9171479171479171,-0.1767169655271969,0.6419753086419753,-0.39755886206328805,2.0080653131851887
Excel,99,0.40882313172811896,-4.137009106657121,502,1.4091838297852284,0.917411426623077,7,0.3072673668693569,-0.5432588922290893,0.7326892109500805,-0.37106091899812765,0.5761069464734216
Advanced Incident Response,41,1.9728364389233954,0.14749984774153488,32,1.0466967368991962,-0.18861500035722945,6,3.0688566827697263,0.07794678100494887,1.6507936507936507,0.19713728534758962,2.064961463056948
Agentic Frameworks,190,11.769150761870092,6.809064911921808,37,1.5579622022525932,0.3983359345545461,25,16.46075179657269,1.0611555334710083,1.4590347923681257,0.2380082440899322,18.335892039605913
Agile Delivery,13,0.9591513743708867,-0.5836269832202993,40,2.006168745723459,0.8121901182247785,4,3.137053497942387,0.06762012991650711,4.279835390946502,0.6821781076309116,1.9242195096805739
Agile Development Practices,5,1.0247343743278703,-0.3225488394681525,10,1.3931727400857357,0.11939860450498305,2,4.357018747142204,0.09081170155641492,6.419753086419753,0.6463300177127809,1.4276319961424009
Agile Environments,23,1.1640732557151356,-0.5319276385782029,33,1.1353508336125522,-0.07493625178468334,2,1.0759710930442639,-0.089803764098389,0.9171075837742505,-0.109977123026898,1.3216315412622568
Agile Methodologies,207,1.0957730391808291,-1.833826572828851,446,1.6049030104699389,1.5484338576512324,34,1.9131424792139078,-0.062467705275629955,1.8925283665168058,0.6849493938087297,1.758609449373107
Project Management,74,0.5252037485866827,-2.8780971015441956,222,1.071057384019739,-0.41288285990290247,6,0.4526530806137476,-0.38031184611733393,0.8496732026143792,-0.24217191360998278,0.5625233530386131
Artificial Intelligence,1426,2.5372554906991422,3.3159666960613627,878,1.06194704104413,-0.8984549496684162,134,2.5343559207653525,0.17189696629390533,0.9987386767572526,-0.6496401978836375,2.6944309607209265
Ai Agent Systems Architecture,59,11.660013273602123,3.7722819107698484,6,0.8060499424781755,-0.24332175367933565,4,8.402821869488536,0.26134954167476165,0.7003367003367004,-0.3057737379291935,9.398553028481755
Ai And Automation,85,3.8033941602411785,1.7386271267529185,21,0.6387565581902522,-0.732677957047176,6,2.8537885594489367,0.061835260381733204,0.7313642756680732,-0.34468459262954493,2.4294429632365597
Machine Learning,972,2.7110008991794987,3.24195413855481,569,1.0787960083637678,-0.6228690522840867,112,3.3204699322978892,0.41792194285298373,1.2540913006029286,0.07466728363777583,2.9246169487054283
Ai Engineering,138,7.511134974581595,4.33397527160504,57,2.108943783926505,1.064270512035988,22,12.728208864602307,0.8397208269898938,1.8263090676883782,0.5053416250255813,15.840561414876822
Ai Frameworks,105,8.938836772983114,4.271443367064122,19,1.0995347933292035,-0.09167015197937363,13,11.76395061728395,0.6106069833548764,1.3607085346215781,0.10394041410388567,9.828562043785473
Ai Integration,45,4.639946328478369,1.609547343205743,13,0.911186891497068,-0.24581777188002174,4,4.384080975385324,0.12962286132210002,0.939476061427281,-0.14241247817931155,4.227858271759438
Ai Model Development,101,5.3739435361386585,2.8005943616439803,21,0.7595470611813577,-0.5254054983496089,15,8.483618233618234,0.510420070519861,1.6795865633074933,0.3300119337731092,4.081763019828672
Ai Solutions Development,24,6.129488072902707,1.5362537388508999,5,0.8680537842072661,-0.17988108090612728,2,5.42951566951567,0.12083485316441517,0.8754208754208754,-0.12803819184872622,5.320725316936498
Ai Technologies,149,4.812264266055667,3.047810653723384,50,1.0977333846979043,-0.15170697599910118,17,5.836201181726473,0.3822245351643507,1.2401795735129069,0.01623161454315316,5.282583140838064
Ai Tools,296,3.1825170153996134,2.469266797387443,145,1.0597677352530415,-0.3650786546520091,14,1.6000191901746303,-0.10038433027059547,0.478066719201471,-0.9958935637279019,3.372728849814317
Ai-Powered Solutions,99,5.869532105525136,3.0062118814890053,12,0.48362996548690534,-0.8151867794741803,5,3.1510582010582007,0.07651681921255249,0.512214342001576,-0.5460072406158866,2.838681609619404
Model Deployment,92,4.326527228040391,2.127747771487218,46,1.4705273738128757,0.34709197517402357,16,7.998153394187389,0.5015543702799921,2.02729044834308,0.5427863039757235,6.362276722380137
Ai/Ml,615,4.487660910518053,5.7631868690685035,245,1.2152752978901724,0.061006247776182056,88,6.8256768416768425,1.0233150303267324,1.607983695270223,0.6970357061777243,5.4537434498599096
Ai/Ml Solutions,448,5.80570819291331,6.348607775756579,147,1.2949654813583802,0.23875156431972056,57,7.851817156735189,0.9335838908101558,1.4038078999715828,0.282693814137306,7.518191704662277
Airflow,95,2.3192150030744,0.6196302152585789,62,1.0288990442221417,-0.29656528962359274,12,3.113986928104575,0.11491275153827205,1.392235609103079,0.12110420596764636,2.3862381000089017
Algorithm Development,17,2.4974499707070397,0.3382261644397839,3,0.29959378392994135,-0.6530306630090843,0,0.0,-0.10535500698615118,0.0,-0.40239797329796306,0.7482204868998432
Algorithms,206,2.087755527476782,0.535602333993599,149,1.0265080464038303,-0.4678455061736312,25,2.6932121376565816,0.10039125845104545,1.3300593411090647,0.11382775371953607,2.1430978478789897
Ambiguity Management,17,2.1876887340301976,0.20157093750004063,14,1.2246960366335071,0.02169033620534607,2,2.7358024691358027,0.030297897238478696,1.2839506172839505,0.01870676595439092,2.6792537219545576
Analytical Modeling,8,0.7460987354656853,-0.6519551164689104,16,1.0143549837927601,-0.16475570549414273,1,0.9913441531419059,-0.07132910053697031,1.3756613756613758,0.03169529661253675,0.756808970721094
Analytical Problem Solving,31,0.7011193498466709,-1.3826594748104504,91,1.3990567121487678,0.3706780033452433,4,0.9616308406499142,-0.14873120856663286,1.4266117969821674,0.08287938092062302,0.980905732420365
Analytical Skills,77,0.49756857085892775,-3.084006155015678,267,1.1728356111262828,-0.08140926251783946,9,0.6181912547035163,-0.3599290546795275,1.2745098039215688,0.03378957787288263,0.5835661388805616
Analytical Thinking,41,1.0038769490096924,-0.9597279102826802,115,1.914071397330181,1.2524507274535486,6,1.5615863651261883,-0.07099899570493584,1.6507936507936507,0.19713728534758962,1.9214921545385408
Analytical Tools,10,0.41605756551657885,-1.2865389011836261,77,2.177748967397176,1.308053338010593,2,0.8845075652093195,-0.11667075253472313,2.4074074074074074,0.2571917647180791,0.9060689336815124
Analytics Tools,56,0.8428277646330408,-1.4754663664887933,128,1.3095571141621856,0.2542043084047032,1,0.15998119606460495,-0.30533107601697257,0.1750841750841751,-0.6188477718771755,1.1037310951886106
Angular,30,1.97627343620375,0.12853252733247622,38,1.7016609896761485,0.5386719576598974,6,4.201410934744269,0.1489387261105549,2.4074074074074074,0.44564101181596516,3.362947411321156
Anomaly Detection,63,3.9024026210411358,1.5488541765296329,35,1.4737480291578584,0.3059116966526658,6,3.9505804311774466,0.13480962390093626,1.01364522417154,-0.12375434705446557,5.751158171739835
Api Development,581,2.9540596869980957,3.0159701904753304,288,0.9954037880771834,-0.7845548648351582,56,3.0265600362996996,0.23019007758161505,1.0271604938271603,-0.35492762529224664,2.940482202644003
Api Integration,40,3.018308520747545,0.82023188637691,15,0.7694113087291675,-0.4310858314817553,2,1.6041750841750841,-0.0374989479955564,0.50682261208577,-0.349391238454499,2.322320709096766
Application Architecture/Design/Modernization Projects,0,0.0,-0.11884795989769552,0,0.0,-0.11636145649424756,0,0.0,-0.014012820342483912,,0.0,0.0
Application Development,66,1.8230382579556719,0.02634230286223726,146,2.741374513187006,2.5083144037818847,18,5.284969495285635,0.35167800885921113,3.6111111111111107,1.2458332577630753,4.997630616924518
Application Security,8,1.4280169345472258,-0.1651114951873377,10,1.213408515558544,0.01105848069383926,1,1.8974113898845082,-0.011382239126509163,1.3756613756613758,0.03169529661253675,1.7327679087414116
"Architecting Complex, Scalable, Secure Solutions",1,0.3860627177700348,-0.43130306018881476,0,0.0,-0.5395921661189005,0,0.0,-0.06498059944044765,0.0,-0.09756219094336348,0.0
Architecting Solutions,23,3.1555043625997063,0.6757272604487795,2,0.18652395363131336,-0.7621712803888651,1,1.4583409856137128,-0.03517733093264713,0.4377104377104377,-0.291758890580281,0.5885771494129546
Artificial General Intelligence (Agi),0,0.0,-0.4285339095602422,0,0.0,-0.41956826659453506,0,0.0,-0.0505265933308366,,0.0,0.0
Attention To Detail,47,0.3363072209539829,-3.2969700593023252,252,1.2257518090788806,0.09588394911538052,4,0.3042401021711367,-0.4118351712654075,0.8957795004306631,-0.16851713220077416,0.4122291844906354
Authentication,44,2.341123916733673,0.43696233131450596,40,1.44675630701211,0.29808563417235207,8,4.524596391263058,0.1918562564933871,2.139917695473251,0.42462849227059607,3.3870357920313356
Autocad Civil 3D,1,0.2155934657676818,-0.6478587709633987,0,0.0,-0.7221171665410606,0,0.0,-0.08696152231416321,0.0,-0.09756219094336348,0.0
Automated Testing,73,2.1448687983719283,0.3758179678926946,57,1.1384563789337772,-0.09339647369586138,5,1.561586365126188,-0.06479681723629635,0.7080610021786492,-0.3350176862924478,2.4418395654825473
Security Assessments,4,2.0750871080139373,0.0713240020306614,2,0.7052936996684036,-0.18919025070936915,0,0.0,-0.05605495779376357,0.0,-0.19513699823055086,1.463545863545358
Automating Security Operations,2,1.1857640617222498,-0.1499829257471937,2,0.8060499424781755,-0.14046484769077983,0,0.0,-0.05243415316690278,0.0,-0.13797674717936728,0.9557850537439072
Automation And Scripting,557,1.9397080246087905,0.4479207960230863,516,1.2215029965308035,0.11816204348138262,57,2.1099596764795003,-0.014248973559885875,1.0977777777777777,-0.22056795086559375,2.369359164454483
Automation Frameworks,43,2.77754850255562,0.7131097459508529,32,1.4050987324133177,0.22562119498360647,6,4.119671422395157,0.14441558216262604,1.5615615615615617,0.160740210354318,3.902729880157411
Aws,578,2.5065838002759784,2.010924103431898,333,0.981662704240662,-0.9088686792249883,63,2.904110066179032,0.21454389029567458,1.1779935275080906,-0.07942430331547036,2.4606198317847525
Aws Application Migration Service,1,0.3689043747580333,-0.4466501513650487,0,0.0,-0.5520005144746815,0,0.0,-0.06647489217181346,0.0,-0.09756219094336348,0.0
Aws Glue,24,1.4078329496066289,-0.3038521021763931,24,0.9570062921295653,-0.27345353011596285,3,1.8705928543384376,-0.021936794374861554,1.3756613756613758,0.05491556917753893,1.3473049910408692
Aws Professional Level Certifications,13,1.084467634338942,-0.4664473672652692,25,1.4176757782279468,0.21043879457963519,2,1.7734598920528568,-0.024687633210816545,1.7508417508417509,0.13601116170221036,1.5374234974744803
Aws Solutions,15,2.2233076157292184,0.20498195196924737,2,0.20151248561954388,-0.7222296489163048,0,0.0,-0.10488756908357588,0.0,-0.3779707812208511,0.4480242439424565
Aws Step Functions,0,0.0,-0.34650923200304073,0,0.0,-0.33925967511743305,0,0.0,-0.04085538043578617,,0.0,0.0
Aws Technologies,45,1.8309592129534742,0.02904088870933164,47,1.2999530935064696,0.141279981803406,11,4.757480029048657,0.24095173923206048,3.115468409586057,0.8375610852756957,2.3801610929630397
Azure,432,2.3505411489007435,1.3986265296762572,313,1.1576895601243413,-0.1458114092184648,56,3.2388457943357976,0.27649756583176005,1.4342001576044128,0.3233310264596608,2.7211969487250656
Azure Data Factory,5,0.34729491347513597,-1.045534264402905,15,0.7082447193322882,-0.5141397386728948,1,0.7383232604989928,-0.10066991861180964,2.4074074074074074,0.18184451427038043,0.24596978851972898
Azure Devops,24,1.056808288431501,-0.6672806620268187,41,1.2272484535344104,0.040451340882305314,3,1.4041850869437076,-0.06696447495081329,1.3756613756613758,0.05491556917753893,1.2969663376599068
B2B Marketing,4,1.1067131242741,-0.24803063559855834,4,0.7523132796462971,-0.234116863652221,0,0.0,-0.07676111124558675,0.0,-0.19513699823055086,0.8325949801502481
Backend Development,244,3.2430504682491637,2.315179357562783,92,0.8312188357981506,-0.8796768665297396,24,3.3907303620674316,0.20085573764631226,1.0505050505050504,-0.20077287369477467,2.695684634652717
Backup And Recovery,0,0.0,-0.6176192404413108,7,1.4628313770900223,0.13186931470988608,0,0.0,-0.07282102884847319,,0.0,0.0
Bash,12,0.6552906656886118,-0.926501530877599,29,1.076500910020195,-0.14174245086229006,1,0.580458089668616,-0.12623043031244766,0.8754208754208754,-0.09051426364787213,0.70542099794153
Bayesian Methods,4,2.5539533637094616,0.17524537343182697,3,1.3020806763108992,0.03636587499387396,1,6.786894586894587,0.10794900251923532,3.2098765432098766,0.26058736268340643,3.325453323085312
Benchmarking,40,1.9530231604837056,0.12969850350586096,25,0.8297572937275336,-0.4599047084626326,4,2.0759912854030502,-0.00664560536453565,1.0699588477366255,-0.07168897673138812,1.6205352122301542
Bi Tools,19,0.546643397605058,-1.3998837718551411,54,1.0561070303526874,-0.2286815507911262,0,0.0,-0.23831135887428823,0.0,-0.4254287645530072,0.5773139353065811
Bias For Action,27,2.3590463964790027,0.35212090489090997,36,2.1381535316263185,0.8662984692507104,7,6.501130604288499,0.27398828445579215,3.3703703703703702,0.7255279030441258,5.04400338390192
Data Analytics,473,0.9817616425012177,-3.4428733825862654,902,1.2726680012021006,0.46865924097385636,49,1.0810832337714058,-0.4489052995196891,1.112858141160028,-0.17813559661653205,1.2494566272189158
Big Data Technologies,85,1.310175704224213,-0.7424744806762782,150,1.571685124609256,0.8301771782821823,16,2.6214931737680116,0.0704851252456634,2.232957595276436,0.646977671126797,2.059183664953652
Bigquery,67,1.6502176407944664,-0.1785742913204681,31,0.5190291914473711,-1.2023639275263827,0,0.0,-0.2576196629145713,0.0,-0.7997184579097463,0.8565111278137403
Bioinformatics,8,1.526500861067724,-0.11726342416094182,0,0.0,-0.7675930279527886,0,0.0,-0.09243807517991726,0.0,-0.2759891826181689,0.0
Bitbucket,3,0.48825579012092646,-0.6157274425471667,29,3.208394869079797,1.3351742111038964,2,3.4599854756717505,0.06045684137670828,19.25925925925926,1.072620502909453,1.5665173718224827
Budget Management,18,0.5917080070376376,-1.2617953598350775,36,0.8044538039782188,-0.5996044769128053,1,0.34942427576090945,-0.18669774733480607,0.5664488017429194,-0.21390431618718572,0.4760017571057982
Build Processes,19,1.50196781151485,-0.19864835829563146,4,0.2149466513275135,-0.9756178458647586,0,0.0,-0.14365400392966962,0.0,-0.4254287645530072,0.322842951486831
Business Acumen,50,1.451109865744012,-0.38435192092625053,77,1.5190941223627155,0.5200158494147313,5,1.5424760424760424,-0.06730077006084927,1.0699588477366253,-0.08016710645959166,2.2043724679542778
Business Analysis,12,0.17866220840299368,-2.5291984402264656,145,1.4675169356329114,0.6111582162262564,1,0.15825942534462714,-0.3072610862999857,0.8754208754208754,-0.09051426364787213,0.2621898165889699
Business Case Development,3,0.4407264654188893,-0.6718883408987657,13,1.298239730363079,0.07307486402895162,0,0.0,-0.10535500698615118,0.0,-0.16898995550397125,0.5721686076292918
Business Development,40,1.0797201212430243,-0.8262220841295135,38,0.6972659665014462,-0.8441076396429114,0,0.0,-0.24605405156315968,0.0,-0.6175565299764384,0.7528520938895761
Business Intelligence,149,0.5728355332914806,-3.7786210178936543,403,1.053203746054161,-0.6438241154334456,11,0.44952567203609356,-0.5199479311262601,0.7675791733762749,-0.4222556510167174,0.6033125295355205
Business Judgment,4,0.6989767100678526,-0.49772755062848834,13,1.5442219950634521,0.22810416747475992,1,1.8574658869395713,-0.013292324289017925,3.2098765432098766,0.26058736268340643,1.0793752097238674
Business Process Analysis,64,0.847920669834905,-1.5646531026321964,155,1.3959524143476782,0.4774618706343581,6,0.8449765008424227,-0.21359647777473695,0.996168582375479,-0.1353398114566447,1.1836569062313362
Business Process Mapping/Reengineering,2,0.46113046844754163,-0.5281183924563474,8,1.253855466077162,0.03291436207535491,0,0.0,-0.08408979066375229,0.0,-0.13797674717936728,0.5781909584376723
Business Requirements,87,0.8091095950575352,-1.9466018869420285,248,1.567846162624216,1.0595664577345103,8,0.7908538230106859,-0.26580095775340434,0.9751523675574308,-0.17278215775132835,1.2685593737533898
Business Savvy,0,0.0,-0.2058524259172998,1,1.880783199115743,0.11223806567409653,0,0.0,-0.024271129036879557,,0.0,0.0
Business To technical Requirements Translation,35,1.4822050771528126,-0.2895937036934176,48,1.3817999013911582,0.2476895918713043,2,0.9003023431594861,-0.11420105783904123,0.5836139169472503,-0.29024416807384734,2.0481108294512302
C#,37,1.4317617342007587,-0.35129202752264505,38,0.9995770848447306,-0.2767429847508917,7,2.879288612621946,0.06892502196434888,2.2469135802469133,0.4319904963719824,1.4311562204646304
C++,68,1.402294890384574,-0.5203306707376217,46,0.6448399539825405,-1.0683885129768977,4,0.8768161950770648,-0.1668729416866964,0.6018518518518519,-0.3928086447962274,0.9042557725855404
Cad software,0,0.0,-0.34650923200304073,0,0.0,-0.33925967511743305,0,0.0,-0.04085538043578617,,0.0,0.0
Capacity Planning,8,0.7858318042182957,-0.6110566506130186,12,0.8012804161913224,-0.34943599624074956,0,0.0,-0.1288583293669902,0.0,-0.2759891826181689,0.6296716351404138
Career Development,79,1.5762680916644332,-0.2969014655628437,190,2.577034671865321,2.6449424079985677,12,2.5450854700854704,0.05179192128804124,1.7247097844112769,0.31963792333770374,4.062097524374228
Causal Inference,36,2.2134262485482,0.31098062089585754,19,0.7941084618488693,-0.44983860436247225,2,1.3071056241426613,-0.06399387861149981,0.5664488017429194,-0.3026204619901399,1.7577005136505242
Cdn,1,0.55335656213705,-0.3171019177268854,2,0.7523132796462971,-0.16553489325881562,1,5.881975308641976,0.09338512034850004,,0.0,0.41629749007512407
Change Management,53,1.0078315392874104,-1.0840338981914566,131,1.6933511964547239,0.9876106721514768,4,0.8085189427686564,-0.18310662599029176,0.7860922146636433,-0.24081191928461362,1.7066127428771425
Chemistry,3,0.3458478513356562,-0.8122167033952014,0,0.0,-0.9876531379701923,0,0.0,-0.11893964715826194,0.0,-0.16898995550397125,0.0
Ci/Cd,370,2.8528833440414556,2.230962621319161,223,1.1688285742762954,-0.08709895773069401,47,3.8521064492267465,0.36269507359702674,1.401215456943011,0.2528819537366653,3.3345315715925645
Ci/Cd Pipelines,169,2.5833496961646807,1.1792056998868061,111,1.1534084812256766,-0.09618995325751686,27,4.387108655616943,0.3378018344910529,1.830985915492958,0.5637439112477675,2.9796574495281174
Cissp,2,0.3192441704636827,-0.7030019896485659,17,1.8446142914404402,0.442914468055889,0,0.0,-0.10107042247417412,0.0,-0.13797674717936728,0.5888823592963571
Civil Engineering Concepts,0,0.0,-0.475421649782075,0,0.0,-0.4654750433975408,0,0.0,-0.05605495779376357,,0.0,0.0
Client Communication,10,1.1370340317884589,-0.3699373262558194,20,1.5458492047526655,0.2841282701347579,1,1.208625063419584,-0.05251769870822882,1.0699588477366255,-0.035822511681464116,1.7576831538169062
Client Engagement,18,2.019003672662209,0.12225347405384465,16,1.219967480507509,0.01934586171759404,3,3.576876876876877,0.07934395906878734,1.9259259259259258,0.21083076002199275,2.4631188236731227
Client Relationship Management,30,1.2117296981103283,-0.5506376433935993,94,2.5809287695894865,1.8623010420059503,2,0.8586825268090474,-0.12082628902823546,0.6878306878306879,-0.22331134265137328,3.1273880388189292
Clinical Laboratory Testing,0,0.0,-0.5112218016303214,0,0.0,-0.5005262024615876,0,0.0,-0.06027603139266302,,0.0,0.0
Clinical Trial Design And Execution,13,1.5752486075434269,-0.12084598816781171,0,0.0,-0.9633345196836086,0,0.0,-0.11601096387437887,0.0,-0.3518564774137917,0.0
Cloud Computing,788,2.125320735811513,1.185116408584662,566,1.0377156367501321,-0.8554312034619564,93,2.666240635436411,0.18673145724799667,1.2885691446842527,0.13901167107719023,2.2054785606609033
Cloud Automation Scripting,0,0.0,-0.29112294344533735,0,0.0,-0.2850321578691833,0,0.0,-0.03432501011043718,,0.0,0.0
Cloud Certifications,11,2.5362175764614787,0.28484747769145724,8,1.253855466077162,0.03291436207535491,1,2.4508230452674895,0.011541024942830644,0.9629629629629629,-0.064418964936233,3.1800502714071976
Cloud Data Warehouses,13,1.43872706155633,-0.20365292231610602,10,0.7523132796462972,-0.37024325233125965,0,0.0,-0.12139386189536694,0.0,-0.3518564774137917,1.0823734741953228
Cloud Migration,4,0.6148406245967221,-0.5717344151098618,11,1.1493675105707317,-0.0331124346948176,0,0.0,-0.10299664726572612,0.0,-0.19513699823055086,0.7066778380904882
Cloud Security,12,1.464767370362779,-0.17987477558780476,21,1.7424903168278205,0.42734496976750247,4,5.189978213507625,0.1620636937897697,4.814814814814815,0.749027126094261,2.5523429592624924
Cloudformation,14,1.1678882215957838,-0.4117090514266044,23,1.3042617159697112,0.10272168928017465,3,2.6601898380792854,0.03274383878010784,2.6262626262626263,0.35599559334950404,1.5232318959593312
Cnn,13,2.9973480449090206,0.46110455605811024,0,0.0,-0.6982710085043495,0,0.0,-0.08408979066375229,0.0,-0.3518564774137917,0.0
Content Creation,14,1.9695742042166184,0.08459799774476595,2,0.19126608804566878,-0.7490747104740222,0,0.0,-0.10766181836543882,0.0,-0.36514659423289597,0.37671275315617375
Coaching,128,1.5464986889419736,-0.433027749124987,419,3.4412583424868832,5.465980037696292,44,5.650805973367837,0.5947008130194816,5.044091710758377,2.5775257276466412,5.321901514966594
Code Quality,64,2.505765564394188,0.6633818539691234,35,0.9315199806941179,-0.3705884232824876,6,2.4970649895178196,0.032400127922636066,0.996168582375479,-0.1353398114566447,2.3341706901684596
Code Reviews,169,2.2160487914967164,0.6791488069744979,116,1.0339850762911194,-0.3928450208296404,21,2.9270493242057225,0.1264332879456315,1.3663663663663663,0.13738074519581972,2.291361378740575
Coding Standards,29,1.5479749487435157,-0.2043365721588448,27,0.9797005731728307,-0.2594246411301867,6,3.4043586995355484,0.10112029553702657,2.5120772946859904,0.4739454363764412,1.5165519445412055
Collaboration Skills,54,1.4161731921990852,-0.4450644535690007,67,1.1944310364052584,-0.003436650718515122,11,3.066432625358376,0.10536946066216193,2.463393626184324,0.6243851448875891,1.6915212136876965
Collaboration With Stakeholders,3,0.2895470383275261,-0.9226040795658081,16,1.0497394599715775,-0.13041653891198862,0,0.0,-0.12999786417283882,0.0,-0.16898995550397125,0.3039489516503069
Collaborative Work,25,0.6454392248876942,-1.3601675170145138,60,1.0530045904847083,-0.24678951372466437,3,0.8232935890789701,-0.15534005739927476,1.3131313131313131,0.0333449157557416,0.679650466685634
Commissioning,0,0.0,-0.7703548396101197,0,0.0,-0.7542378304465777,0,0.0,-0.09082973800977126,,0.0,0.0
Communication Skills,458,1.1131946067003025,-2.660263852456765,738,1.219342314155858,0.12984026786295438,49,1.2659595466623286,-0.3424335547176887,1.1536720094177306,-0.10952301152584383,1.3573652878397668
Community Engagement,15,1.2087886066100608,-0.3916203518838777,108,5.916250063237872,4.283881315832837,8,6.852786767349875,0.3082809595148874,11.005291005291006,1.7297576865226107,7.151495670297991
Risk Management,74,1.2836484513524042,-0.7378157574611283,374,4.410112328961052,6.434679436668006,25,4.609698517744494,0.34854702468612125,4.91307634164777,1.903443287159166,5.661033861360999
Comptia Security+,0,0.0,-0.2223464971456363,0,0.0,-0.21769462902736822,0,0.0,-0.02621587293796672,,0.0,0.0
Computational Biology,12,3.434626937402379,0.5625333595892861,0,0.0,-0.626699050042876,0,0.0,-0.0754705866181196,0.0,-0.3380454816018256,0.0
Computer Architecture,2,0.66402787456446,-0.37264412613516235,3,0.6770819516816675,-0.2501813697005013,0,0.0,-0.07007145484947154,0.0,-0.13797674717936728,0.4496012892811341
Computer Science Fundamentals,15,4.882557901209265,0.9806934285809767,2,0.4425372233213513,-0.36799695068090227,0,0.0,-0.0707688551602831,0.0,-0.3779707812208511,2.160713616306873
Computer Skills,0,0.0,-1.2183588611230227,26,1.3971532336288377,0.19618494883493756,0,0.0,-0.14365400392966962,,0.0,0.0
Computer Vision,65,2.0244752273306705,0.2379805193836636,19,0.40226882682775744,-1.2552037034423371,3,0.9932040858870128,-0.12332832068086612,0.4659498207885305,-0.4723551034008046,0.8143832746401664
Concurrency,10,2.2433374140691216,0.17444698460293212,5,0.7624796753171932,-0.2540193046546107,0,0.0,-0.08525007744317868,0.0,-0.3085785892196981,1.7104991831063356
Configuration Management,8,0.7419305861055419,-0.6563980976367668,22,1.3869462697389836,0.17192865079151556,3,2.957417752948479,0.04929016342832452,5.777777777777778,0.7390567754552021,1.029017858804339
Conflict Resolution,4,0.7905093744814998,-0.4287171958316004,7,0.9403915995578714,-0.15928689322703443,0,0.0,-0.09082973800977126,0.0,-0.19513699823055086,0.74338837513415
Confluence,13,0.46410550372784837,-1.3402154327469087,76,1.8443809436489866,0.9369764676699216,1,0.3794822779769016,-0.1761475694251781,0.8024691358024691,-0.11456945448406597,0.8559873469182573
Consensus Building,4,1.5442508710801393,-0.07706206518453278,7,1.8370440549502605,0.28146380427122725,0,0.0,-0.06498059944044765,0.0,-0.19513699823055086,2.836856882069531
Construction Management,3,0.8441032303785507,-0.3400248231137212,0,0.0,-0.6320798623552439,0,0.0,-0.07611858112542456,0.0,-0.16898995550397125,0.0
Consultative Expertise,1,0.66402787456446,-0.26348515061292954,7,3.1597157745144484,0.6453493471857624,0,0.0,-0.049545292707011954,0.0,-0.09756219094336348,2.098139349978626
Consulting,187,1.5367971849449753,-0.5459913313225958,121,0.6759646547316976,-1.6004134930157023,5,0.43678034470113675,-0.3564790460495473,0.26455026455026454,-1.0309165058319425,1.038820578513975
Consumer Insights,21,1.315526921306949,-0.3636082479859937,17,0.723924099282286,-0.5239093461574196,0,0.0,-0.16139247130120865,0.0,-0.44727891351979776,0.9523416415887317
Container Orchestration,36,2.9295347407255585,0.7329116495254931,36,1.991417504946081,0.7593950207057091,10,8.649963689179376,0.4234080851865622,3.7037037037037033,0.950453812917308,5.833926764028556
Containerization,136,3.57230185683412,2.0132460544006134,58,1.0356211286270232,-0.2743811711612459,22,6.142569151429911,0.45909040591642386,1.8583495776478234,0.5272304603276506,3.699551280770962
Containers,31,2.3391891035793475,0.36554627037042575,41,2.1030575771930575,0.8979565485652927,8,6.416700336700337,0.28914210408052254,3.349436392914654,0.770786377150236,4.919449368769983
Content Development,7,1.90499800079968,0.037728529229429174,3,0.5549852062964488,-0.3418961506727315,0,0.0,-0.0773983130683536,0.0,-0.25815867646792695,1.0572457084681328
Contextual Reasoning,6,11.067131242740999,1.166782696192712,1,1.253855466077162,0.011635368065299627,1,19.606584362139916,0.23637370005827854,1.9259259259259258,0.12169446896229406,13.876583002504136
Continuous Improvement,153,1.0938443670150988,-1.5795397695912163,285,1.3850728985736092,0.6160850133814302,28,2.127846364883402,-0.005914414490876965,2.157037037037037,0.8074928555119352,1.5150541880100177
Continuous Integration,15,0.9920735177755876,-0.5921264516242601,46,2.0681122030117334,0.9226941249760794,6,4.218149623727313,0.1498557311122378,6.419753086419753,1.1196644363365182,2.0517193483964706
Continuous Learning,132,2.282595818815331,0.6850109063680864,141,1.6574401942207486,0.9614858508718355,17,3.124799382716049,0.13815929279540212,1.4235104669887277,0.16880317326347674,3.7832660572647505
Contract Management,0,0.0,-0.6828208890151767,7,1.1968620358009274,0.00022726493429545879,0,0.0,-0.08050878885452577,,0.0,0.0
Conversational Ai,83,9.373182583137785,3.9174943625239296,10,0.7676666118839768,-0.35377244250035156,7,8.402821869488536,0.34578170282349546,0.8869395711500975,-0.23030793253455964,7.195479316167285
Cost Analysis,3,0.49802090592334497,-0.6050621132401663,4,0.45138796778777834,-0.5092388509376741,1,1.7645925925925927,-0.01790416660962123,4.814814814814815,0.3744540829002103,0.22480064464056704
Problem-Solving,261,0.8970562901724847,-2.9345773490344214,555,1.2966890378996736,0.4754378255430068,40,1.461360325128441,-0.22359840106492418,1.7429193899782134,0.6035524272415169,1.1632030578456096
Creative Thinking,9,1.8000755635783552,0.00017735053450344137,9,1.223642081352411,0.016747844200766308,0,0.0,-0.09028726864907421,0.0,-0.29273704365076236,2.2026482092086326
Critical Thinking,21,0.3895135577054095,-1.9663780910473867,160,2.0173763923476127,1.6445229819546225,7,1.3801282847092904,-0.10660960120248407,4.814814814814815,0.9910271704633995,0.7857954558142227
Crm,96,1.5472494164608774,-0.37352599435415423,53,0.5806689876881613,-1.350974220586329,2,0.3426393383674937,-0.2679439515959508,0.20488573680063044,-0.7862942215585612,0.898439752357436
Crm Tools,7,0.5810243902439025,-0.8006542574515806,13,0.7335054476551398,-0.44579132479775335,0,0.0,-0.14018888670772794,0.0,-0.25815867646792695,0.42618455546440837
Cross-Functional Collaboration,111,0.891905785051489,-1.9188252995327568,117,0.6390657336782437,-1.734344768070369,17,1.45198809651859,-0.14731337615918033,1.7415287628053584,0.3914133358924521,0.5699864248957998
Cross-Functional Team Leadership,11,1.426622386759582,-0.19444930683275266,11,0.969778837044055,-0.17400526623171772,0,0.0,-0.11213345118331002,0.0,-0.3236469310842427,1.3835081991327214
Css,22,1.1896264853760683,-0.4937838373562605,26,0.9557074236549051,-0.2863780494734734,0,0.0,-0.1737278417586988,0.0,-0.4578144340832787,1.136934863450402
Cuda,14,2.4724442138038403,0.29748851155348116,0,0.0,-0.7978875412827221,0,0.0,-0.09608638215577926,0.0,-0.36514659423289597,0.0
Customer Advocacy,1,1.3833914053426248,-0.06644859779521563,3,2.821174798673615,0.37180325129656294,0,0.0,-0.03432501011043718,0.0,-0.09756219094336348,3.9027889694542885
Customer Collaboration,4,5.533565621370499,0.5724656882033959,0,0.0,-0.2850321578691833,0,0.0,-0.03432501011043718,0.0,-0.19513699823055086,0.0
Customer Engagement,25,1.5485724686671174,-0.18921591895029524,17,0.7158204713052455,-0.5359671048638011,0,0.0,-0.16230450773044117,0.0,-0.4880633959856797,1.1084998743716235
Customer Focus,31,1.6494282140623604,-0.12204305888401387,41,1.4829252146874126,0.34098228736584196,0,0.0,-0.17513876548568774,0.0,-0.543554718789296,2.4459786884499013
Customer Interaction,17,2.5655622426354134,0.3660345642907747,7,0.7181172214805563,-0.3416052694888233,1,1.6041750841750841,-0.026509353444291762,0.6018518518518519,-0.19619492133190755,1.842374429216768
Customer Needs Analysis,2,2.3715281234444996,0.09766512219167686,1,0.8060499424781755,-0.09932063586388014,0,0.0,-0.03707541044487567,0.0,-0.13797674717936728,1.9115701074878144
Customer Obsession,20,3.0742031229836106,0.6005737282540193,2,0.2089759110128603,-0.7038154600370771,0,0.0,-0.10299664726572612,0.0,-0.4364901133558751,0.6424343982640803
Relationship Management,17,0.8349462919819393,-0.8222100122489486,77,2.570774668613826,1.6764088811402276,1,0.5220688143765067,-0.13805775933946116,0.6018518518518519,-0.19619492133190755,2.146458777080213
Customer Satisfaction,21,1.07930227289889,-0.5987431116780707,40,1.3974859683832146,0.24377181987892477,0,0.0,-0.17820369284688253,0.0,-0.44727891351979776,1.5083097820203097
Customer Service,97,1.1190184821534506,-1.1965251349736008,98,0.7685201675330485,-1.1077455969270036,4,0.4905052376907832,-0.2910796674684205,0.4141776184786938,-0.6190672532621272,0.8599882713771475
Customer-Centric Mindset,1,0.25539533637094614,-0.5800479435786117,7,1.2152752978901724,0.010261768107930124,0,0.0,-0.07989637113939227,0.0,-0.09756219094336348,0.31037564348796237
Customer-Facing Experience,135,1.805877579899317,0.010093283270749898,121,1.10028090455925,-0.23000239081084825,4,0.568764735726863,-0.2574690266384887,0.29403449250777497,-0.8463470447453018,1.9869726171348898
Customer-Facing Role,6,2.3163763066202088,0.15474886837790935,0,0.0,-0.5395921661189005,0,0.0,-0.06498059944044765,0.0,-0.2390033401146745,0.0
Cybersecurity,62,1.5361838889177806,-0.3142520074090688,57,0.9600415732799763,-0.4157526406593295,4,1.0534881149806523,-0.13112661001877535,0.6641123882503194,-0.3360219826163795,1.4748003975639785
Dashboard Development,149,0.7359428243834016,-2.8801401904815176,304,1.0206928161818254,-0.6957788036097808,15,0.7875301662864888,-0.36689218933207746,1.077943615257048,-0.13132971371681104,0.7511715539687007
Data Analysis,142,0.5634079719655432,-3.747363847938893,420,1.1327852920104378,-0.2812696738544351,22,0.9278450534664684,-0.3679558744253129,1.7654320987654322,0.4626978870417097,0.6382202640439963
Google Analytics,5,0.30971449373342347,-1.1362758969600497,12,0.5052850385684086,-0.7730424312633578,0,0.0,-0.16230450773044117,0.0,-0.21817449872396172,0.15649409991128801
Data Annotation,4,2.7667828106852497,0.21542929081349357,1,0.4701957997789358,-0.24307340989654552,0,0.0,-0.04854416838291087,0.0,-0.19513699823055086,1.3009296564847628
Data Architecture,66,1.3312831021037168,-0.6205860441607353,81,1.110644756707474,-0.16694034608151112,6,1.2864587552315379,-0.11459029911296983,0.9629629629629629,-0.15797206181528378,1.4785825970447537
Data Center Operations,3,0.3112630662020906,-0.8768380160661481,6,0.4231762198010422,-0.6688843189128623,0,0.0,-0.12537778335280564,0.0,-0.16898995550397125,0.13171912771908223
Data Cleansing,2,0.3223436284293495,-0.6981271079161177,18,1.9720833544126237,0.5265009286537986,0,0.0,-0.10058311332169223,0.0,-0.13797674717936728,0.6356885040264879
Data Collection,24,0.5937656106388614,-1.4524762896947094,34,0.5718029398205835,-1.105394840867612,0,0.0,-0.2570439976444245,0.0,-0.4781922019292715,0.33951692172766484
Data Curation,5,1.9303135888501741,0.039277590180120295,1,0.26243486499289437,-0.41968429931420875,0,0.0,-0.06498059944044765,0.0,-0.21817449872396172,0.5065815860838448
Data Engineering,233,1.8375118144123417,0.08006420276766615,213,1.1418721750450924,-0.17022314050238613,30,2.5148588017946687,0.07622255675280527,1.4230979748221129,0.22427306640012729,2.098203612194075
Data Entry,1,0.09881367181018748,-1.0288405315057196,8,0.5373666283187837,-0.583256105026075,0,0.0,-0.12847624509277503,0.0,-0.09756219094336348,0.053099169652439285
Data Exploration,20,2.2585982128042854,0.254330923084803,21,1.612099884956351,0.33883777154667627,3,3.601209372637944,0.08042612279077103,1.6993464052287583,0.1527667406061888,3.6410859190244085
Data Extraction And Processing,22,1.0061028402491816,-0.6997874434092388,43,1.3367550010244122,0.1805306532921278,1,0.4861136618712376,-0.1462366494744006,0.45855379188712525,-0.27737600292165193,1.3449130032479588
Data Governance,100,1.1682404548987682,-1.102469009986228,183,1.453272310083804,0.654264819645661,15,1.8626945030885915,-0.050650948763401475,1.699346405228758,0.3421405865729407,1.6977715046240869
Data Infrastructure,55,1.330959661116811,-0.5668079044506791,58,0.9540999319129425,-0.4313121243122842,3,0.7716877227081309,-0.1666941660481068,0.5555555555555556,-0.3806861360087608,1.2698685220504224
Data Ingestion,52,1.7161754213395588,-0.08608878714331586,51,1.1441742722254817,-0.07941715314544368,9,3.157322730284957,0.10325105383997267,2.015503875968992,0.40206517332422465,1.9636037637224493
Data Integration,38,0.8859922483655014,-1.1305504583102857,74,1.172847950010379,-0.042660515791903074,3,0.7435081148564295,-0.17329904075177985,0.8253968253968254,-0.18500121244315354,1.0391341922205648
Data Integrity,28,0.46528479699211406,-1.9648729028988225,89,1.0053435718997064,-0.41041716143098667,1,0.17663589515441366,-0.2880835483962229,0.35665294924554186,-0.35712840147973374,0.4677710797586817
Data Interpretation,4,0.5228565941452441,-0.668739223491625,4,0.35542359668329004,-0.6487151174026621,0,0.0,-0.11169432676738861,0.0,-0.19513699823055086,0.1858355712406779
Data Lakes,53,1.1905777182651007,-0.765622051461482,78,1.1910778581680213,-0.009888196195454151,5,1.1939056783441087,-0.12015161062898237,1.0030864197530862,-0.11931166157680419,1.418070758653766
Data Management,64,0.5895918975045149,-2.3943643373676724,207,1.2963000739743356,0.28733334031209884,14,1.370937641303901,-0.15337599191787185,2.696296296296296,0.7966694930266434,0.7642880203497715
Data Manipulation,17,0.74857253763898,-0.9469604259557197,40,1.1973155644238151,0.0011394287738424947,1,0.46806169564790256,-0.15064968475607354,0.6018518518518519,-0.19619492133190755,0.8962775504153829
Data Mapping,0,0.0,-1.0896375997097167,35,2.3509789988946785,0.9956101253154849,0,0.0,-0.12847624509277503,,0.0,0.0
Data Migration,6,0.3434626937402379,-1.1549027957792153,24,0.9339061402505758,-0.3036247265650035,0,0.0,-0.168843009449069,0.0,-0.2390033401146745,0.3207619186310112
Data Mining,43,1.0420875403748824,-0.9180264508373623,97,1.597979302022427,0.7075845884203291,8,2.060838064341714,-0.011263302353612628,2.201058201058201,0.446117386015684,1.6652343204145224
Data Modeling,162,1.1182174187052236,-1.5519311746569855,223,1.0463567236660556,-0.5013870138765372,8,0.5869746669746669,-0.3552093856972203,0.5002405002405003,-0.7117389280919386,1.1700543145827116
Data Pipelines,269,1.9034899643844811,0.23179716649681606,210,1.0101393141030843,-0.6149239578491136,24,1.8052098133939567,-0.07806730231304725,0.9433106575963719,-0.34497400347222823,1.9227900470254442
Data Platforms,82,1.397594602522734,-0.5793588420930642,103,1.1933511468722064,-0.006550002089476926,5,0.9058483534869571,-0.1794462443553769,0.6253006253006252,-0.4145336865550721,1.66782112178291
Data Preparation,30,2.5671180717698197,0.487173087396098,14,0.8143597356996001,-0.36195156761762737,1,0.9095838106147385,-0.07970940871074961,0.3320561941251597,-0.3808073478371518,2.090557594436137
Data Preprocessing,17,3.0022536881903776,0.5290214064237225,8,0.9603999314633581,-0.15529413927835486,3,5.631678486997636,0.15426161657165205,2.0634920634920637,0.24293301974211134,2.883364236373653
Data Privacy,58,2.111492144996638,0.3050078456601621,46,1.13836877841216,-0.08401189051160655,2,0.7739441195581547,-0.1356161653763233,0.34391534391534395,-0.5223340201560062,2.4036567337266943
Data Processing,89,1.4686501201848146,-0.48444371206095566,93,1.0432177187938216,-0.3300575530974079,10,1.7540681834916427,-0.05843747513954079,1.2189404594467885,-0.0022502973021593458,1.5321218280854743
Data Quality,120,0.8901177943223324,-2.0018117276676066,246,1.2404092948591763,0.14122505433366098,10,0.7884685400324364,-0.2984423366114039,0.8754208754208753,-0.2868703012315191,1.1041103855969696
Data Querying Languages,11,1.0678810848258857,-0.44246041575290895,27,1.7817946096885986,0.5134332403431281,4,4.127701970976824,0.11825804172142673,5.502645502645503,0.8253972975845403,1.9027447607311763
Data Reporting,3,0.1729239256678281,-1.2877880404834747,37,1.4497703826517185,0.2898120601725739,0,0.0,-0.16825904871569955,0.0,-0.16898995550397125,0.25069998588508446
Data Science,408,1.9868243826804024,0.5044562038941396,392,1.2976245480552149,0.4018712857050759,54,2.7951892050454683,0.17290189629382943,1.4689265536723164,0.36471916054517933,2.5781520916407383
Data Security,51,1.2866801520815903,-0.6077864342735989,68,1.1661999167769348,-0.0525620055772434,3,0.8045254981425194,-0.15936510388255037,0.6018518518518519,-0.34006128143973885,1.5005262862760844
Data Storytelling,7,0.628134475939354,-0.7399182476141367,17,1.0369723584313826,-0.14705656834406386,0,0.0,-0.1348249306173456,0.0,-0.25815867646792695,0.6513580889268925
Data Strategy,35,1.1955234367158485,-0.6154755849157975,50,1.1609772834047793,-0.052956149516997834,1,0.36308489559518364,-0.18175593813430552,0.2832244008714597,-0.43534646189706705,1.3879755518051113
Data Structures,87,1.4370752509230849,-0.5305516869037344,87,0.9768844078989232,-0.4731467113798124,9,1.5802321724709785,-0.08378130500971505,1.1111111111111112,-0.07701505537916063,1.4038564056041942
Data Transformation,23,0.7744747015711246,-1.0562044323819175,54,1.2360522444492914,0.05948782820718721,2,0.7158590639320862,-0.14696381345032358,0.9171075837742505,-0.109977123026898,0.9572911931461837
Data Trend Analysis,5,0.5187717770034843,-0.7530946262207792,29,2.0453517290383707,0.7175327870642514,0,0.0,-0.12537778335280564,0.0,-0.21817449872396172,1.0610707510703847
Data Validation,178,1.2337887439715436,-1.2846021365734073,261,1.2297730646410243,0.11080256111981081,27,1.9893110647181629,-0.037295570115639366,1.7218543046357617,0.4780909720489201,1.5172801647934853
Data Visualization,115,0.6236785819577988,-3.039936442565091,322,1.1870869456686102,-0.03526177880937743,16,0.9223613682287319,-0.3153504186116364,1.5563037785260008,0.2592534746941902,0.7403607029352134
Data Warehouse Architecture,3,0.7114584370333499,-0.4223287328570249,1,0.16120998849563511,-0.5943856511917274,0,0.0,-0.08291328916591752,0.0,-0.16898995550397125,0.11469420644926888
Data Warehouses/Sql,30,0.6897796480932756,-1.385580653943452,68,1.062824854901971,-0.2436159050851982,2,0.48880681235251877,-0.2060679792031546,0.6878306878306879,-0.22331134265137328,0.7331149543990683
Data Warehousing,72,1.0198380326075325,-1.2376390743625554,101,0.9724868759932936,-0.5214040195765657,6,0.9033750474023512,-0.19731860867782705,0.8754208754208754,-0.2219884985412781,0.991779102349646
Data-Driven Analysis,128,0.679964543554007,-2.9233899716991876,218,0.7872206158218854,-1.5664132233368133,13,0.7340705185185186,-0.36743941518600176,1.0885668276972624,-0.1126335645435951,0.5352821067136326
Data-Driven Decision Making,34,0.8436826507919148,-1.1469867514714818,66,1.1132887097904847,-0.1458204522811152,2,0.5275314178154238,-0.1937191835505136,0.6018518518518519,-0.27756016101716413,0.9392623697727469
Data-Driven Insights,37,0.8157048923932609,-1.253040661719711,81,1.2138919452460175,0.032410511231240606,9,2.109074811863657,-0.005724721357586104,3.0952380952380953,0.7520939784746884,0.9901775985739489
Database Design,13,0.7290846595724645,-0.8546561450519357,19,0.7243556915513335,-0.5532336901387791,2,1.1922922922922923,-0.07609572150950773,1.7508417508417509,0.13601116170221036,0.5281166227840811
Database Technologies,42,1.177752142386289,-0.6995496227539099,77,1.4677733749855968,0.44522567598260077,7,2.0865115115115116,-0.0075974511750201675,1.9259259259259258,0.32220142274926555,1.7286732369268405
Databricks,121,1.7558429375502544,-0.06820541215389016,150,1.479637132171476,0.6466651193628653,21,3.239199689199689,0.16865109055290117,2.022222222222222,0.6191040176916203,2.598010408660399
Dataops,7,0.960370892965128,-0.4272715793217443,13,1.2124056986035368,0.01186889487441112,1,1.4583409856137128,-0.03517733093264713,1.6049382716049383,0.07289671076646434,1.1643591434038885
Dbt,61,1.6280426185061114,-0.19702360208852146,54,0.9797005731728307,-0.3671309600216237,2,0.5673931165892581,-0.18218830450499118,0.32642812303829255,-0.5470101135443944,1.5949942865002333
Debugging,137,2.197386927906546,0.5863529754365167,68,0.7414101886369305,-0.9984872855598267,12,2.0459044551798176,-0.016066151397689736,0.9244444444444444,-0.2624476038277672,1.6291650567275175
Decision Making,58,0.943961194233791,-1.267444759354188,222,2.4560815894334995,2.6777768258412173,13,2.2489905591866375,0.013888156682277296,2.781893004115226,0.7984366724182773,2.3184457102972735
Deep Learning,181,2.7667828106852497,1.4526340843163803,76,0.7897211222806434,-0.9136813226358367,16,2.5997680922174475,0.06748935190935225,0.9337822671156005,-0.2922919534725454,2.1849868263611483
Demand Planning,7,1.1282026995027232,-0.31485962861868017,0,0.0,-0.8352270460337904,0,0.0,-0.10058311332169223,0.0,-0.25815867646792695,0.0
Design And Architecture,615,2.251252165695385,1.4038394159390057,401,0.9978311746576576,-0.915996739733239,57,2.217900281759157,0.019807895080404456,0.9836718438868977,-0.44816363417836214,2.246369592946422
Design Patterns,81,2.518083232196688,0.7575604262271157,54,1.1411493567668551,-0.08657251685562253,13,4.295824663614925,0.2269309596299135,1.8409586056644882,0.3957486729371771,2.873509060706654
Designing And Architecting,102,3.513010539708243,1.6997581590938877,46,1.0769629936845333,-0.1778594198148441,16,5.857568772091595,0.37224946666845643,1.7915590008613262,0.4100349250869924,3.7833823476895074
Detail-Oriented,23,0.459465737514518,-1.7993316830843726,86,1.1678509395231327,-0.055864829430954645,1,0.2123456790123457,-0.25789856389712895,0.4377104377104377,-0.291758890580281,0.536587493235019
Developing Strategic Insights,8,0.5824805917232104,-0.8538822317194494,35,1.7323003149750262,0.5431858909695657,1,0.7739441195581547,-0.09584718260208011,1.3756613756613758,0.03169529661253675,1.0090313125089572
Devops,212,2.0665576836122357,0.5061198331096586,199,1.3186465882232514,0.34165903292560096,26,2.694034492507775,0.10253467219091786,1.3460772600557547,0.13250116462533743,2.72505923886182
Devsecops,16,1.3482799483542334,-0.29215922557466545,18,1.0310892665203057,-0.15736645462303886,4,3.5829291220154165,0.0919400230862998,3.2098765432098766,0.5212915520634787,1.3901969830126022
Digital Accessibility,14,3.2733768464445205,0.5619062825448224,0,0.0,-0.6934034981396484,0,0.0,-0.0835036093682102,0.0,-0.36514659423289597,0.0
Digital Marketing,22,1.0678810848258857,-0.6259643253033705,24,0.7919087154171549,-0.5091398946059204,0,0.0,-0.18337770960542119,0.0,-0.4578144340832787,0.845664338102745
Digital Transformation,54,1.7751240211129127,-0.025331077998379383,44,0.9832213159733785,-0.32533178763319925,2,0.6988485515218189,-0.15050680782532821,0.37037037037037035,-0.48791820013401993,1.7453397760545932
Dimensional Modeling,6,0.493090005864698,-0.863440112023615,24,1.3407563399636981,0.13845412741736823,0,0.0,-0.14088870377671844,0.0,-0.2390033401146745,0.661113551535831
Disaster Recovery,11,1.1272078117606574,-0.3955108431758967,19,1.3235141030814488,0.10919286318609582,1,1.089254686785551,-0.06231163291889742,0.9629629629629629,-0.064418964936233,1.4918754359688091
Distributed Systems,214,3.3357268816148924,2.2721219454685957,104,1.101980015256548,-0.20921899034694574,22,3.6451677969048863,0.22349930341906174,1.103395061728395,-0.12957906412928902,3.6759043598936563
Distributed Training,12,2.0750871080139373,0.12355431878145214,3,0.35264684983420186,-0.56585830282479,0,0.0,-0.0971036222466779,0.0,-0.3380454816018256,0.7317729317726791
Docker,215,2.894687612152451,1.7509496412801737,104,0.9518318866571157,-0.584371532815464,23,3.2916163527680156,0.18357620852455636,1.1535493827160492,-0.07480131669701379,2.7552559711580487
Documentation Skills,8,0.6177003484320558,-0.8048949425451143,16,0.839791567977262,-0.35556437174839833,0,0.0,-0.14535570009827947,0.0,-0.2759891826181689,0.5187395441498571
Drafting,10,1.0375435540069686,-0.4458559180685771,17,1.1989992894362862,0.0021824071610833215,0,0.0,-0.12537778335280564,0.0,-0.3085785892196981,1.2440139840135545
Dynamodb,24,2.385728890650754,0.34576012282869,10,0.6757304907002669,-0.4585372107815811,0,0.0,-0.1280930244743914,0.0,-0.4781922019292715,1.6121097539572373
E-Commerce,22,1.103369580092003,-0.5857364351785991,1,0.03409274681176573,-1.454604669491094,0,0.0,-0.18040020896988046,0.0,-0.4578144340832787,0.037616899733880924
Economics,48,0.5394945494091753,-2.25697353925958,218,1.6655818716610642,1.214940165590842,8,0.9557712079039093,-0.2123655095232987,1.9259259259259258,0.34448848860798365,0.8985723413558767
Edge Computing,5,1.6939486596032143,-0.0339974052261929,0,0.0,-0.5760164690916543,0,0.0,-0.0693670495820258,0.0,-0.21817449872396172,0.0
Eks,25,2.71253216733848,0.5138412060400533,23,1.6963926893985133,0.4152919133388848,4,4.613313967562334,0.13932032368698533,1.834215167548501,0.21731224837307794,4.601519738431302
Elasticsearch,31,3.477172991807138,0.921789657886171,14,1.0674715454440704,-0.10632174156744081,5,5.961461461461461,0.2118814164395233,1.8518518518518516,0.2487267544639979,3.7117832273407476
Electrical Engineering,28,1.2665381803681797,-0.4715278942940768,20,0.6149699833620959,-0.7600477142562667,2,0.9616308406499142,-0.10508416838375226,0.7407407407407407,-0.19370278813452013,0.7788829637084786
Electrical Systems,0,0.0,-0.5248589696855587,1,0.289351261402422,-0.3880190009990526,0,0.0,-0.061883944923578196,,0.0,0.0
Embedded Systems,6,0.7064126325153829,-0.6022920277241782,0,0.0,-0.9773047990255125,0,0.0,-0.1176933993613825,0.0,-0.2390033401146745,0.0
Emerging Technologies,86,1.7779077587964993,-0.028334809942660653,111,1.5599023793413263,0.6940191340300182,16,3.5160001844933357,0.17717321443877102,2.201058201058201,0.6314334590965445,2.7733625431960642
Emr,19,1.2979968741486356,-0.36083966722579097,19,0.8823427353876324,-0.3327295899947233,1,0.7261697911903673,-0.10238208161076115,0.5349794238683128,-0.23079353168935038,1.1452781124609037
Encryption,20,1.7474417751696314,-0.033059693166529555,22,1.3066493804383057,0.10258929371064576,1,0.9287329434697856,-0.077667883694822,0.50682261208577,-0.24695312280885492,2.283293712877412
Engineering Best Practices,123,2.722514285714286,1.1515422413664271,108,1.624996684036002,0.790024475114324,25,5.881975308641976,0.46767397514773196,2.456538170823885,0.9387571220097725,4.424076686526359
Engineering Collaboration,22,2.6274484245356327,0.44447352051373024,12,0.9742186355131905,-0.17776932293402783,2,2.538982147615241,0.020806920739049974,0.9629629629629629,-0.09112276296192501,2.5597092190323862
Engineering Degree,3,0.43686044379240785,-0.6768011230767483,1,0.09898858942714436,-0.8048962738731859,0,0.0,-0.1058203841674473,0.0,-0.16898995550397125,0.043244199107526735
Engineering Or Computer Science,0,0.0,-0.3941905679383778,5,2.5647043624305588,0.42552979177614464,0,0.0,-0.04647729950598778,,0.0,0.0
Enterprise Architecture,35,1.9563110782622979,0.12380279976307267,34,1.2918510862613184,0.11108948166971523,8,4.753111360518768,0.20518406056247898,2.853223593964335,0.6456977688233583,2.5272625915182005
Enterprise Cloud Transformation Initiatives,0,0.0,-0.14555873359058863,0,0.0,-0.14251339524992668,0,0.0,-0.017162167368150783,,0.0,0.0
Enterprise Security Solutions,0,0.0,-0.2058524259172998,0,0.0,-0.20154564146747234,0,0.0,-0.024271129036879557,,0.0,0.0
Entrepreneurial Mindset,15,2.736378603974423,0.40648223620514934,2,0.2480153669163617,-0.6201475220337442,1,1.9391127391127392,-0.009432114519962032,0.6878306878306879,-0.15785565957036415,0.6786639434867981
Entrepreneurial Spirit,66,1.492705712576783,-0.38341201062403246,83,1.2760627154763486,0.1459117583631512,5,1.2020385508123927,-0.11872837794797529,0.7893139040680024,-0.26675852061299576,1.9047861049977879
Equipment Maintenance,0,0.0,-0.2223464971456363,0,0.0,-0.21769462902736822,0,0.0,-0.02621587293796672,,0.0,0.0
Erp Systems,85,2.6276708257904606,0.8746419993595314,22,0.46231542324632785,-1.1636708491051195,5,1.6430098627491552,-0.05448749138266557,0.6018518518518517,-0.439329716552173,1.2148127499773447
Ethical Ai Practices,83,5.964752552905863,2.791496922399491,29,1.4166938382949754,0.22574089616455686,7,5.347250280583614,0.22217080318084012,0.8869395711500975,-0.23030793253455964,8.450228188655961
Etl,102,0.8856020293615967,-1.8582394560064588,171,1.0092487250485107,-0.5572684610855712,12,1.107484890748489,-0.2112134852485319,1.2839506172839505,0.045900993130317376,0.8937927190335653
Etl Pipelines,24,0.9554357907402301,-0.7984037690757094,30,0.8118488629276588,-0.5344259742105235,3,1.2694910738076206,-0.08308894174294104,1.3756613756613758,0.05491556917753893,0.7756694603128443
Etl Processes,29,0.9706052602000674,-0.8551282813254077,50,1.1375704833361349,-0.08883230325564832,6,2.134587813620072,-0.0020326354970353782,2.5120772946859904,0.4739454363764412,1.1041318949743857
Event-Driven Architectures,41,4.693990147783251,1.555663731164427,11,0.8560806285630278,-0.27855726973409245,7,8.518722860791826,0.3497516606791895,1.9825708061002179,0.342794363972054,4.018434036182946
Excellent Communication,157,1.2293912300308987,-1.2173181721863406,213,1.133792890787698,-0.19614625553305345,21,1.7479454926624738,-0.0863416703010058,1.4869281045751634,0.2412550390771431,1.3938750366057764
Executive Communication,14,1.6600696864111497,-0.07592468031745023,17,1.3702849022128982,0.13877216243165283,1,1.2604232804232804,-0.04860782564297477,0.7407407407407407,-0.1369287420139617,2.274768427910499
Financial Services,79,1.001110726919701,-1.3405384290393947,502,4.324365645600472,7.342930305420263,36,4.849262086513995,0.4478341582101849,8.062015503875967,3.1402829929969216,4.329168834933671
Experimental Design,51,2.22798826334128,0.381952770017056,20,0.5939315365628662,-0.8016347271187987,5,2.321832358674464,0.014986051658108521,1.0466988727858293,-0.09347698210817956,1.3232724926903183
Experimentation,245,3.1675784514854497,2.2264561305498556,137,1.2040527956955924,0.01847444188484807,30,4.122879889235029,0.3240598683700372,1.3436692506459949,0.13978718201422113,3.813931690096171
Feature Delivery Trade-Offs,5,1.077967328838409,-0.29272771855749447,5,0.7327726749801596,-0.27697338636318775,0,0.0,-0.08696152231416321,0.0,-0.21817449872396172,0.7899050030941384
Feature Engineering,68,2.808078076516373,0.919745217659327,47,1.3193553784841778,0.16647700979370655,12,5.267440574903262,0.2858890962200955,2.0634920634920637,0.4863511158805666,3.7048529134553814
Finance,155,0.7804391913670858,-2.7317392287900506,534,1.82773107975943,2.447056157954636,31,1.6591559105359528,-0.13154514808663823,2.4074074074074074,1.015403143050459,1.42643296592394
Financial Analysis,3,0.1391119848947891,-1.4663166334101752,58,1.828247355565024,0.8016560251592059,0,0.0,-0.1876247848396966,0.0,-0.16898995550397125,0.25433111851129975
Financial Management,3,0.32130381027312577,-0.8571153849626718,10,0.7280451093351263,-0.3970693376498813,0,0.0,-0.12340185729521426,0.0,-0.16898995550397125,0.23392366768009054
Financial Modeling,8,0.4992690786198947,-0.9862156366662247,35,1.4848288414071655,0.3168950032521002,2,1.3267613478139795,-0.06204297359818089,3.2098765432098766,0.3685537146822724,0.7413291275576013
Financial Planning Model Design,12,0.6244776249822507,-0.9749579747613759,52,1.8395120944329522,0.7700320547795699,2,1.1063276442586787,-0.08606614622737382,1.9259259259259258,0.1721222791942523,1.1487341438576155
Forecasting,110,1.1564766656442462,-1.1843358539767934,164,1.1720650208549024,-0.06576352555944717,19,2.123322309009453,-0.005697245339548244,2.0105820105820107,0.581982926709731,1.3554658472365315
Financial Reporting,5,0.24128919860627177,-1.34756337129727,54,1.771435338702037,0.7157210955031089,0,0.0,-0.18391392486009867,0.0,-0.21817449872396172,0.4274282132582441
Firehose,2,1.0375435540069686,-0.19933785925726438,0,0.0,-0.4654750433975408,0,0.0,-0.05605495779376357,0.0,-0.13797674717936728,0.0
Firmware Development,7,0.960370892965128,-0.4272715793217443,0,0.0,-0.9053051309061438,0,0.0,-0.10902252625158142,0.0,-0.25815867646792695,0.0
Apache Flink,20,2.321775785190419,0.28520029445326184,20,1.5782796076495746,0.3071491691773754,2,2.467961667961668,0.017207671770751522,1.0699588477366255,-0.05067103753103639,3.6644113753006176
Flow Cytometry,0,0.0,-0.34650923200304073,0,0.0,-0.33925967511743305,0,0.0,-0.04085538043578617,,0.0,0.0
Foundation Models,49,4.026901714561701,1.4223510137396531,3,0.16759454249546227,-1.0036681716333844,2,1.7471213788045472,-0.02659337023652333,0.40977147360126087,-0.44207733562616447,0.6748867505261609
Full-Stack Development,40,2.7214257154281145,0.6553001225206663,28,1.2949654813583804,0.10396099438783477,9,6.508743169398907,0.3110707378483328,2.7956989247311825,0.6681800804947466,3.5241523615604433
Functional Specifications,14,0.3760675665009077,-1.6488158653873322,63,1.150381956740697,-0.07758787627644691,1,0.28553278197291143,-0.21390836416587405,0.7407407407407407,-0.1369287420139617,0.4326213430180264
Gans,8,3.7944449975111993,0.5312624405510363,3,0.9672599309738107,-0.09198531742168684,2,10.083386243386244,0.2137107895478625,3.2098765432098766,0.3685537146822724,3.670214606376604
Gap Analysis,2,0.18864428254672158,-0.9965975202551909,18,1.1541169630937513,-0.03800925476475659,0,0.0,-0.1315019299703685,0.0,-0.13797674717936728,0.21771756647782187
Gcp,352,2.9905042457355413,2.3988065160941177,179,1.0337569886644362,-0.489477326392044,29,2.618893817051443,0.09459555747060364,0.8645797500286665,-0.5094813182622513,3.091454663659784
Gdpr,28,1.4171326591314695,-0.31935769677369447,39,1.3417782579057436,0.17772419785901541,3,1.6139566395663958,-0.0449836203771851,1.1555555555555554,-0.026101831826554237,1.901477790590757
Generative Ai,601,5.0516550963701325,6.456659124605366,227,1.297026185921844,0.3031105547496271,70,6.254252226910455,0.8367076326612319,1.2694427007044708,0.08620433800710293,6.552128942237598
Genai Technologies,5,3.458478513356562,0.36702439117167424,0,0.0,-0.4031064646248197,0,0.0,-0.04854416838291087,0.0,-0.21817449872396172,0.0
Genai/Ml Applications,0,,0.0,0,,0.0,0,,0.0,,0.0,
Genai/Ml Solutions,0,0.0,-0.14555873359058863,0,0.0,-0.14251339524992668,0,0.0,-0.017162167368150783,,0.0,0.0
Github Actions,63,3.497805693776001,1.3265059764111833,36,1.3586928796287643,0.1893771985290631,9,5.311482720178373,0.2499793377788428,1.6049382716049383,0.21893465347704794,4.752443690458403
Gitlab,20,1.3833914053426248,-0.29731457234062564,17,0.7993328596241907,-0.418546591350714,1,0.735246913580247,-0.10109996754246046,0.50682261208577,-0.24695312280885492,1.105790208012048
Go-To-Market Strategies,13,1.5305607037833298,-0.14707650327030647,11,0.8803666038414115,-0.25499843298736075,2,2.5029682164433935,0.018994126516814598,1.7508417508417509,0.13601116170221036,1.3474545287628508
Golang,21,2.192544868844915,0.2265903603307701,32,2.271134429120897,0.9026045285526936,7,7.768646634055439,0.323321311095584,4.814814814814815,0.9910271704633995,4.979564139026048
Google Ads,3,0.5472757207948845,-0.5550784318676929,3,0.3720230503745426,-0.5381216221046151,0,0.0,-0.09454003572240584,0.0,-0.16898995550397125,0.2035991830460394
Gpu,56,3.0380360274190976,0.9830184114950669,19,0.7006839369254729,-0.5909170980927235,5,2.8833212297264583,0.058519283347527734,0.944081336238199,-0.15626909756843055,2.128703044213437
GPU Computing,18,3.6001511271567104,0.7399114235065893,6,0.815761387568274,-0.23581937059301014,1,2.1260151717983042,-0.0011892824367673465,0.5664488017429194,-0.21390431618718572,2.9368642789448436
Grant Proposal Preparation,0,0.0,-0.36632703025537344,0,0.0,-0.3586628532317674,0,0.0,-0.043192018220255965,,0.0,0.0
Graph Databases,27,5.746395068346288,1.5397534907813286,6,0.868053784207266,-0.19705541215578537,1,2.262298195631529,0.004372002381333128,0.37037037037037035,-0.3448132187295644,4.988179984627966
Graphql,49,3.765898825654923,1.3018023152274227,13,0.679171710791796,-0.5180698164855543,3,2.4508230452674895,0.019995981072380868,0.6280193236714976,-0.3187069961903084,2.5576919480888693
Growth Mindset,42,2.234709193245779,0.3514492429600362,13,0.4701957997789357,-0.876952854557244,1,0.5655745489078823,-0.1290938631287085,0.23486901535682025,-0.5031598538618899,1.0507508763915392
Grpc,18,3.6001511271567104,0.7399114235065893,10,1.3596023126137902,0.10028715473838488,4,8.504060687193217,0.26397260926996047,2.7513227513227516,0.4365091272905437,4.894773798241407
Hadoop,32,1.01185199933632,-0.8357226675967931,75,1.6120998849563513,0.6408850359420275,4,1.3444514991181657,-0.08534704871089582,1.3756613756613758,0.06342126427545818,1.6312064917229354
Hardware Engineering,6,1.260812420059101,-0.22099386521664668,0,0.0,-0.7314382540357695,0,0.0,-0.08808403808451451,0.0,-0.2390033401146745,0.0
Healthcare Experience,9,1.2146851363984024,-0.2995198802037426,5,0.45872760954042513,-0.559179044797989,1,1.4346281240590184,-0.03667601175284366,1.2037037037037037,-0.004088384612286688,0.5572096089643244
Healthcare Knowledge,0,0.0,-0.3565558034203691,0,0.0,-0.34909605610832606,0,0.0,-0.04203993155197594,,0.0,0.0
High-Performance Computing,17,1.5421412387425983,-0.1603416042772901,3,0.1849950687654829,-0.9388766775350175,1,0.9642582473183566,-0.07401091697891674,0.6018518518518519,-0.19619492133190755,0.285288524507274
Hipaa,40,1.526500861067724,-0.26240838382084086,22,0.5707204190420185,-0.8911266369047854,0,0.0,-0.20685522416613797,0.0,-0.6175565299764384,0.8712052110965736
Apache Hive,14,1.1227524449157535,-0.45010609202112856,48,2.6167418422479902,1.3544930933655843,3,2.557380568974772,0.026609746023601385,2.6262626262626263,0.35599559334950404,2.9379533010972843
Html,37,1.2162886811329217,-0.6057302286897266,46,1.0279131939721684,-0.25697995591960876,3,1.0482728272827282,-0.11433950847148029,0.8496732026143792,-0.17111048169575255,1.2502391830155377
Hugging Face,93,6.379606646125493,3.1292394277647726,22,1.0258817449722235,-0.179939935318441,8,5.833363942454851,0.26190773758980496,0.906318082788671,-0.22945701956142983,6.544721998363616
Human-Centered Design,0,0.0,-0.4285339095602422,2,0.8680537842072661,-0.11375715423603952,0,0.0,-0.0505265933308366,,0.0,0.0
Human-Robotic Interaction,1,3.3201393728223,0.15375268155510327,0,0.0,-0.18398477204286293,0,0.0,-0.022156359677327864,0.0,-0.09756219094336348,0.0
Hybrid Cloud Integrations,11,1.4608613240418118,-0.17446086958718382,14,1.2638863098057793,0.05094499571003689,2,2.823348148148148,0.034312598036502426,2.139917695473251,0.21217768235957468,1.8463626279811902
Iam,25,1.4769303259885673,-0.24921443095324777,24,0.9638177248137616,-0.264707355072974,1,0.627968894161065,-0.11768690494716605,0.4012345679012346,-0.3191065312293727,1.4234916265027482
Iam Roles And Permissions,1,0.40489504546613414,-0.4154659450426866,5,1.3761828286212756,0.07762269846828572,0,0.0,-0.06345115250079518,0.0,-0.09756219094336348,0.5572096089643245
Iat Level Ii Certification,0,0.0,-0.2521182837670278,0,0.0,-0.24684354016467847,0,0.0,-0.029726135774519765,,0.0,0.0
Identity Management,11,1.3043404678944748,-0.2703489416216627,16,1.289679907965081,0.07451156381369652,2,2.520846560846561,0.0198971779511428,2.139917695473251,0.21217768235957468,1.682181694589277
Immunology,9,2.019003672662209,0.08643210435591088,0,0.0,-0.707905750492663,0,0.0,-0.08525007744317868,0.0,-0.29273704365076236,0.0
Implementing Security Policies In Code,0,0.0,-0.14555873359058863,0,0.0,-0.14251339524992668,0,0.0,-0.017162167368150783,,0.0,0.0
Incident Management,8,0.9159005166406343,-0.4927495015574689,27,2.1012888155637954,0.7274725748212507,3,3.65088122605364,0.08261534360732783,5.777777777777778,0.7390567754552021,1.924571511786067
Independent Research,5,1.3387658761380241,-0.1673222932996595,5,0.910056386668908,-0.15311840229302517,1,2.8461170848267625,0.024983999625073333,2.4074074074074074,0.18184451427038043,1.2183524358338051
Independent Work,47,0.5494596849389017,-2.195020414056486,110,0.8741668390256271,-0.8274738726330786,1,0.12426708398539385,-0.3529000452036781,0.20933977455716588,-0.5470263594095246,0.4803194359550567
Industry Knowledge,15,0.9256894162143959,-0.6638283526047777,60,2.5170332776270166,1.4379347793483246,0,0.0,-0.16260738840392466,0.0,-0.3779707812208511,2.3299910653587603
Industry Standards,14,0.6855745017627167,-0.952286935277814,52,1.7309863071507723,0.6608929850261465,3,1.5615863651261883,-0.050166472367847006,2.6262626262626263,0.35599559334950404,1.1867200750829756
Industry Trends,59,1.3952152635079464,-0.49448345041632924,72,1.157405045609688,-0.07009183981816978,5,1.256832330906405,-0.10941807519092196,0.8916323731138546,-0.19130551331384607,1.6148291856957477
Inference Engines,2,1.5810187489629997,-0.046082282022668876,2,1.0747332566375674,-0.0377805312299699,0,0.0,-0.04540861372215307,0.0,-0.13797674717936728,1.6991734288780571
Influencing Skills,6,0.9960418118466899,-0.3717753613638135,14,1.5798578872572242,0.2578821299366406,0,0.0,-0.09910683629852943,0.0,-0.2390033401146745,1.5736045124839693
Informatica,11,1.0375435540069686,-0.4676337510773892,23,1.4747050083975712,0.24870607021374674,0,0.0,-0.1315019299703685,0.0,-0.3236469310842427,1.5300706755246927
Information Retrieval,81,4.4378100527822815,2.055652823735806,15,0.5586484749848741,-0.7579945873908193,4,2.329495171739396,0.013992023110183778,0.5002405002405003,-0.5024177437827776,2.4791758182593653
Information Security,17,1.0262248970541654,-0.593414830084173,59,2.421080918134447,1.350119005227079,7,4.4916902356902355,0.17761148399882967,6.7407407407407405,1.2466751801972782,2.4845735159723272
Infrastructure Architecture,27,2.175819491898109,0.24700141988081975,20,1.0956018635625688,-0.09805173361117078,6,5.139590075512406,0.19618617311511435,2.7513227513227516,0.5347038214890867,2.38383189009933
Infrastructure As Code (Iac),39,1.7984088269454124,-0.0010829838470556023,51,1.5986657192483813,0.5134593686259267,9,4.411481481481482,0.1962929674338632,2.888888888888889,0.6951462367388362,2.8750545408313255
Infrastructure Management,16,1.8318010332812686,0.017767732833761624,13,1.0117316519381236,-0.15083822073142109,1,1.2169604086845467,-0.051875775989746485,0.6419753086419753,-0.17755632482167188,1.8532910854236198
Infrastructure Security,8,3.494883550339263,0.4718120891429667,3,0.8908973048442993,-0.12792102687542323,0,0.0,-0.06108527539793401,0.0,-0.2759891826181689,3.1135823357419254
Infrastructure-As-Code,31,2.5350817871303275,0.47770127444521576,26,1.4453309313401768,0.23902054496622213,8,6.95405947819741,0.31259245444815414,3.349436392914654,0.770786377150236,3.664032120416596
Innovative Solutions,84,1.4663076094483343,-0.47430192827851003,126,1.4951336472465842,0.621458223700668,9,1.669961444093936,-0.06875009234683913,1.1555555555555554,-0.04526131191755392,2.192325844099908
Interdisciplinary Teamwork,0,0.0,-0.2223464971456363,0,0.0,-0.21769462902736822,0,0.0,-0.02621587293796672,,0.0,0.0
Interpersonal Communication,0,0.0,-0.9014221745461896,19,1.864428562601693,0.4798627941353864,0,0.0,-0.10628372769693457,,0.0,0.0
Interpersonal Skills,34,0.5145156730900556,-1.982511958269349,121,1.2447115793600996,0.10827097619973419,2,0.3217124143286404,-0.2797618100872149,0.6018518518518519,-0.27756016101716413,0.6404236160574478
Inventory Management,6,0.603661704149509,-0.7135133357291847,5,0.34196058165740784,-0.7514649273397322,0,0.0,-0.12732313313215482,0.0,-0.2390033401146745,0.20642850747526817
Issue Resolution,6,0.31029339932918687,-1.2432152189464882,39,1.371038219916149,0.21112434586735232,1,0.5497173185646705,-0.1322539574399978,1.9259259259259258,0.12169446896229406,0.42542410986801915
Java,174,1.7081734206714372,-0.17344335690121554,214,1.428105042971386,0.64439729122893,27,2.817504435245417,0.12553465541497463,1.7687074829931975,0.5154994852058771,2.4394510763305624
Javascript,116,1.693650691501261,-0.1646225688414397,84,0.8336980935394321,-0.8333801831463893,13,2.017564090035506,-0.021241107260524635,1.2153901474289823,-0.005396954832071627,1.4119933526263422
Jax,34,4.090026763621673,1.2080263525608332,7,0.5724122779917479,-0.5002319156401522,1,1.278690284487386,-0.04727231127687864,0.29180695847362514,-0.424907238492542,2.3411815368118982
Jira,37,0.6548249296078096,-1.6303346893605877,117,1.4075797502977094,0.43680730025965914,5,0.9406143883755823,-0.17117638645271477,1.5046296296296295,0.12451284479078674,0.9217183109060758
Stress Management,1,0.9222609368950833,-0.17230445803108427,2,1.253855466077162,0.016455221813205655,0,0.0,-0.04203993155197594,0.0,-0.09756219094336348,1.1563819168753446
Kafka,91,2.5691554670648746,0.8511348996835276,99,1.8999748644128425,1.1434506803034734,19,5.701914840010079,0.39401761708149713,2.5411522633744856,0.8580582923371055,4.8813308101920985
Kibana,4,2.65611149825784,0.1949213223915372,2,0.9027759355755567,-0.09970430280854269,1,7.058370370370371,0.11202704055194496,3.2098765432098766,0.26058736268340643,2.397873542832715
Kinesis,12,1.5091542603737726,-0.1536544633912227,8,0.6839211633148157,-0.40117567774082546,2,2.6736251402918074,0.027372039685941617,1.9259259259259258,0.1721222791942523,1.0321425373763409
Knowledge Sharing,42,1.7831950595720794,-0.014949835587823163,42,1.2121671769237015,0.02102931211978308,13,5.86693189353036,0.33605000857634093,4.316730523627076,1.2392108761185432,2.161530521265779
Kotlin,12,1.5206745219033435,-0.14698429030434934,19,1.6367120969404176,0.3386756314376311,3,4.041051738761663,0.09896074321342868,3.2098765432098766,0.451417996851435,2.4889063855082885
Kpi Development,0,0.0,-0.5180852292127505,5,1.4848288414071655,0.11971429140869527,0,0.0,-0.06108527539793401,,0.0,0.0
Kpis,81,0.9235277788413677,-1.5522115289405527,141,1.0928177104752188,-0.26861991321508033,3,0.3635836385836386,-0.31517655607545,0.3703703703703704,-0.5979170031080037,1.0092475128336877
Kubeflow,21,3.4177905308464855,0.7385060706042197,12,1.327611669964054,0.0894206249694299,5,8.649963689179376,0.29932633012316556,3.009259259259259,0.5430485520698758,4.5374985942444335
Kubernetes,251,3.1235194249565112,2.1974847078983157,134,1.1335454963186335,-0.1559377226286683,34,4.49746237992115,0.3930714507823169,1.50878989588667,0.33041177481798895,3.5406513768232215
Laboratory Experience,0,0.0,-0.5574952831224836,0,0.0,-0.545831575229464,0,0.0,-0.06573198891701287,,0.0,0.0
Laboratory Procedures,0,0.0,-0.6118725412987919,0,0.0,-0.5990711846750578,0,0.0,-0.07214345146722925,,0.0,0.0
Langchain,330,9.76511580241853,8.02781882381894,57,1.1465737149689557,-0.08002867990087212,41,12.89630950023107,1.1574427412570778,1.3661412277329232,0.19230182577005409,11.196425102681069
Large Language Models,910,6.1659731209557,9.563712929870505,213,0.9810779299877224,-0.726889911170063,90,6.482176870748299,0.9845537017861886,1.056910569105691,-0.37828824931902133,6.049300145867154
software Development,229,1.6880815194855832,-0.2444671872240846,195,0.9771386958105769,-0.7093768839879072,26,2.037273863561608,-0.02565208458244476,1.2333515781791644,0.012519039889934453,1.6494897743720796
Large-Scale System Design,7,1.6139566395663956,-0.07245782639079806,4,0.626927733038581,-0.3294587822055825,0,0.0,-0.08408979066375229,0.0,-0.25815867646792695,1.0118341772659265
Leadership Skills,27,0.9829359985329177,-0.807562413720431,56,1.385840251980021,0.2729914035167809,3,1.160916179337232,-0.09756600089417115,1.2037037037037037,-0.007083879583043374,1.3621922718870922
Lean,33,1.0869503899120623,-0.7402128214535264,28,0.626927733038581,-0.8724760762133901,0,0.0,-0.22269102423724535,0.0,-0.5608388951882602,0.6814393438729709
Lean Six Sigma,7,0.5560042011903372,-0.8354913189006888,12,0.6479253126140359,-0.5406201125399439,0,0.0,-0.14331124898217018,0.0,-0.25815867646792695,0.36024919587096654
Learning Agility,42,1.6366884232222605,-0.1547584969588652,60,1.5893942527738671,0.5458246547500425,0,0.0,-0.2047001267221537,0.0,-0.6328344355432399,2.6013431734509838
Licensed Professional Engineer,0,0.0,-0.5042650248232579,0,0.0,-0.4937149717507022,0,0.0,-0.059455781126141194,,0.0,0.0
Linux,52,1.017967260535139,-1.054564129418662,50,0.6653714147815127,-1.055529180637795,2,0.4161774982529699,-0.23314450261325534,0.3851851851851852,-0.4699873436724432,0.6773263163435262
Llm Architectures,72,10.577435170053343,3.935172660027089,6,0.5991875678598827,-0.43304944544672536,5,7.80793182563094,0.2744369742626642,0.718629076838032,-0.3256455389196037,6.337867653739847
Logistics,29,0.7715067452872331,-1.1920827840847197,3,0.054253361512954124,-1.9632201607309165,0,0.0,-0.24785279126026347,0.0,-0.5257057067306278,0.04185683436175087
Looker,31,0.7868831846903004,-1.202050753554774,30,0.5176467520502045,-1.1867796725530952,0,0.0,-0.2537575174576519,0.0,-0.543554718789296,0.40732752479785517
Lstm,3,1.9920836236933799,0.04407894349181559,1,0.45138796778777834,-0.25457868745545076,0,0.0,-0.049545292707011954,0.0,-0.16898995550397125,0.8992025785622682
Machine Translation,2,1.5810187489629997,-0.046082282022668876,0,0.0,-0.3770692033188434,0,0.0,-0.04540861372215307,0.0,-0.13797674717936728,0.0
Maintenance Of Laboratory Equipment,0,0.0,-0.08403802272700123,0,0.0,-0.0822798028016999,0,0.0,-0.009908538625650453,,0.0,0.0
Manufacturing Processes,1,0.28136774345951693,-0.5431922650164683,0,0.0,-0.6320798623552439,0,0.0,-0.07611858112542456,0.0,-0.09756219094336348,0.0
Market Research,24,0.7858318042182958,-1.059146942466876,47,1.0461160989164489,-0.22961954519487185,2,0.6960917525020089,-0.15109121151071533,0.8754208754208754,-0.12803819184872622,0.8220713014333182
Marketing Strategy,4,0.29777034733832286,-1.0448279252104051,21,1.0626846775272807,-0.1353851726596762,0,0.0,-0.1480378837335901,0.0,-0.19513699823055086,0.316435985538412
Mathematics,126,1.1461303040427664,-1.2945547590901803,314,1.9415866011693477,2.1383480117533806,22,2.127180111618468,-0.005368803892339807,2.037037037037037,0.6429590588645924,2.225311241523586
Matlab,6,0.3621970224897054,-1.1099354742307745,11,0.4513879677877783,-0.8447925298732201,0,0.0,-0.1644130105701521,0.0,-0.2390033401146745,0.16349137792041235
Mentorship And Career Growth,34,1.9068368019587534,0.08460254219927198,9,0.34311585389273686,-1.0053998709192045,3,1.7884384384384384,-0.02893119793437486,0.931899641577061,-0.12713918247095266,0.6542659375381732
Metadata Management,61,1.6228245331903868,-0.20335171924871914,63,1.1393205917720366,-0.09670052533995625,5,1.4139363722697056,-0.08507779995381753,0.8597883597883598,-0.2137063111501372,1.8489174074966506
Metrics Development,11,2.200092355484656,0.16681703348632543,17,2.311323931443443,0.6760156436618242,3,6.378045515394913,0.17594048326234746,3.611111111111111,0.5080945355332859,5.08512611261746
Microservices,125,3.060600454297843,1.4908374932691522,112,1.8641391000085241,1.1661357595870683,20,5.20528788375396,0.3641097688104495,1.8342151675485008,0.48688666416354204,5.7053849763604605
Microsoft Office,10,0.11285313979681508,-3.0271272557391766,138,1.0586597477007715,-0.3591804705834884,0,0.0,-0.3812535419566958,0.0,-0.3085785892196981,0.11947307650453615
Microsoft Outlook,6,0.23217757851904194,-1.5140700866040695,33,0.868053784207266,-0.46248829673108083,0,0.0,-0.20542098582000878,0.0,-0.2390033401146745,0.201542625641534
Microsoft Word,2,0.18972224987555997,-0.9930849948050368,15,0.9672599309738106,-0.2057481995818418,0,0.0,-0.13112752598820904,0.0,-0.13797674717936728,0.18351073031883017
Migration Strategies,35,0.8036298620247614,-1.2429576335478847,59,0.9208814003969198,-0.5037616320374184,3,0.7321960965114492,-0.17603879728067204,0.9027777777777778,-0.1422046549831631,0.7400477927421457
Ml Frameworks,107,4.774931624892286,2.5607871478896964,36,1.0920676640026894,-0.13643706219334328,9,4.269175627240143,0.18698682594008859,0.8843537414965986,-0.2636854654072486,5.214548425368685
Ml Pipelines,56,3.0782749151994833,1.007900601520326,29,1.0836300551196665,-0.13286458330215142,9,5.258719646799117,0.247045419679364,1.8439716312056738,0.3304357533847155,3.3357112160311027
Ml Solutions Deployment,2,3.3201393728223,0.21744161632578068,2,2.2569398389388917,0.22333899410122196,0,0.0,-0.03133416686483088,0.0,-0.13797674717936728,7.493354821352234
Mlflow,87,5.389032190961569,2.6059140318031586,34,1.431640942610491,0.2596159229350058,11,7.2427307904919855,0.38072184772602435,1.3937621832358675,0.11690331825858391,7.715159125626499
Mlops,272,5.10213508139924,4.375609387656706,99,1.262356181101414,0.13270550193817424,32,6.380447792425193,0.5758644705590399,1.2839506172839505,0.07521523389203727,6.440711756818696
Mobile,75,1.17902676591701,-0.933318271496152,93,0.9938229404418415,-0.4475298471165093,6,1.0026094276094277,-0.17238297105662842,0.8373590982286635,-0.2520672759765632,1.1717438473632775
Model Architecture Design,7,3.14067237969677,0.3695576126746852,1,0.30499187012687723,-0.37133878538483955,0,0.0,-0.06027603139266302,0.0,-0.25815867646792695,0.9578795425395477
Model Development,105,3.2219467111491817,1.4993067181780846,77,1.606140181130265,0.6413269604775416,15,4.8925857465598686,0.29190894144004104,1.604938271604938,0.2828806425852414,5.174898074237208
Model Evaluation,82,4.861632653061224,2.2839914073912833,21,0.8463524396020842,-0.39832299449014635,5,3.1510582010582007,0.07651681921255249,0.6253006253006252,-0.4145336865550721,4.11465465636752
Optimization,389,1.6816851771196284,-0.33873603436372224,340,0.9991660745302384,-0.8359291096810662,36,1.6543055555555555,-0.14352820695310747,0.9820585457979225,-0.3572004219020392,1.6802827770183077
Model Training,110,3.828252945602232,1.9958839710092624,51,1.2065401654704764,0.014916328077855931,12,4.4392266480316795,0.2287810583448544,1.179138321995465,-0.03342648069861637,4.618940942449756
Modern Frameworks,22,3.844371905373189,0.8968544674291035,7,0.8315041511880127,-0.24181035163827327,4,7.429863547758285,0.23487850065824856,2.139917695473251,0.3001289051805328,3.1966111980283767
Modern Web Technologies,7,1.2911653116531165,-0.22253132977973653,5,0.6269277330385811,-0.36836036693653307,0,0.0,-0.09401894443451789,0.0,-0.25815867646792695,0.8094673418127414
Mongodb,29,1.240773734688746,-0.508411127566735,42,1.2215396035494,0.03343444204498654,9,4.093127147766324,0.17510320759434192,4.333333333333333,1.0341039100997966,1.5156542559661992
Troubleshooting,63,0.7349570642579228,-1.8680210309469305,105,0.8326728147877146,-0.9355507946326149,10,1.240051013768512,-0.15895078481267808,1.816911250873515,0.33582178399263357,0.6119787674437599
Multi-Agent Systems,94,13.11315550610488,5.082674870486676,8,0.7586352399794594,-0.32502790976333945,8,11.862807345160286,0.4817787964652802,0.8957795004306631,-0.23855042350043093,9.948101874261845
Multimodal Learning,34,7.73183141616152,2.1962614269431247,3,0.46375476142579963,-0.42777259456993966,1,2.417250126839168,0.010304832933690484,0.29180695847362514,-0.424907238492542,3.585673633786488
Multimodal Systems,6,3.3201393728222994,0.37663717118963447,1,0.37615663982314856,-0.30736591951293946,1,5.881975308641976,0.09338512034850004,1.9259259259259258,0.12169446896229406,1.248892470225372
Multithreading,4,2.2134262485482,0.10360487053811093,3,1.1284699194694459,-0.025201231634323685,1,5.881975308641976,0.09338512034850004,3.2098765432098766,0.26058736268340643,2.4977849404507446
Mxnet,15,4.1501742160278745,0.816839301658996,3,0.5642349597347229,-0.3341481851579182,1,2.940987654320988,0.027946249413157688,0.6878306878306879,-0.15785565957036415,2.341673381672573
Natural Language Processing,277,3.672837884471953,2.9956951862018397,116,1.0455472097320744,-0.36279358578489185,30,4.228257011004614,0.3370696936525167,1.1695906432748537,-0.06507320548133778,3.840125401907905
Natural Language Understanding,33,7.715816852333512,2.160442090222843,2,0.31787885055477344,-0.5069054906405088,2,4.970683359415753,0.10864430018179376,0.6212664277180406,-0.26454831350171615,2.452694992110927
Negotiation Skills,1,0.14068387172975846,-0.8406023198753646,18,1.721394792411019,0.3827830010688713,0,0.0,-0.10766181836543882,0.0,-0.09756219094336348,0.242172484171826
Nemo,6,5.859069481451116,0.7384364420761372,7,4.646640844874188,0.9155076410597458,1,10.37995642701525,0.15446324748233137,1.9259259259259258,0.12169446896229406,27.224991565466585
Network Security,3,0.5134236143539639,-0.5887747383615425,11,1.2797081560993715,0.055390913096433826,0,0.0,-0.09760827347761195,0.0,-0.16898995550397125,0.657032386822786
Networking,69,1.1944192738516093,-0.8670510923312598,86,1.0119751102645707,-0.38809240242121124,3,0.5520101958058162,-0.228586776822191,0.4377104377104377,-0.5058317107313096,1.2087225763581106
Neural Networks,44,3.8043263646922183,1.2508001264068616,17,0.9991660745302384,-0.18543090304343032,6,5.514351851851853,0.2130985440524887,1.52046783625731,0.1432751645233098,3.801153840041416
Next.Js,27,3.2957265833162532,0.7894253427061695,5,0.41487864686376685,-0.6233392848308228,2,2.5949891067538124,0.023577407600450698,0.7703703703703704,-0.17816022612658397,1.3673265853191927
Nlp Techniques,34,4.664658622973479,1.4070196103359107,16,1.4921916290505068,0.21909396595551156,6,8.750045913682278,0.33102094913779,2.0634920634920637,0.3436734287873403,6.96056454957929
Nlp/Nlu Ivr Chat Solutions,0,,0.0,0,,0.0,0,,0.0,,0.0,
Node.Js,77,3.036231968020393,1.1516753305373548,33,0.8845488679926772,-0.4350335030049719,5,2.095715668162224,-0.0055367865929797115,0.6687242798353908,-0.3713801361209977,2.685695550275617
Nosql,59,1.4424758688992319,-0.42927001866038633,76,1.2630885696565226,0.11747607405149911,12,3.1185730649648176,0.11537630054222207,2.458628841607565,0.650389219905401,1.8219747820119805
Object Storage,4,1.207323408299018,-0.20279291988866752,3,0.615529046983334,-0.2937492806123339,0,0.0,-0.07349236528037026,0.0,-0.19513699823055086,0.7431426269109652
Object-Oriented Design,12,1.568569782435732,-0.11982005015799577,26,2.3102533784413852,0.835512378620867,3,4.16832895888014,0.10399834386622163,3.2098765432098766,0.451417996851435,3.623793639193219
Objective-C,0,0.0,-0.2657565609548415,0,0.0,-0.26019648195726236,0,0.0,-0.03133416686483088,,0.0,0.0
Observability,270,4.3390011164667035,3.663223372418052,107,1.1688894615995227,-0.06004956385232776,25,4.270553225054677,0.3122540526439541,0.982615268329554,-0.29616100328902784,5.071812678906493
Open Source Contributions,18,4.459888709761298,0.9739811413904467,4,0.6737133847578781,-0.29150882596096217,2,5.2674405749032625,0.11662697677720771,1.2037037037037037,-0.005782906019785783,3.00468671829673
Open Source Frameworks,13,6.1659731209557,1.136314964017204,6,1.9345198619476214,0.29216112109458303,1,5.041693121693122,0.0781920823801863,0.8024691358024691,-0.11456945448406597,11.928197470723964
Open Source software,76,3.7774040768636943,1.6285282873665339,47,1.5879666531456271,0.4814602172294572,15,7.924817032601463,0.48176000825438847,2.3679417122040074,0.6878753695472478,5.998391709515888
Opensearch,18,4.459888709761298,0.9739811413904467,5,0.8421417309473477,-0.19711119977650612,3,7.901160862354893,0.21476389262623594,1.9259259259259258,0.21083076002199275,3.7558583978709126
Operating Laboratory Equipment,0,0.0,-0.5574952831224836,0,0.0,-0.545831575229464,0,0.0,-0.06573198891701287,,0.0,0.0
Operating Systems,12,0.8586567343505948,-0.6641458426301231,17,0.8268960616801972,-0.38279291982333064,0,0.0,-0.15099862001626652,0.0,-0.3380454816018256,0.7100198719696862
Operational Efficiency,88,1.641417218024508,-0.21740933932243603,129,1.6356474113658261,0.8821388246538484,11,2.1809571369121934,0.0036364560803472464,1.3756613756613758,0.10529113871788749,2.6847798236330824
Operational Excellence,93,1.8873652913965397,0.1152468691316023,77,1.0622516356863976,-0.2604759554282312,10,2.1572036584261522,0.00036202634681035267,1.1601963409192324,-0.044301723727251135,2.0048568679237087
Operational Support,12,0.729700961059846,-0.8202625758509235,32,1.3227486235539292,0.1409305691519977,0,0.0,-0.16381333739227086,0.0,-0.3380454816018256,0.9652109418478907
Operations Automation,2,2.3715281234444996,0.09766512219167686,1,0.8060499424781755,-0.09932063586388014,0,0.0,-0.03707541044487567,0.0,-0.13797674717936728,1.9115701074878144
Operations Research,27,1.238173523013841,-0.4933507154647343,29,0.9040228636633681,-0.37806006654272983,4,1.9498260691630858,-0.017886873948871004,1.674718196457327,0.16861374769461251,1.1193371739871338
Opportunity Identification,7,2.526193001060445,0.22459017284048177,3,0.7359586431322472,-0.21258299044016263,0,0.0,-0.06720959061364244,0.0,-0.25815867646792695,1.859173573350625
Oracle,30,0.6073425681992012,-1.5878843204086446,81,1.114708091183233,-0.1587343678461103,1,0.21519421860885277,-0.2558033656133469,0.3320561941251597,-0.3808073478371518,0.6770096748916541
Orchestration Tools,509,5.337810931037747,6.265903042241583,161,1.147717353345425,-0.13164362063559332,54,6.0194567277321545,0.7057209181614684,1.142857142857143,-0.13392146778673408,6.126298234428922
Organizational Skills,32,0.5585933750279368,-1.781265354409858,116,1.3764722466714585,0.37519799092272493,3,0.5566538146979787,-0.2269667345787666,0.996168582375479,-0.09563686620356196,0.7688882779004967
Parallel And Distributed Computing,17,4.703530778164925,1.0037111516927326,0,0.0,-0.6374152980244865,0,0.0,-0.07676111124558675,0.0,-0.40239797329796306,0.0
Partner/Channel Marketing,0,,0.0,0,,0.0,0,,0.0,,0.0,
Partnership Development,9,1.606519051365629,-0.08565783568322212,10,1.213408515558544,0.01105848069383926,1,1.8974113898845082,-0.011382239126509163,1.2037037037037037,-0.004088384612286688,1.9493638973340879
Patents And Publications,42,4.910065269666782,1.6509271561369712,8,0.6357577011095469,-0.4555162869551603,2,2.4853416797078767,0.018097659325161136,0.48148148148148145,-0.3713372677872844,3.1216118081411803
Payment Processing,0,0.0,-0.954743880595631,50,4.3739144165482395,2.3322793855507746,0,0.0,-0.1125708664627318,,0.0,0.0
Payroll Experience,0,0.0,-0.2058524259172998,0,0.0,-0.20154564146747234,0,0.0,-0.024271129036879557,,0.0,0.0
Penetration Testing,3,1.0163691957619285,-0.25358241576153134,3,0.6908999506955791,-0.24102986724904685,0,0.0,-0.0693670495820258,0.0,-0.16898995550397125,0.7022094272404218
Performance Management,26,1.157153132619032,-0.5735142936449324,60,1.8152331144280627,0.8015989227164894,6,2.838486744116771,0.06064622272212376,2.888888888888889,0.5674449559158535,2.1005026847942347
Performance Metrics,72,0.8411331275271132,-1.678845411408809,149,1.1832654328004744,-0.03371240223804038,8,0.9934370683139156,-0.20172341415130468,1.2037037037037037,-0.01157851292538641,0.9952837541861862
Performance Tracking,52,1.6195801818645366,-0.19135604250163235,67,1.418526915655776,0.3459771408274393,8,2.648544229032034,0.05239305922217075,1.7508417508417509,0.2722327436245127,2.297418080037522
Performance Tuning,31,1.0766142317729215,-0.7313534116569227,45,1.0623670789984323,-0.19879569434130726,7,2.5841314117464744,0.04314538614239931,2.8086419753086416,0.5925265571158668,1.1437595166167398
Perl,3,0.5187717770034843,-0.5832653497366918,12,1.4105873993368074,0.14146091387751628,0,0.0,-0.0971036222466779,0.0,-0.16898995550397125,0.7317729317726791
Personalization,58,2.500884202905109,0.6277415704749265,33,0.9672599309738106,-0.30531367368936974,2,0.9166714766714767,-0.11169620094007858,0.34391534391534395,-0.5223340201560062,2.419005081475489
Phd Or Master'S Degree,5,2.305652342237708,0.138667565232414,3,0.9403915995578714,-0.10426685266207979,1,4.901646090534979,0.0754648311443942,2.4074074074074074,0.18184451427038043,2.1682160941412714
Php,7,1.1173545966228895,-0.3215302730350484,3,0.3255201690777248,-0.6081410614109107,0,0.0,-0.10107042247417412,0.0,-0.25815867646792695,0.36372145721245597
Physics,41,1.289069264069264,-0.5417451435585183,49,1.0472542813258114,-0.23255954786721772,4,1.3368125701459037,-0.08639892382631531,1.0410410410410411,-0.08652880672404534,1.3499833057220498
Pipeline Management,29,1.789666204681165,-0.0075215125115271255,22,0.9229122017965727,-0.30470376583738673,3,1.9679471292854194,-0.014050420469909229,1.1111111111111112,-0.044412037673745124,1.6517047774432099
Pl/Sql,5,0.7830517388731838,-0.4852140963308215,11,1.1710536900154624,-0.017688635408557866,0,0.0,-0.10203807183914812,0.0,-0.21817449872396172,0.9169956282804662
Policy Development,1,0.2155934657676818,-0.6478587709633987,7,1.0258817449722235,-0.10146322274013307,0,0.0,-0.08696152231416321,0.0,-0.09756219094336348,0.22117340086635873
Postgresql,99,2.532309691135652,0.8517991295432408,52,0.9041669616704342,-0.5062734431903475,17,4.6221993950807505,0.2882912799549277,1.996386630532972,0.5425194304983224,2.289630759442718
Power Bi,54,0.3169864323415916,-3.6927871315807455,303,1.2090749137172634,0.045677025871735576,6,0.3743831526009744,-0.4379170566667151,1.2037037037037037,-0.010023617218316124,0.383260343332953
Powerpoint,8,0.11548310861990607,-2.670494190555037,143,1.403227812905485,0.4739401150405131,2,0.3068856682769726,-0.2887950924034438,3.2098765432098766,0.3685537146822724,0.16204910993623736
Powershell,11,0.739302289494844,-0.7731097473941856,30,1.3706112382219988,0.18471504693822852,1,0.7144099565152197,-0.10407323189497215,0.9629629629629629,-0.064418964936233,1.0132960264248867
Predictive Analytics,42,1.958509180597424,0.13745986240809244,38,1.2045465432539029,0.010338155283030705,7,3.4697045359966707,0.11384951081557483,1.9259259259259258,0.32220142274926555,2.359115463419661
Predictive Modeling,84,1.7741202755539007,-0.03291628563391005,90,1.2921411291634874,0.18146462888352158,18,4.041051738761662,0.24275499904648232,2.6262626262626263,0.873175497939888,2.292413776126055
Presentation Skills,37,0.881242157779233,-1.1244085754798065,80,1.2952308975259061,0.17635736475072916,3,0.7595090068547744,-0.16951122895237913,0.8496732026143792,-0.17111048169575255,1.1414120709580622
Pricing Strategy,4,0.37096529305277093,-0.8897666942006314,18,1.134774220695532,-0.05586277908598755,0,0.0,-0.13261881951151866,0.0,-0.19513699823055086,0.4209618513290478
Prioritization,66,1.0912808695531462,-1.0394709416721848,151,1.697200775297672,1.0675818341590522,10,1.7575623432197136,-0.05786943385859716,1.7195767195767195,0.28918864004088546,1.8521227378731175
Process Automation,41,1.8495341614906833,0.043932472525168714,36,1.103937964698371,-0.120248048025412,5,2.3975442834138487,0.021416212925376814,1.3374485596707817,0.05405383223359782,2.041770977876133
Process Design,17,0.768969609509252,-0.9159869326765238,56,1.7219159534138682,0.676106852173133,1,0.4808154203249571,-0.1475091431129954,0.6018518518518519,-0.19619492133190755,1.3241010383044136
Process Documentation,2,0.17850211681840322,-1.031090106631028,23,1.3954197928923255,0.18303449469135447,0,0.0,-0.13518912689590612,0.0,-0.13797674717936728,0.2490853868815779
Process Improvement,41,0.43435135381529766,-2.521683653560909,211,1.519509591627652,0.8637227682387836,3,0.3378288307452315,-0.33176086019896467,0.760233918128655,-0.22468162216047224,0.6600010482588007
Product Delivery,26,2.259780724957586,0.29067810739985833,23,1.3588904789422644,0.1515068515148328,0,0.0,-0.13699563316920746,0.0,-0.49773968848091726,3.0707945116421116
Product Design,20,1.6939486596032143,-0.06801674104161634,26,1.4969498931737546,0.2833613353873658,0,0.0,-0.13877870329455244,0.0,-0.4364901133558751,2.5357562650348564
Product Development,84,1.5010317939562605,-0.4197905005705967,99,1.202567513751078,0.012635433702552733,10,1.899453813339712,-0.03575423422604094,1.3013013013013013,0.053275726449593566,1.8050920725193007
Product Launch,4,0.9352505275555774,-0.33713734516905125,3,0.4768182758321602,-0.41427198428198836,0,0.0,-0.0835036093682102,0.0,-0.19513699823055086,0.44594454402016864
Product Lifecycle Management,103,2.211994536873848,0.5249625308675699,96,1.4014632893799068,0.38493679877517367,16,3.652455560346893,0.19121655238074162,1.7709663686675183,0.39764165181380745,3.1000291397376065
Product Management,102,1.4984699824242238,-0.46717046167116283,129,1.288253270898748,0.20891095602162715,16,2.498538184201901,0.053203722101720495,1.7915590008613262,0.4100349250869924,1.9304088562015957
Product Marketing,11,0.9924329647023178,-0.5066745061444082,14,0.8586184169876218,-0.3114657338827031,1,0.9590177133655395,-0.07454015363950971,0.9629629629629629,-0.064418964936233,0.8521212211190364
Product Roadmap Development,0,0.0,-0.2787284151653229,0,0.0,-0.27289694353168564,0,0.0,-0.03286362330564762,,0.0,0.0
Product Strategy,52,1.6287476168562225,-0.1810850646802364,58,1.2349293458344879,0.05993677472962363,6,1.9976519916142559,-0.016589900616541704,1.2560386473429952,0.017979765615066222,2.011388229013736
Professional And technical Standards,4,0.9765115802418528,-0.3140619415958459,3,0.4978543762365202,-0.3934544101909576,0,0.0,-0.08171987263400847,0.0,-0.19513699823055086,0.48616056366904625
Professional Development,101,1.2105923344947735,-1.0149185212758445,120,0.9777356702984368,-0.553740297383057,5,0.637037037037037,-0.2603517701180332,0.5015432098765431,-0.5602014877263684,1.1836393076253968
Professional Engineer (Pe) License,1,1.2769766818547308,-0.08693225613441732,0,0.0,-0.29667149663449416,0,0.0,-0.035726681346563184,0.0,-0.09756219094336348,0.0
Program Management,26,1.0375435540069688,-0.7193177808071636,37,1.0036871879896514,-0.2668051225013555,0,0.0,-0.20227884912090816,0.0,-0.49773968848091726,1.0413691721380436
Programming Languages,108,1.5180992898594765,-0.44643509099861,181,1.7294924252664663,1.2324600278196873,22,3.2871326873020354,0.17893525786305017,2.463393626184324,0.883932737871213,2.625541222614366
Project Coordination,1,0.18864428254672158,-0.7045705046174933,6,0.7694113087291676,-0.2725648092491788,0,0.0,-0.09296801389119802,0.0,-0.09756219094336348,0.14514504431854794
Project Delivery,17,0.7627347207835014,-0.925348047732289,31,0.9454747973933194,-0.3278477183526418,3,1.4307507507507509,-0.06398831282429396,2.0634920634920637,0.24293301974211134,0.721146455597631
Project Leadership,2,0.25737514518002325,-0.816197498865389,12,1.0497394599715775,-0.1129334136775285,0,0.0,-0.1125708664627318,0.0,-0.13797674717936728,0.27017684591138397
Project Lifecycle Management,7,0.5234453966161283,-0.8839266833023329,19,0.9658075887351112,-0.233233197643241,0,0.0,-0.14770526420957958,0.0,-0.25815867646792695,0.5055475363403168
Prompt Engineering,332,8.140962125384073,7.132509577646724,73,1.2168139456612932,0.03587179335745165,41,10.686602111712896,1.012303728381782,1.356751940944381,0.18041747748412726,9.90603624526774
Proof-Of-Concept Development,11,5.072435152922957,0.873047082186205,1,0.3134638665192905,-0.3627611904852169,1,4.901646090534979,0.0754648311443942,0.9629629629629629,-0.064418964936233,1.5900251357035988
Proposal Development,9,1.6418271623846536,-0.06921732418512336,1,0.12400768345818085,-0.702456160454535,0,0.0,-0.09454003572240584,0.0,-0.29273704365076236,0.2035991830460394
Public Speaking,2,0.830034843205575,-0.2841208584259206,4,1.1284699194694459,-0.029100514094625468,0,0.0,-0.06267244424025542,0.0,-0.13797674717936728,0.9366693526690293
Publication Record,8,2.1771405723424917,0.13483659408312845,6,1.1099704125928975,-0.04573032094643555,0,0.0,-0.0773983130683536,0.0,-0.2759891826181689,2.4165616193557327
Pyspark,155,1.5288817670453252,-0.5130375191640238,222,1.4885342966263635,0.8098614940501493,28,2.9357452520851215,0.14755178861861323,2.1230679498396032,0.7848313189103749,2.2757929457336847
Python,900,2.0756636812587312,1.089242450801279,791,1.240094062656754,0.2542495673748701,99,2.4269889784199314,0.1078079571136892,1.1901789429879317,-0.07219377635472561,2.5740182072012137
Pytorch,255,3.8588675481754167,3.07596417331418,104,1.069834745896284,-0.28474218921957895,27,4.343117593436646,0.33284064478300723,1.1403508771929824,-0.09729207080763098,4.128350582849664
Qlik,7,0.7905093744814999,-0.567215977373248,10,0.7676666118839768,-0.35377244250035156,0,0.0,-0.12017300369439118,0.0,-0.25815867646792695,0.6068476531707349
Qualitative Research,1,0.12868757259001162,-0.8853873060505241,11,0.9622611716406126,-0.18049685628006495,0,0.0,-0.1125708664627318,0.0,-0.09756219094336348,0.12383105437605098
Quality Assurance,29,0.604040412872313,-1.5697649695242042,75,1.0619227598520506,-0.2577301399423427,2,0.4428086807007761,-0.2225317316247281,0.7133058984910837,-0.20874036205996574,0.6414442622995388
Quality Control,20,0.6372628354745297,-1.2327994648120777,39,0.8447279627506409,-0.5461637683105146,3,1.016080187673278,-0.11952438285470764,1.6993464052287583,0.1527667406061888,0.5383137367470963
Quantitative Analysis,10,0.5320736174394711,-1.0409216481460661,63,2.278641183544073,1.2735177996571145,4,2.262298195631529,0.008748509572286924,6.419753086419753,0.9141254239100938,1.212404857374853
Quantum Computing,2,0.8513177879031538,-0.27433217452700115,10,2.89351261402422,0.6994383566278027,1,4.524596391263058,0.06779042679579349,9.62962962962963,0.5736786770919498,2.4632987578409713
Quicksight,6,0.7905093744814999,-0.5251163620136685,9,0.8060499424781755,-0.29803417388449155,0,0.0,-0.11125347297674189,0.0,-0.2390033401146745,0.6371900358292716
Rdbms,2,0.3608847144372065,-0.6423313236988454,10,1.2265977385537454,0.01954851647954058,1,1.918035426731079,-0.010412302188341875,9.62962962962963,0.5736786770919498,0.4426603746072917
Rds,9,0.7148625443875765,-0.7276603677663037,18,0.9718879689210538,-0.2203100209598286,3,2.53290802764487,0.025114703324511347,4.814814814814815,0.6486421747812999,0.6947663063225783
React,156,2.909785068316173,1.506719167717694,81,1.0270344210901698,-0.3432245993278053,19,3.7671077819392433,0.2209150753191719,1.3354960800216276,0.10390609118626297,2.988449423134921
Real-Time Data Streaming,11,2.6086809357889496,0.3082761150199681,19,3.062989781417067,1.02820805491174,3,7.562539682539683,0.20665181112909098,3.611111111111111,0.5080945355332859,7.990363049299065
Real-Time Systems,7,3.058023106546855,0.35171993705256865,6,1.7817946096885986,0.2419622940597237,1,4.643664717348928,0.07026925771253864,1.6049382716049383,0.07289671076646434,5.448769087548369
Recommendation Systems,50,2.7853518228374994,0.7740286301085235,30,1.136043543090046,-0.07061195470816249,3,1.7764354958985833,-0.02998120790181808,0.6146572104018913,-0.329477255151297,3.164280953568631
Redshift,26,0.9403444846773399,-0.8528211551745255,18,0.44253722332135126,-1.104952271233638,1,0.38444283063019447,-0.17451524118778888,0.3851851851851852,-0.3321486009710607,0.4161374372146569
Regex,4,2.7667828106852497,0.21542929081349357,4,1.880783199115743,0.2244852604870506,0,0.0,-0.04854416838291087,0.0,-0.19513699823055086,5.203718625939051
Regulatory Knowledge,0,0.0,-0.34650923200304073,3,1.9914175049460807,0.21912544894289182,0,0.0,-0.04085538043578617,,0.0,0.0
Regulatory Requirements,36,0.9733307607622377,-0.948513358758836,137,2.5179214815523463,2.175608603867717,5,1.4369646519483652,-0.08176533648421844,1.5531660692951015,0.14349155055479867,2.450770431178926
Regulatory Standards Compliance,1,1.0375435540069686,-0.14094829492153735,7,4.9370558976788255,0.9589551340433805,0,0.0,-0.03963545426640767,0.0,-0.09756219094336348,5.122410522408753
Reinforcement Learning,84,4.542210216890442,2.1488968654351823,40,1.470319113315239,0.3234097571649969,7,4.023501025455422,0.15014596614790043,0.8754208754208753,-0.23983442135446495,6.678498498589774
Relational Databases,38,0.9443510192159236,-1.0244451520960434,70,1.182528358725467,-0.024366452291540382,1,0.26416056775338215,-0.22496567282936333,0.2602602602602603,-0.4654593104173764,1.116721860814128
Relationship Building,15,0.6118192947461241,-1.113460331975378,70,1.940857355352855,1.0056002202515382,5,2.1678041678041677,0.0012375579391895506,4.814814814814814,0.8374821288070392,1.1874539783548113
Reliability And Scaling,22,2.0989386839681203,0.1807339058869972,6,0.38912755843773994,-0.7286199624421843,3,3.0424010217113664,0.05373531756513103,1.52046783625731,0.1012662076653558,0.8167548854030378
Remote Work,56,1.0576098115929966,-1.018897566191083,63,0.8088009661726403,-0.7828812933125686,2,0.40150002106771165,-0.23939155628191996,0.35665294924554186,-0.5053553624326778,0.8553958374500797
Report Generation,6,0.5824805917232104,-0.7393940636771787,17,1.1218706801743028,-0.06603467233382787,0,0.0,-0.12961912904901432,0.0,-0.2390033401146745,0.6534678976248485
Report Preparation,0,0.0,-0.9694412176147209,4,0.339389449464495,-0.6766804213334385,0,0.0,-0.11430382749595121,,0.0,0.0
Report Writing,1,0.20000839595315056,-0.6793539720587972,6,0.815761387568274,-0.23581937059301014,0,0.0,-0.09028726864907421,0.0,-0.09756219094336348,0.16315912660804685
Reporting And Analytics,14,0.34844041393937175,-1.7468180985949793,91,1.5395916442536666,0.5971676396969848,1,0.2645566105835971,-0.2247495484026276,0.7407407407407407,-0.1369287420139617,0.5364559498213456
Reporting Tools,26,0.561271935587645,-1.5976581504719418,79,1.1592863932130848,-0.06983393176585306,2,0.4589317536001541,-0.21651224227497906,0.8024691358024691,-0.16206928906601176,0.6506749178191278
Requirement Analysis,32,0.7721254355400696,-1.2511340551889023,88,1.443391757460919,0.43708379406648795,4,1.025925925925926,-0.13621174358143232,1.3756613756613758,0.06342126427545818,1.1144794893844585
Requirements Management,1,0.14310945572509912,-0.8322067992187271,17,1.6537921233603945,0.3309683513572451,0,0.0,-0.10674506405678513,0.0,-0.09756219094336348,0.23667329065656204
Research And Analysis,6,0.559574051599264,-0.7687531659857672,23,1.458135289202093,0.23527795110582966,0,0.0,-0.13224756782014327,0.0,-0.2390033401146745,0.8159346715586796
Research And Development,33,1.956510701841712,0.12035583420046524,25,1.0075624280977193,-0.21441424950480192,7,4.411481481481482,0.17308345330316913,2.5925925925925926,0.5346823718163375,1.9713066733468083
Research Publication,1,1.3833914053426248,-0.06644859779521563,2,1.880783199115743,0.15873074639113854,0,0.0,-0.03432501011043718,0.0,-0.09756219094336348,2.6018593129695256
Resource Management,13,1.8445218737901665,0.02227130271776214,13,1.253855466077162,0.04196190708521103,1,1.508198797087686,-0.03211168675851013,0.8024691358024691,-0.11456945448406597,2.3127638337506893
Responsible Ai,187,6.633184430745406,4.583888544579769,62,1.494981517245847,0.43526794246008543,24,9.049192782526116,0.6808713280703833,1.41785957736878,0.195562264466276,9.916488124447298
Rest,197,2.4794065824336355,1.1289221564570533,144,1.231991420800608,0.08749050007582354,20,2.6756521494959706,0.08709062346101874,1.088093743460975,-0.1404293509011598,3.054607638234794
Restful Apis,106,2.4507992584899982,0.797012611272732,74,1.1630469922108495,-0.06064000068681334,9,2.2118848653667595,0.007074372155975533,0.8934707903780069,-0.2552126881579219,2.850394706099373
Retrieval-Augmented Generation (Rag),486,8.656586562186899,9.010527184770968,106,1.283452912701301,0.17974025155178552,58,10.98137021141313,1.229148663813943,1.304949809622707,0.1351245970912826,11.110321237289718
Revenue Growth,45,1.152826171118854,-0.7614979380521374,68,1.1841968290728753,-0.021120940116505494,1,0.27231367169638776,-0.2206053075458036,0.21885521885521886,-0.5298707062359428,1.365173096311171
Risk Analysis,9,0.5187717770034843,-1.0106570717708683,75,2.938723748618348,1.9512112462599882,3,1.8381172839506172,-0.024662571851587257,4.814814814814815,0.6486421747812999,1.5245269411930813
Risk Mitigation,22,1.496784143485463,-0.2178821454227696,60,2.7749260314822437,1.6307951637457139,7,5.062355798421372,0.20802403401907932,4.493827160493827,0.9391420955838358,4.153465283267665
Rnn,12,4.98020905923345,0.8951516556726866,2,0.5642349597347229,-0.2728191545554194,0,0.0,-0.06267244424025542,0.0,-0.3380454816018256,2.810008058007088
Roadmap Strategy Definition,6,1.1067131242741,-0.30379391727928806,8,1.0030843728617296,-0.12439970486707129,1,1.9606584362139918,-0.00844142424393676,1.9259259259259258,0.12169446896229406,1.110126640200331
Robotics,29,1.731727370716667,-0.052043571703578956,5,0.2029622157319147,-1.1365768274790815,3,1.9042366107114308,-0.01916437782586409,1.1111111111111112,-0.044412037673745124,0.3514752242042576
Root Cause Analysis,22,0.7577081556233465,-1.0615804766491004,54,1.2642609056296696,0.10067359583610808,3,1.098294144767174,-0.10664370088282207,1.52046783625731,0.1012662076653558,0.9579407990313586
Ruby On Rails,22,1.9741369243808269,0.10878219203696617,11,0.6709821142791299,-0.48706913367971744,0,0.0,-0.1348249306173456,0.0,-0.4578144340832787,1.3246105673975461
Rust,23,3.0064254163351536,0.6170637363522636,6,0.533135395024935,-0.5103564213962666,0,0.0,-0.11169432676738861,0.0,-0.46811377662261316,1.6028318019508467
Saas,167,2.3199300220139083,0.8234860547965241,39,0.36828725405278984,-1.9635894278599737,3,0.44299395629939564,-0.2726960411900979,0.1761517615176152,-1.0700537433698123,0.8544006574021306
Safety Compliance,8,1.2769766818547308,-0.24593007382317153,0,0.0,-0.8392735091060307,0,0.0,-0.10107042247417412,0.0,-0.2759891826181689,0.0
Safety Procedures,2,0.3192441704636827,-0.7030019896485659,1,0.10850672302590826,-0.7619982376761213,0,0.0,-0.10107042247417412,0.0,-0.13797674717936728,0.03464013878213866
Sagemaker,72,3.578593335976131,1.4676589424128095,39,1.3176744568655205,0.14965078101761395,12,6.339853626081171,0.34995589443603137,1.9259259259259258,0.42210991327127756,4.7154210303249195
Sales,277,1.398538026569004,-1.0673485349330551,325,1.1154279921763073,-0.3167700607217904,9,0.48300892133008916,-0.4437819659333518,0.3233830845771144,-1.175242487929637,1.5599684629580792
Salesforce,98,1.781892982128069,-0.024680777519982322,54,0.6674411352831333,-1.0910887103662372,1,0.1932741065271186,-0.2730320134199577,0.09927453226422299,-0.8832358523500643,1.1893086749446062
Sap,21,0.5908722612649856,-1.365059794034725,13,0.2486459144593694,-1.579669701623321,0,0.0,-0.24098787987405826,0.0,-0.44727891351979776,0.14691797373090779
Sap S/Hana,0,0.0,-0.36632703025537344,0,0.0,-0.3586628532317674,0,0.0,-0.043192018220255965,,0.0,0.0
Sas,14,0.37667707633316205,-1.646762908555429,123,2.2496239885695597,1.744820387703803,0,0.0,-0.24645489375146537,0.0,-0.36514659423289597,0.8473817868633285
Scala,37,1.1311708728768424,-0.7204016311272285,67,1.3924030313895555,0.30825060846947694,6,1.9498260691630858,-0.021915583820219565,1.863799283154122,0.2767224780961439,1.5750457524132848
Scalability,240,2.1987677965710595,0.7798661399230252,198,1.2330962696189307,0.10584697198610771,35,3.408429400703131,0.245691358682078,1.6440831074977416,0.4715551370099176,2.7112923677100094
Scalable Solutions,51,2.030301055322989,0.21588388497027985,41,1.109526779334467,-0.12027390143882848,1,0.4231636912692069,-0.16267964338246033,0.1925925925925926,-0.579953382378764,2.2526733909918852
Scalable Systems,41,3.739717425431711,1.1792577379661704,14,0.868053784207266,-0.301075085395328,3,2.908669108669109,0.04668653208932538,0.760233918128655,-0.22468162216047224,3.2462758630118507
Scalable Tools,0,0.0,-0.3565558034203691,0,0.0,-0.34909605610832606,0,0.0,-0.04203993155197594,,0.0,0.0
Schema Design,12,1.2528827821970943,-0.3182133021710067,6,0.42583770546016825,-0.6644694026523603,1,1.1098066620079199,-0.060539349219943125,0.8754208754208754,-0.09051426364787213,0.5335247291813624
Scientific Thinking,3,2.929534740725558,0.21148369947183043,3,1.9914175049460807,0.21912544894289182,0,0.0,-0.04085538043578617,0.0,-0.16898995550397125,5.833926764028554
Scikit-Learn,130,3.9743841479456625,2.280000383946886,63,1.3092744922021193,0.17769367491036658,15,4.8745651729077135,0.2905295273727143,1.256038647342995,0.028473543265649884,5.20355978711771
Scipy,16,2.6040308806449413,0.3700312649480112,9,0.9957087524730405,-0.13750313905592065,1,1.7299927378358753,-0.01968785193545602,0.6419753086419753,-0.17755632482167188,2.5928563395682476
Scripting Languages,24,0.8893230462916873,-0.8929821373068106,41,1.0327514888001623,-0.2350490145356587,1,0.39388227513227514,-0.1714863012609251,0.41867954911433175,-0.3056553131142849,0.9184497000820357
Scrum,40,0.7641287394297583,-1.4177113320085386,108,1.402471246291141,0.4102286145493504,4,0.8122405489494098,-0.1821792801300568,1.0699588477366255,-0.07168897673138812,1.0716685855149317
Sdlc,71,2.450414713829348,0.6516132299881773,69,1.6188030029811176,0.6232131415904705,7,2.5680141680141677,0.041658026857774505,1.0532407407407407,-0.10618071021012038,3.9667386972960643
Security And Compliance Standards,82,1.9253990705192967,0.1535069254643035,69,1.1013355649701804,-0.1714949270595118,7,1.747121378804547,-0.04980692404620114,0.8987654320987654,-0.22066889609256665,2.1205104731234297
Security Certifications,2,0.5442851430856229,-0.45553229656244604,4,0.7399802750619316,-0.2426578116732292,0,0.0,-0.0773983130683536,0.0,-0.13797674717936728,0.4027602698926221
Security Clearance,17,0.5245573358548243,-1.3757490304594848,9,0.18877749582202624,-1.6049052234053236,0,0.0,-0.23009697040404867,0.0,-0.40239797329796306,0.09902462027774732
Security Engineering,5,1.1857640617222498,-0.23716537045933864,5,0.8060499424781755,-0.22211462215149547,0,0.0,-0.08291328916591752,0.0,-0.21817449872396172,0.9557850537439072
Security Frameworks,5,1.2969294425087108,-0.18550687870427077,7,1.2342639744197064,0.02044694377345448,1,2.7571759259259263,0.02212162649525783,2.4074074074074074,0.18184451427038043,1.6007532882527356
Security Services Best Practices,25,1.751128361193196,-0.03431808378826246,24,1.1427543488298186,-0.055962730705690134,3,2.233661509610877,0.005599448037188685,1.3131313131313131,0.0333449157557416,2.001109550112758
Security Tooling,4,0.9486112493777998,-0.32953746440916265,6,0.9672599309738107,-0.1300968070639408,1,2.520846560846561,0.014067260716074831,3.2098765432098766,0.26058736268340643,0.917553651594151
Self-Motivated,18,0.7235170546101863,-1.015091197891604,32,0.874359259637343,-0.4450135669279021,2,0.8545242579140885,-0.12150960767863844,1.2037037037037037,-0.005782906019785783,0.6326138362039535
Self-Starter,28,0.9974667643672146,-0.8017500188831467,69,1.670910395780939,0.6885629705104719,1,0.3786679383245907,-0.17641829646659346,0.35665294924554186,-0.35712840147973374,1.6666775860271552
Server Systems,1,0.26350312482716665,-0.5680098242993976,2,0.3582444188791891,-0.45528883300258216,0,0.0,-0.07865724871472127,0.0,-0.09756219094336348,0.09439852382655875
Serverless,20,1.6436333528823266,-0.1019691876894157,18,1.0055672549727734,-0.18401447282973443,2,1.7471213788045472,-0.02659337023652333,1.0699588477366255,-0.05067103753103639,1.652783878839577
Service-Oriented Architecture,14,2.13219959722533,0.1588699926478078,9,0.931764153690368,-0.1875954682763252,0,0.0,-0.10347261115307387,0.0,-0.36514659423289597,1.9867071532076033
Servicenow,31,2.0502852700695477,0.18189981767756253,28,1.2588509061810549,0.06682411776524856,2,1.406049874575771,-0.05448901052330002,0.6641123882503194,-0.2374498658751206,2.581003470156719
Sharepoint,19,0.7250879090071689,-1.0402892979365064,37,0.9598479774797585,-0.33510146484223124,3,1.2169604086845467,-0.0899086955673463,1.8055555555555556,0.18086851716063387,0.6959741629555583
Shell Scripting,13,1.2261878365536902,-0.3512417413588932,44,2.8211747986736144,1.4244446421586405,1,1.0026094276094277,-0.0702392263345987,0.8024691358024691,-0.11456945448406597,3.4592902229253917
software Architecture,112,2.979612257661038,1.3392623058430007,49,0.8861382380449174,-0.5271535598683992,12,3.3934472934472937,0.142084688433113,1.1555555555555554,-0.05229311109025011,2.640348356060791
software Design,39,1.9982320299393472,0.16385289986640414,29,1.0100502365621584,-0.22762263223567225,4,2.178509373571102,0.0019890039676911235,1.1005291005291005,-0.056459779582749586,2.0183147345463195
software Engineering Principles,13,2.095233584790772,0.13731589952586615,45,4.93020838603156,2.4293970683023174,7,11.99237684286228,0.45413155772743574,11.234567901234566,1.6332674858677145,10.329938190430433
software Solutions Implementation,48,1.4567339112931479,-0.3697537504372263,49,1.0108779900183336,-0.294584720533567,4,1.2903784954973254,-0.0929417719277296,0.8754208754208754,-0.18116305427094537,1.4725802482395627
software Testing,7,0.6420159008219917,-0.723100962897621,9,0.561117639515194,-0.5834057916762502,0,0.0,-0.13335823205710137,0.0,-0.25815867646792695,0.36024644680045687
Solution Architecture,33,3.1484080259521803,0.8062261001169491,10,0.6485459307295666,-0.492680645966142,3,3.0424010217113664,0.05373531756513103,0.9629629629629629,-0.11162736436966408,2.0418872135075943
Solution Deployment,5,5.533565621370499,0.6400407355384202,1,0.7523132796462971,-0.11704705277515673,0,0.0,-0.03837677967133062,0.0,-0.21817449872396172,4.16297490075124
Solution Design,66,1.8761061524509568,0.08484334527488846,61,1.1787100186239072,-0.02902869326537157,3,0.906468797564688,-0.1387628906660875,0.45855379188712525,-0.48087486894765963,2.2113851178958943
Version Control Systems,118,1.7350595482419457,-0.09991822746965034,102,1.0195210964205799,-0.4039702509947178,19,2.9696420955942657,0.12593557490869042,1.848110736999626,0.48332491924891197,1.7689298129786246
Spark Mllib,12,3.434626937402379,0.5625333595892861,0,0.0,-0.626699050042876,0,0.0,-0.0754705866181196,0.0,-0.3380454816018256,0.0
Specimen Collection,0,0.0,-0.2223464971456363,0,0.0,-0.21769462902736822,0,0.0,-0.02621587293796672,,0.0,0.0
Speech Recognition,8,3.3201393728223,0.43491310087782814,7,1.9748223590715301,0.32920192162485007,2,8.822962962962963,0.1923795964700889,3.2098765432098766,0.3685537146822724,6.556685468683205
Splunk,4,0.5982233104184324,-0.5878475287212128,17,1.7282872640523042,0.37608722585388826,0,0.0,-0.10441804278458933,0.0,-0.19513699823055086,1.0339017284553846
Spotfire,1,0.5355063504552097,-0.3270170785977881,1,0.36402255466756317,-0.31712352115888637,0,0.0,-0.055172026755580826,0.0,-0.09756219094336348,0.1949363897334088
Spring,25,1.6939486596032138,-0.07605320485174806,55,2.533299819217123,1.3887930057406805,11,7.922660619803477,0.4123753269537579,7.566137566137567,1.673628617086099,4.291279833135909
Spring Boot,14,1.6482961425358933,-0.08263192752718584,39,3.121299777255914,1.5038715786250934,5,6.257420541108484,0.22282188184219714,5.349794238683127,0.9048024152088453,5.144826382549065
Sql,372,0.9182839008846808,-3.394570591828532,741,1.2434144391477462,0.26415807348588627,44,1.1545289825141127,-0.3823550965771229,1.2917795844625115,0.09926155788014396,1.14180746159693
Sql Databases,131,0.8667561933832627,-2.1757419754780396,239,1.0749474322566661,-0.4144900628968416,13,0.9142966800997888,-0.2870252155551377,1.0608913998744507,-0.13779930727602047,0.9317173444699006
Sql Server,20,0.39619801584991643,-1.8933629637403488,83,1.1176969369446776,-0.15459917103048804,1,0.21057190842393705,-0.25922344219492033,0.50682261208577,-0.24695312280885492,0.44282930873901044
Ssis,2,0.20494687486557406,-0.9462882089122374,13,0.9055622810557281,-0.25146255582358373,0,0.0,-0.12615951271126202,0.0,-0.13797674717936728,0.18559215949851213
Stakeholder Management,100,1.1231865266651893,-1.2052588577796355,179,1.3666854911030502,0.44289439145615556,13,1.5520773818473412,-0.10669732760450654,1.4389101745423585,0.15790935063998848,1.5350427297957434
Statistical Analysis,66,1.1342091025169347,-0.957347601567154,90,1.0513694901889246,-0.3061608183338343,10,1.8267004064105514,-0.046868525673612126,1.7195767195767195,0.28918864004088546,1.1924728458808673
Statistical Methodologies,15,1.0375435540069686,-0.5461538778547556,28,1.3165482393810202,0.12565347811468588,2,1.470493827160494,-0.048689507923296384,1.4814814814814814,0.07285377891642346,1.3659761393090009
Statistical Modeling,33,0.9852931592008622,-0.8893229218353479,70,1.4207355101234027,0.35688434350577897,10,3.173727684519051,0.11034146356938097,4.186795491143317,1.0593675324195913,1.3998409791583362
Statistical/Mathematical software,4,0.55335656213705,-0.6343251079737822,14,1.3165482393810202,0.08882685653923271,1,1.470493827160494,-0.034419609202893976,3.2098765432098766,0.26058736268340643,0.7285206076314672
Statistics,179,1.1272855609544605,-1.6037987194181702,335,1.4341328642726265,0.8271595128925779,30,2.008261675939976,-0.03465488302186245,1.9388516032811334,0.678685933286498,1.616677270384795
Storage Systems,3,0.45689991369114213,-0.6519291536178553,9,0.931764153690368,-0.1875954682763252,0,0.0,-0.10347261115307387,0.0,-0.16898995550397125,0.42572296140162924
Storytelling,45,0.9664053801876034,-1.0736213662913376,92,1.343068985655744,0.2755240957093061,3,0.6848354175650424,-0.1881144576474917,0.6878306878306879,-0.2735848740091275,1.2979490937008182
Strategic Leadership,9,0.8946483339940328,-0.5416638551671727,27,1.8244723248907206,0.5440494729243353,2,2.113284542027057,-0.002442690169582463,2.7513227513227516,0.3086057507461462,1.6322611258817028
Strategic Planning,367,1.12969696813071,-2.299481897191836,683,1.4291580845496596,1.1656220525215402,50,1.6360027745156616,-0.1769292787203857,1.5188690267554619,0.414291464952671,1.6145155550952435
Strategic Thinking,45,1.5402708430618914,-0.26310499492112227,73,1.6985217344591657,0.7430784214725142,6,2.183001145475372,0.002888866748416026,1.4814814814814816,0.12626242097138213,2.6161835038943653
Strategic Vision,32,1.9177700348432056,0.09017706129349522,45,1.833254381809569,0.7105656177528895,8,5.0962962962962965,0.224241532809554,3.2098765432098766,0.7374379889377973,3.5157603196793965
Strategy Development,10,1.0122376136653353,-0.46650097998845613,39,2.683556515811487,1.2610097928748734,2,2.1519421860885277,-0.0001475026411836991,2.4074074074074074,0.2571917647180791,2.7163968437010815
Streaming Technologies,16,2.0914263765809764,0.15052651620796706,12,1.06627079004987,-0.09940427457983704,2,2.7788859725867603,0.03228854058836539,1.3756613756613758,0.04483114523763406,2.2300268548881346
Subject Matter Expertise,8,0.5902469996128533,-0.8427655031515578,50,2.507710932154324,1.305844413841093,1,0.7842633744855968,-0.09450125841364831,1.3756613756613758,0.03169529661253675,1.4801688536004411
Supervised Fine-Tuning,6,8.300348432055749,0.9703170963009263,0,0.0,-0.2850321578691833,0,0.0,-0.03432501011043718,0.0,-0.2390033401146745,0.0
Supervisory Skills,5,0.4716107063668039,-0.8193316897364282,24,1.5388226174583353,0.30573430636372,3,3.007828282828283,0.05194097817867236,14.444444444444445,1.1878891023119835,0.7257252215927396
Supplier Management,0,0.0,-0.5112218016303214,3,0.9149756103806317,-0.11623955264878931,0,0.0,-0.06027603139266302,,0.0,0.0
Supply Chain Management,46,0.8570505676196734,-1.3056285615105723,24,0.30396496147325136,-1.8276860466988594,2,0.396092613376564,-0.24177115747172354,0.4377104377104377,-0.41280952399280496,0.2605133427671422
Swift,6,0.6640278745644599,-0.6455761394930942,19,1.4293952313279648,0.1923281779148173,0,0.0,-0.12139386189536694,0.0,-0.2390033401146745,0.9491582773712829
System Administration,4,0.47771789537011505,-0.7246855396873052,8,0.649479090342127,-0.4395613856590649,0,0.0,-0.11685520218073583,0.0,-0.19513699823055086,0.3102677841251377
System Integration,43,1.3941991506968643,-0.423187147173198,31,0.683253271553766,-0.7917863558199785,6,2.0678819444444447,-0.009001478874105765,1.5615615615615617,0.160740210354318,0.9525911309111146
Systems Analysis,6,0.4167538961701632,-0.9948710532468665,36,1.6997873263974916,0.5226468777067175,1,0.7383232604989928,-0.10066991861180964,1.9259259259259258,0.12169446896229406,0.7083929909368195
Systems Design,171,3.297002513081378,1.991265609084456,93,1.2189047910645583,0.04462389550292365,22,4.50883124704263,0.31698364604861606,1.4218245090728312,0.19068946422424357,4.01873215934678
Systems Development,21,1.3008008736803787,-0.3768391901080713,30,1.2632125964210215,0.07387451498441286,2,1.3168601437258156,-0.06302161504341895,1.01364522417154,-0.07138809995016,1.6431880490685242
Systems Engineering,34,1.8566568861177335,0.045621924100342104,7,0.25984504724625396,-1.1196533867349967,2,1.160916179337232,-0.07963572973276854,0.6018518518518519,-0.27756016101716413,0.4824430962933452
T-Sql,7,1.1392635102821618,-0.30813248472926896,6,0.663805834982027,-0.36657461512952744,0,0.0,-0.10009343600496685,0.0,-0.25815867646792695,0.7562497657074055
Tableau,81,0.5978908163597294,-2.6588834156984205,233,1.1691129001173004,-0.08812153617449454,9,0.7061508818734252,-0.31723578544358394,1.2037037037037037,-0.012283115606039273,0.6990018662678236
Tcp/Ip,2,0.28136774345951693,-0.7682854077899686,5,0.47816522011417195,-0.533112769776744,0,0.0,-0.10766181836543882,0.0,-0.13797674717936728,0.1345402689843478
Team Building,25,1.9576293471829593,0.10545623925141484,18,0.9581348372853784,-0.23552244892225746,0,0.0,-0.14433708098199582,0.0,-0.4880633959856797,1.8756728760282262
Team Development,13,1.4986740224545103,-0.16629791441314215,26,2.037515132375388,0.6744786073550542,6,7.352469135802469,0.284985851100797,8.253968253968255,1.2972555736543245,3.0535709992489566
Team Management,20,1.66006968641115,-0.09075928566261476,17,0.9591994315490289,-0.22772830791339216,0,0.0,-0.14018888670772794,0.0,-0.4364901133558751,1.5923378995373496
Team Player,14,0.38288262948527346,-1.6261098169691162,52,0.9667287613247312,-0.38444056052358583,0,0.0,-0.24444418051339006,0.0,-0.36514659423289597,0.3701436501350544
technical Architecture,35,3.174996667999467,0.8429124497735699,17,1.04830538967107,-0.13584319596047076,5,4.821291236591783,0.16523452265582558,1.604938271604938,0.1630930773501396,3.32836611925153
technical Communication,7,2.1519421860885273,0.1184229763132784,2,0.4179518220257206,-0.39115255437226504,1,3.2677640603566527,0.03751489863798164,1.6049382716049383,0.07289671076646434,0.8994081575697123
technical Customer-Facing Engagements,0,0.0,-0.11884795989769552,0,0.0,-0.11636145649424756,0,0.0,-0.014012820342483912,,0.0,0.0
technical Depth,39,3.4807912779588626,1.0356567062850548,13,0.7887155351130535,-0.37832769925696863,6,5.692234169653525,0.22080683395508705,1.7508417508417509,0.23569969731275345,2.7453541554121736
technical Design,41,1.7187590187590187,-0.07400198801162591,53,1.5103259023202178,0.4208082978972843,3,1.3368125701459037,-0.07480197010262842,0.760233918128655,-0.22468162216047224,2.595886265878227
technical Excellence,87,2.9595504655280744,1.1640891608846418,63,1.456836166528178,0.3879066522060355,14,5.062355798421372,0.294349748785802,1.8467782851344496,0.4139053705513392,4.311580154846604
technical Expertise,142,1.6730297762269928,-0.21908338580396786,138,1.1052437820211747,-0.23249860057538002,15,1.8785584733065215,-0.04769221734142097,1.1373578302712162,-0.07509886202305255,1.8491057573111611
technical Guidance,34,1.2542748741773133,-0.5343023290390989,39,0.9780072635401864,-0.3146002990173594,6,2.3527901234567903,0.01932667905607623,2.0634920634920637,0.3436734287873403,1.2266899374213658
technical Leadership,137,2.828725709431934,1.3282904778736027,84,1.1789984233262865,-0.03352266037071311,19,4.170057121798416,0.2622861749538993,1.5505335844318897,0.2783018120770306,3.3350631514427813
technical Presentations,5,1.3175156241358332,-0.17647962380739007,3,0.5373666283187838,-0.3570896615040485,0,0.0,-0.07865724871472127,0.0,-0.21817449872396172,0.7079889286991907
technical Problem Solving,5,4.368604437924079,0.5012600410958455,4,2.375726146251465,0.3417582845676083,0,0.0,-0.043192018220255965,0.0,-0.21817449872396172,10.378607785806418
technical Proficiency,23,1.571259373969401,-0.1638495233247592,27,1.253855466077162,0.060490351259729805,3,2.178509373571102,0.001722220896896226,1.4444444444444444,0.07751766573550364,1.970132154676513
technical Roadmaps,12,2.9732591398408657,0.4359569425251223,6,1.0105700771368171,-0.10316217294008138,3,7.901160862354893,0.21476389262623594,3.2098765432098766,0.451417996851435,3.00468671829673
technical Solutions,73,1.4124136026575052,-0.5235166139352928,103,1.3546899965658847,0.313291989776913,14,2.879288612621946,0.0975670370166213,2.2849968612680476,0.6283671767369908,1.9133825785337046
technical Specifications,37,1.1633064090381164,-0.6760010532302194,64,1.3678423266296313,0.2659489852456209,6,2.0052188552188555,-0.01575929751112632,1.863799283154122,0.2767224780961439,1.5912197451218588
technical Strategy,67,3.5086646368942285,1.3744964931446209,51,1.8155194287994236,0.7392249475244856,15,8.34980722046968,0.503685527702568,2.7777777777777777,0.8562345174425565,6.370048817422947
technical Support,15,0.5166191970159181,-1.3102319928852182,76,1.7793301634787944,0.8590067958844267,4,1.4643921930228987,-0.06965364804195819,3.5016835016835017,0.5695815170476564,0.919236120282617
technical Training,1,0.26350312482716665,-0.5680098242993976,2,0.3582444188791891,-0.45528883300258216,0,0.0,-0.07865724871472127,0.0,-0.09756219094336348,0.09439852382655875
technical Writing,5,0.6240863482748684,-0.6294925013429528,12,1.018168348393485,-0.13941148024625188,1,1.3267613478139795,-0.043858199728090255,2.4074074074074074,0.18184451427038043,0.635424966477944
Telemetry,56,3.7185560975609757,1.3675328268354188,8,0.36111037423022263,-0.9041788282105201,3,2.1175111111111113,-0.002682313513035023,0.5450733752620546,-0.39044831782387884,1.34280918398632
Tensorflow,228,3.1306525103535336,2.102523496089284,99,0.9240572541561219,-0.6445779666890177,27,3.9407775020678253,0.28536368040286575,1.2935323383084576,0.07942495766690678,2.8929021624342566
Terraform,89,2.2870929116190766,0.5667352005559213,62,1.0830516254969913,-0.19546725336383852,15,4.09735122119023,0.2265614803336793,1.951951951951952,0.4860633648693219,2.4770396955916874
Test Plans Creation,11,0.548371367883563,-1.061437471489171,38,1.2877434516468151,0.11258056797255375,0,0.0,-0.18094519563323216,0.0,-0.3236469310842427,0.7061616380626649
Test-Driven Development (Tdd),4,0.9352505275555774,-0.33713734516905125,10,1.5893942527738674,0.22265523840828386,3,7.456025039123631,0.2040445719799648,28.88888888888889,1.4628513579556626,1.4864818134005622
Testing Frameworks,20,1.443538857748826,-0.24884880678302446,24,1.1775338290115955,-0.01941049505633869,2,1.5344283413848632,-0.043205269288149155,1.0699588477366255,-0.05067103753103639,1.699815838492
Thought Leadership,72,2.4953030776952567,0.6948050593017746,75,1.7669153227600927,0.8382332823706143,10,3.683909379107709,0.1535793378320768,1.5531660692951015,0.20307392138857439,4.408989242910167
Threat Intelligence,5,1.4310945572509912,-0.12929815110428208,8,1.5565102337509595,0.1844818934265811,1,3.0424010217113664,0.031016163892269646,2.4074074074074074,0.18184451427038043,2.227513323826466
Threat Modeling,12,2.8458337481333995,0.3977233977538619,7,1.1284699194694456,-0.03849889528894683,1,2.520846560846561,0.014067260716074831,0.8754208754208754,-0.09051426364787213,3.211437780579528
Time Management,16,0.4036643614373617,-1.6680602903332267,80,1.3719999020905116,0.30416059285631886,4,1.0727006641900259,-0.12767371234448907,3.2098765432098766,0.5212915520634787,0.5538274643694892
Top Secret Clearance,0,0.0,-0.4447125137485199,0,0.0,-0.4354083893708304,0,0.0,-0.05243415316690278,,0.0,0.0
Training And Development,15,0.7614998561519036,-0.8708838327004237,72,2.4847044098409814,1.5475056746083347,7,3.7774153358251215,0.1345941253495317,8.425925925925926,1.4169372045310404,1.892102050673908
Transformer Models,15,5.928820308611249,1.179897275472046,1,0.26868331415939184,-0.4119635921896357,0,0.0,-0.064220425872199,0.0,-0.3779707812208511,1.592975089573179
Transformers,77,4.699461979913917,2.1352267990619835,24,0.9957087524730404,-0.22462501717780795,11,7.136220043572985,0.37556485906083414,1.6049382716049385,0.24210904297166613,4.67929542531457
Typescript,161,3.8127135451097733,2.4026301987793,60,0.9658801022563016,-0.41475310519323105,19,4.782775928567655,0.31910307369692786,1.288471570161711,0.061944636165540926,3.682624148824614
Ui Design,14,1.815701219512195,0.008334842986239148,9,0.793455412126954,-0.3101377950039623,2,2.7571759259259263,0.03128911673596939,1.6049382716049383,0.10310591148262235,1.4406779594274617
Unix,22,1.2338355777380168,-0.4495166652518065,53,2.0205711395905617,0.9480902118129283,4,2.3845845845845846,0.01818059534986018,2.139917695473251,0.3001289051805328,2.4930525593774835
Unstructured Data,77,2.7848663584675064,0.9605087943962592,52,1.2784408673727925,0.11875524918466733,9,3.45998547567175,0.12834950024950326,1.2745098039215688,0.03378957787288263,3.560286962836509
Unsupervised Learning,28,3.575534709193246,0.9136606660987352,23,1.9965237036767118,0.6099584355942966,8,10.85903133903134,0.45193010266890704,3.8518518518518516,0.8810654066616767,7.138639800223134
Us Citizenship,3,0.5659328476401647,-0.5376207747509159,0,0.0,-0.7719934934094006,0,0.0,-0.09296801389119802,0.0,-0.16898995550397125,0.0
User Experience Design,82,1.7496878442893866,-0.06410127705187389,79,1.1458756251682034,-0.0956097358981,5,1.1340569361134913,-0.13098113913537576,0.6253006253006252,-0.4145336865550721,2.004924652424307
User Research,6,0.7433147849602164,-0.5671226051449778,13,1.094784250231552,-0.07971085102428264,1,1.3168601437258156,-0.04454990422700607,1.9259259259259258,0.12169446896229406,0.8137693195386978
Ux Design,7,1.7088952654232423,-0.03438327621497455,7,1.161660211218547,-0.01940914853875602,1,2.5949891067538124,0.0166692478408445,1.6049382716049383,0.07289671076646434,1.9851556349819386
Valid Driver'S License,1,0.23381263188889434,-0.6148357497004555,3,0.4768182758321602,-0.41427198428198836,0,0.0,-0.0835036093682102,0.0,-0.09756219094336348,0.11148613600504216
Vba,5,0.32297075611111864,-1.102647306857712,51,2.239376104783725,1.1143800577409948,0,0.0,-0.1589349085900028,0.0,-0.21817449872396172,0.7232529937791713
Vector Databases,234,8.868865447949979,6.347201106833513,35,0.9017453694390548,-0.41917822920709796,22,8.86325046507695,0.6409924117659329,0.9993011879804334,-0.25604320234042005,7.997458349866922
Vendor Management,4,0.3287266705764653,-0.9735882228940161,24,1.3407563399636981,0.13845412741736823,1,0.8735606894022736,-0.08369425114480278,3.2098765432098766,0.26058736268340643,0.4407423676905539
Verbal And Written Communication,125,0.9073402308762297,-1.9851749335799878,266,1.3125185770829584,0.37659545916182996,13,1.0030478226368038,-0.2542765907299318,1.1177248677248677,-0.08684836862455322,1.190900908759792
Virtualization,6,0.7661860091128384,-0.5463749264097678,15,1.302080676310899,0.08133525338589218,0,0.0,-0.11300659245238702,0.0,-0.2390033401146745,0.9976359969255932
Visualization Tools,40,0.7402763373070902,-1.4739721854345702,108,1.358692879628764,0.32844602177173177,6,1.1803294933729718,-0.13429355478064253,1.6993464052287583,0.21613067147063436,1.0058081884568046
Vmware,5,0.9881367181018749,-0.34410391645805993,6,0.8060499424781755,-0.24332175367933565,0,0.0,-0.09082973800977126,0.0,-0.21817449872396172,0.7964875447865893
Vue,17,1.0452290618144278,-0.5734365336683391,28,1.170265101672018,-0.02911828786182294,2,1.3071056241426613,-0.06399387861149981,1.2839506172839505,0.01870676595439092,1.2231950942948093
Vulnerability Management,6,1.556315331010453,-0.08956748111996925,10,1.7632342491710091,0.3041535511009742,2,5.514351851851853,0.12299753419611695,4.814814814814815,0.5295860787444594,2.7441484941475465
Warehousing,44,0.8071057038905038,-1.3862712463464775,77,0.9601346276148877,-0.4832513537391101,6,1.1698956414978514,-0.13633963181906963,1.52046783625731,0.1432751645233098,0.7749301344507606
Web Content Accessibility Guidelines (Wcag) Aa Standards,14,4.64819512195122,0.8992621565344182,0,0.0,-0.5818657195151681,0,0.0,-0.07007145484947154,0.0,-0.36514659423289597,0.0
Web Development,15,1.3316067003297993,-0.2952031306693337,9,0.5431138649852947,-0.609963924238619,2,1.8872648049118637,-0.016780886667120354,1.4814814814814814,0.07285377891642346,0.7232140616564324
Web Services,57,1.5563153310104532,-0.2763940826826707,30,0.5568108155276871,-1.077559995641312,1,0.290229044834308,-0.21163194185706075,0.17195767195767198,-0.6263583768398449,0.8665732086781727
Willingness To Travel,22,1.9021631823461091,0.06515477808688208,3,0.17632342491710093,-0.9700683523605758,0,0.0,-0.13735409270642684,0.0,-0.4578144340832787,0.33539592706247795
Work Ethic,8,0.6989767100678526,-0.7040357452731895,23,1.3660425340945923,0.15774637681813092,0,0.0,-0.13663623637902317,0.0,-0.2759891826181689,0.9548319162941904
Work-Life Balance,42,1.4375861201910989,-0.36762788243325484,37,0.8608945777395771,-0.5025809698794862,1,0.3638335242458954,-0.18149244601202424,0.23486901535682025,-0.5031598538618899,1.237610095906193
Workflow Automation,119,4.74875703564728,2.6851405899151835,29,0.7866737419378349,-0.5689269496337341,9,3.8176282051282056,0.15559566875812694,0.7878787878787878,-0.35981159206385965,3.7357224667862665
Writing Skills,5,0.4129526583112313,-0.9148267457532402,27,1.5158551157052256,0.304926775044422,0,0.0,-0.1405392293062379,0.0,-0.21817449872396172,0.625976399645152
Xml,1,0.08737208875848157,-1.1016643879630146,24,1.425435687750879,0.2128098776771666,0,0.0,-0.13663623637902317,0.0,-0.09756219094336348,0.12454329342967702
Snowflake,133,1.492828047955936,-0.5449234941552812,142,1.0834532019246876,-0.29525182478635703,13,1.5510279718528535,-0.1069196996719086,1.0432098765432098,-0.1542489099877882,1.61740932848084
Vertex AI,71,6.813002759259632,2.883525992748595,16,1.0436716018214527,-0.13621683204326465,6,6.1199743095696855,0.23859467613651633,0.8888888888888888,-0.21169197885267946,7.110537502970478
AWS Bedrock,58,8.091095950575351,2.9640137034902545,12,1.137952859969189,-0.04319286436984921,8,11.862807345160286,0.4817787964652802,1.5407407407407407,0.17550713028033652,9.207285777242346
GPT-4,47,3.7875376340448565,1.2850012973549891,10,0.5478009317812844,-0.6355927934643176,3,2.569795037756203,0.02736289079300231,0.6565656565656566,-0.2965733030606063,2.074816645086454
BERT,12,4.8587405455936095,0.8726946604151616,1,0.2752365657242551,-0.40411649208493683,0,0.0,-0.06345115250079518,0.0,-0.3380454816018256,1.3373030615143786
Llama,49,8.746603724101758,2.874941211477695,9,1.0920676640026894,-0.06817683517681321,7,13.281879729191557,0.4874786871083794,1.6049382716049383,0.19302825843753182,9.551883096937031
Mistral,32,11.804939992257065,2.7974996853381913,3,0.7523132796462972,-0.2027445812532066,3,11.763950617283951,0.29322674126224135,0.996168582375479,-0.09563686620356196,8.881013121602647
Gemini,95,6.710920008896138,3.296069302834511,20,0.9603999314633582,-0.24561705911559756,4,3.003561859732073,0.05972680724288651,0.42328042328042326,-0.6053588044885697,6.44516711659993
LangGraph,183,12.249707766662919,6.834618758805474,29,1.3195817606699165,0.13095344717007082,22,15.653643966547193,0.9638961417502306,1.3158500115021856,0.09319465700995651,16.164490942425005
CrewAI,91,13.136203605514316,5.005573419051925,14,1.373789467180195,0.12829502550452154,12,18.413140096618356,0.7882465901714046,1.4627285513361463,0.16691356757930603,18.04637815199007
AutoGen,82,12.604232804232803,4.6460473310351285,17,1.7762952436093125,0.40417633229476696,16,26.14211248285322,1.1187427479980792,2.334455667789001,0.6950709575435823,22.388838779503192
Pinecone,86,10.053943171222457,4.16921036063286,10,0.7946971263869337,-0.32565605793044694,5,6.213354199269691,0.22121871598636217,0.594421582075903,-0.44742657014705844,7.989839747028022
Weaviate,66,11.067131242740999,3.8707265421150594,4,0.4559474422098771,-0.5035520241314504,3,5.347250280583615,0.14540231885242835,0.45855379188712525,-0.48087486894765963,5.046030182728777
ChromaDB,7,7.746991869918699,0.9978132885841058,0,0.0,-0.3186776407351837,0,0.0,-0.03837677967133062,0.0,-0.25815867646792695,0.0
Qdrant,18,8.537501244400199,1.7137780659130661,3,0.9672599309738107,-0.09198531742168684,3,15.125079365079365,0.34793512619619776,1.9259259259259258,0.21083076002199275,8.257982864347358
SHAP,10,7.545771301868863,1.1698167636488175,8,4.103526979888894,0.8843754420009333,3,24.062626262626264,0.46197641180132987,4.126984126984127,0.5729686891477822,30.964276121290222
Diffusion Models,19,5.84098593366886,1.3105753888057485,4,0.8359036440514412,-0.18008472840096654,2,6.535528120713305,0.14717353564019298,1.132897603485839,-0.02885075317805376,4.882501426807011
Stable Diffusion,0,0.0,-0.14555873359058863,0,0.0,-0.14251339524992668,0,0.0,-0.017162167368150783,,0.0,0.0
Vision Language Models,17,5.879413472706156,1.2468873958379565,2,0.4701957997789358,-0.34377532766904667,1,3.676234567901235,0.04832705342260494,0.6018518518518519,-0.19619492133190755,2.764475520030121
Weights & Biases,10,5.3550635045520965,0.8776869261075004,3,1.0920676640026896,-0.0393565685486341,2,11.38446833930705,0.23384184550010106,2.4074074074074074,0.2571917647180791,5.8480916920022645
Feature Stores,31,3.78398237343718,1.0420932734172148,26,2.1573689636915874,0.7475833536408129,9,11.677450980392155,0.5053177950730526,3.9393939393939394,0.9534948499185946,8.163446131609401
Data Drift Monitoring,0,,0.0,0,,0.0,0,,0.0,,0.0,
ML Embeddings,1,8.300348432055749,0.3961201212953882,0,0.0,-0.11636145649424756,0,0.0,-0.014012820342483912,0.0,-0.09756219094336348,0.0
Milvus,20,7.21769428874413,1.6001326869260775,4,0.9812781908429964,-0.09898663425451529,3,11.508212560386474,0.2886475629007466,1.6993464052287583,0.1527667406061888,7.082565993716667
Pandas,72,2.165308286623239,0.3933738679515126,62,1.26748432983887,0.1128696236426074,11,3.5163982823403113,0.14685731955041142,1.7364905889496056,0.31203499910111776,2.744494322565208
NumPy,63,2.174311647482379,0.376154224490181,46,1.0792020019874118,-0.1743394880050058,9,3.3017325017325017,0.11548555485088036,1.6049382716049383,0.21893465347704794,2.346521482907531
S3,48,1.3084293094866206,-0.5597505101606706,52,0.9635539542267845,-0.3904145144889969,5,1.4487623912911267,-0.08009097515436886,1.1197243755383288,-0.052698071428938266,1.2607422349820545
Redis,31,1.6654420802183056,-0.10849024944394638,13,0.47476080754377975,-0.8671794161842565,1,0.5710655639458229,-0.12802623298769333,0.32098765432098764,-0.39221324174892225,0.7906866269218352
AWS Athena,0,0.0,-0.2058524259172998,1,1.880783199115743,0.11223806567409653,0,0.0,-0.024271129036879557,,0.0,0.0
Jenkins,31,1.5135929493748719,-0.24293450746091524,67,2.22374954718979,1.2630762657811518,12,6.22797385620915,0.34368772047092055,6.08187134502924,1.5298574654190924,3.3658516358020303
Helm,12,2.4293702727968047,0.2601648640805637,8,1.1009462628970204,-0.058563849736851824,2,4.303884372177055,0.08917100064096212,1.9259259259259258,0.1721222791942523,2.674606123028757
Grafana,27,2.2752224128477687,0.3050738352296675,17,0.9738065294913998,-0.2120530972993174,6,5.374393683023125,0.20689345166576534,2.7513227513227516,0.5347038214890867,2.2156264416763345
Prometheus,20,2.388589476850575,0.31695632155357173,15,1.217773294391488,0.01699950297367675,5,6.347455369038102,0.22607050103081278,3.209876543209876,0.582865225038909,2.908760476173166
Datadog,18,2.490104529616725,0.3449058304127998,11,1.0344307595136586,-0.12031230321810318,2,2.940987654320988,0.03952719347278868,1.2037037037037037,-0.005782906019785783,2.5758407198398303
Arize AI,0,,0.0,0,,0.0,0,,0.0,,0.0,
Anthropic,105,8.715365853658536,4.19948207636246,5,0.28211747986736146,-0.8860897376598275,2,1.7645925925925927,-0.025325880771744157,0.18698309960445883,-0.8379685835403959,2.4587570507562018
Cohere,8,7.378087495160666,1.0289150347819516,1,0.626927733038581,-0.16471027495783042,1,9.803292181069958,0.147879487513817,1.3756613756613758,0.03169529661253675,4.625527667501379
Flask,49,6.025438121047878,2.163328007568738,18,1.5046265592925945,0.24111711435725144,9,11.763950617283951,0.5079868637382379,2.1666666666666665,0.460482386988642,9.066034228302703
Ray,13,1.7984088269454124,-0.0006249308792008733,15,1.4105873993368072,0.15816653224509714,6,8.822962962962963,0.3332709707323597,8.253968253968255,1.2972555736543245,2.5368128301452875
Knowledge Graphs,43,7.435728803716609,2.399865691933503,2,0.2350978998894679,-0.6457562275078952,1,1.8381172839506175,-0.014232933436235173,0.22927689594356263,-0.5122013586797243,1.7481242259014
Data Lineage,16,1.4203804803517859,-0.23900727691341236,24,1.448303639960786,0.23212970342944172,1,0.9436324024559318,-0.07611408707044422,0.6419753086419753,-0.17755632482167188,2.057142219822741
Segment Anything Model (SAM),0,,0.0,0,,0.0,0,,0.0,,0.0,
Microsoft Power Platform,43,1.8397679514350374,0.03628362586359745,35,1.0179496696245,-0.23854168699960798,5,2.273959526536846,0.010812609078475553,1.267056530214425,0.02165000215765815,1.8727911783490396
ControlNet,1,5.533565621370499,0.2862266207680039,0,0.0,-0.14251339524992668,0,0.0,-0.017162167368150783,0.0,-0.09756219094336348,0.0
IP-Adapter,1,8.300348432055749,0.3961201212953882,0,0.0,-0.11636145649424756,0,0.0,-0.014012820342483912,0.0,-0.09756219094336348,0.0
FAISS,47,10.266220429121583,3.121706594843553,9,1.336345957266449,0.08231200488848231,5,11.60916179337232,0.37501240430567356,1.1463844797178129,-0.03851033855544851,13.719222166862856
LlamaIndex,100,10.000419797657528,4.481124950415107,17,1.1556619657217215,-0.03556482533481154,13,13.819098616688978,0.682489459911246,1.4389101745423585,0.15790935063998848,11.55710480140332
OpenAI,203,6.807962552352796,4.876809824044835,35,0.7979080238672849,-0.603593941307874,20,7.129667040778152,0.5062328076148731,1.0524185387573366,-0.1809136665903505,5.432127946710296
Jupyter Notebook,10,1.8044235721860324,0.0021010668941076347,12,1.4719172862644945,0.17798654649739512,1,1.918035426731079,-0.010412302188341875,1.0699588477366255,-0.035822511681464116,2.65596224764375
NVIDIA NIM,0,0.0,-0.11884795989769552,0,0.0,-0.11636145649424756,0,0.0,-0.014012820342483912,,0.0,0.0
Semantic Search,61,7.789557759313857,2.9581568883709832,13,1.1284699194694459,-0.05247205748469884,6,8.144273504273505,0.31178246484568034,1.0505050505050504,-0.10001025809520092,8.790281617355506
Random Forest,9,2.667969138875062,0.29575705605866986,2,0.40302497123908776,-0.4060551544460135,0,0.0,-0.07415763025791325,0.0,-0.29273704365076236,1.0752581854618957
XGBoost,33,5.025899050602563,1.4984856247233804,19,1.967057657790777,0.5381555266125301,5,8.094461433910974,0.2831173890191,1.7195767195767195,0.20435327209016585,9.886233214771167
Gradient Boosting,11,2.6086809357889496,0.3082761150199681,23,3.7078297353996073,1.3706950642781242,5,12.604232804232803,0.397403538393767,8.02469135802469,1.166047267309494,9.672544743888341
Decision Tree,10,1.6768380670819696,-0.05616219733092684,9,1.0258817449722235,-0.11505401064919919,2,3.5648335203890764,0.06433773945301036,2.4074074074074074,0.2571917647180791,1.7202375622939012
Linear Regression,6,2.929534740725558,0.2990946399311567,4,1.3276116699640537,0.05161925921900752,0,0.0,-0.05778038061154387,0.0,-0.2390033401146745,3.889284509352369
Logistic Regression,3,0.9577325113910481,-0.2809459205057646,6,1.3020806763108992,0.0514320674471998,0,0.0,-0.07145945560705215,0.0,-0.16898995550397125,1.2470449961569918
Support Vector Machine,10,3.5320631625769146,0.536043194951866,4,0.9603999314633581,-0.10979829385021266,2,7.508904649330182,0.16765255572027485,2.4074074074074074,0.2571917647180791,3.392193219263121
K-Nearest Neighbors,1,2.3715281234444996,0.069058590461824,1,1.612099884956351,0.07391731790088417,0,0.0,-0.02621587293796672,0.0,-0.09756219094336348,3.823140214975629
Naive Bayes,2,6.6402787456446,0.47391976000358677,2,4.513879677877783,0.4782894292254628,2,70.5837037037037,0.6581524016603904,,0.0,29.973419285408937
Classification (ML),0,0.0,-0.16807709933948262,0,0.0,-0.16456063853247785,0,0.0,-0.01981720722427308,,0.0,0.0
Clustering (ML),5,4.882557901209264,0.5661578154250054,4,2.6552233399281073,0.39828570487985265,0,0.0,-0.04085538043578617,0.0,-0.21817449872396172,12.964281697841232
Weak Supervision,0,0.0,-0.2787284151653229,1,1.0258817449722235,-0.03834396446504078,0,0.0,-0.03286362330564762,,0.0,0.0
Talend,0,0.0,-0.8192622833848018,9,1.0690767658131592,-0.08411116718022299,0,0.0,-0.09659633903481309,,0.0,0.0
Apache Beam,7,1.760679970436068,-0.014538379733219496,12,2.051763489944447,0.46418262067057564,2,5.347250280583615,0.11871180105049468,3.8518518518518516,0.4403639522607325,3.612498880817193
Apache Hudi,6,4.527462781121318,0.5718555839132934,4,2.051763489944447,0.2679691448646677,0,0.0,-0.04647729950598778,0.0,-0.2390033401146745,9.289282836387066
Debezium,0,0.0,-0.4447125137485199,3,1.2090749137172634,0.00451702721821264,0,0.0,-0.05243415316690278,,0.0,0.0
Prescriptive Analytics,4,1.8972224987555997,0.026469604006478267,5,1.612099884956351,0.16529449603711382,0,0.0,-0.05862406261121749,0.0,-0.19513699823055086,3.058512171980503
Text Mining,13,2.8395928846506515,0.41197673950617325,9,1.336345957266449,0.08231200488848231,2,4.643664717348928,0.09938410229075921,1.7508417508417509,0.13601116170221036,3.794678471685472
Biostatistics,3,0.3434626937402379,-0.8163895222160358,3,0.23347653506264396,-0.7950670052839249,0,0.0,-0.11935217854437358,0.0,-0.16898995550397125,0.0801904796577528
Statistical Sampling,9,1.2450522648083624,-0.2804026347606589,6,0.5642349597347229,-0.47261768069261745,0,0.0,-0.10857084786077324,0.0,-0.29273704365076236,0.702502014501772
Logical Data Model,2,0.8513177879031538,-0.27433217452700115,1,0.289351261402422,-0.3880190009990526,0,0.0,-0.061883944923578196,0.0,-0.13797674717936728,0.24632987578409712
Physical Data Model,1,0.22134262485481998,-0.6370314291762708,13,1.9560145270803726,0.44003963410431196,0,0.0,-0.08582434618407597,0.0,-0.09756219094336348,0.432949389678129
Vector Search,51,7.174877458217681,2.5440789858552817,8,0.7650643521826751,-0.3188767772104104,4,5.981669805398619,0.1901800644097921,0.8195429472025217,-0.21762515298666255,5.489242974561389
Prompt Orchestration,50,9.540630381673274,3.0749945203604585,7,0.9079643030213932,-0.18272108747288263,6,12.169604086845466,0.4248035765855912,1.3131313131313131,0.04718067565772995,8.662551814880704
SAP S/4HANA,3,0.55335656213705,-0.5493066449381608,1,0.1253855466077162,-0.6976733361934332,0,0.0,-0.09401894443451789,0.0,-0.16898995550397125,0.06938291501252068
HubSpot,13,1.1728753219209211,-0.3927316811877782,4,0.2453195477107491,-0.8845407206904095,0,0.0,-0.13445975108253205,0.0,-0.3518564774137917,0.2877292434947396
Dagster,9,1.678722154797792,-0.05243121069172229,7,0.8875606108186652,-0.19793872038883376,2,3.9653766125676237,0.07829490889361672,2.7513227513227516,0.3086057507461462,1.4899676611071542
DAX,11,0.6839238408435449,-0.846265733331085,19,0.8030310288359352,-0.43735397976594426,0,0.0,-0.16200106344253115,0.0,-0.3236469310842427,0.5492120655580163
Power Query,4,0.3018308520747545,-1.034923723447556,21,1.0771758322208345,-0.11987809173718551,0,0.0,-0.14703777666405432,0.0,-0.19513699823055086,0.32512489927354726
Semantic Modeling,15,1.8175945471654926,0.009640111850170111,23,1.8945115436348359,0.5471345021416748,0,0.0,-0.11601096387437887,0.0,-0.3779707812208511,3.443453851252758
Quantitative Finance,3,0.5724378229003965,-0.5317045625552196,36,4.669530701252879,2.084504981011848,2,4.056534695615156,0.08129951512272558,19.25925925925926,1.072620502909453,2.6730159885917595
Decision Automation,71,5.192288446484213,2.270970152162266,43,2.137630243928906,0.946459886253693,11,8.550889215206396,0.43989068059451325,1.7654320987654322,0.3267161893456731,11.099192818407289
Transformer Architecture,16,4.354281144684983,0.893359971225345,5,0.9249753438274146,-0.1439359274358727,4,11.57109896782028,0.334620684821755,3.2098765432098766,0.5212915520634787,4.027602698926221
RLHF,31,5.98397212543554,1.7101925486083969,2,0.26243486499289437,-0.5935772443871156,2,4.103703703703704,0.08283155688338455,0.6641123882503194,-0.2374498658751206,1.570402916859919
Model Quantization,25,4.882557901209264,1.266172199739948,4,0.5310446679856216,-0.4188144904635671,1,2.0759912854030502,-0.0033209390878286746,0.4012345679012346,-0.3191065312293727,2.5928563395682467
DSPy,11,10.144870305845915,1.4989427198172207,2,1.253855466077162,0.016455221813205655,1,9.803292181069958,0.147879487513817,0.9629629629629629,-0.064418964936233,12.72020108562879
Delta Lake,22,2.4511096040969997,0.3627839929695313,6,0.4544174172360185,-0.6191159972279126,1,1.1842903305990555,-0.054421138559114665,0.45855379188712525,-0.27737600292165193,1.1138268956561583
Fivetran,9,1.195250174216028,-0.3120368434584514,4,0.36111037423022263,-0.639181105557597,0,0.0,-0.11081086917072086,0.0,-0.29273704365076236,0.43161723770988863
Dataform,2,2.2134262485482,0.07325726236086716,0,0.0,-0.3186776407351837,0,0.0,-0.03837677967133062,0.0,-0.13797674717936728,0.0
Unity Catalog,13,2.664309373252463,0.354233138006397,7,0.9752209180600149,-0.13507272551185565,1,2.178509373571102,0.0009939703171484115,0.8024691358024691,-0.11456945448406597,2.5982902329791697
Adobe Analytics,4,0.603661704149509,-0.5825130233499751,7,0.7181172214805563,-0.3416052694888233,0,0.0,-0.10394639978931638,0.0,-0.19513699823055086,0.43349986569806304
Microsoft Fabric,33,1.3833914053426248,-0.38203714679696654,23,0.6554244481766983,-0.7342043482589934,4,1.7824167601945382,-0.03402146645360689,1.3282247765006387,0.04463260920313591,0.9067085484590771
DataRobot,3,5.533565621370499,0.49576623568346645,0,0.0,-0.24684354016467847,0,0.0,-0.029726135774519765,0.0,-0.16898995550397125,0.0
H2O.ai,5,5.187717770034843,0.6018283666571859,4,2.8211747986736144,0.429325432568065,2,22.05740740740741,0.3585932581667881,6.419753086419753,0.6463300177127809,14.635458635453581
Amplitude,2,0.46113046844754163,-0.5281183924563474,4,0.626927733038581,-0.3294587822055825,0,0.0,-0.08408979066375229,0.0,-0.13797674717936728,0.28909547921883616
Optical Character Recognition,16,3.5893398625105943,0.6945086524094979,4,0.6099837402537545,-0.34402433765712065,3,7.153753753753754,0.19649123550841824,2.2222222222222223,0.2775203328785464,2.1894389543761092
Econometrics,17,1.9735094174118566,0.09528786504454087,25,1.9728495095619678,0.6210291021544598,1,1.233980833980834,-0.0505804366097028,0.6018518518518519,-0.19619492133190755,3.893437086256906
Counterfactual Analysis,2,1.2769766818547308,-0.12294424094373031,3,1.3020806763108992,0.03636587499387396,0,0.0,-0.0505265933308366,0.0,-0.13797674717936728,1.662726661542656
Linear Mixed-Effects Model,0,0.0,-0.08403802272700123,0,0.0,-0.0822798028016999,0,0.0,-0.009908538625650453,,0.0,0.0
Conda,0,0.0,-0.23769890066485128,1,1.4105873993368072,0.040828276554404394,0,0.0,-0.028026008308059864,,0.0,0.0
Signal Processing,11,1.4846151667091585,-0.1608880749133795,1,0.09174552190808502,-0.8416844204210121,0,0.0,-0.10992032686970575,0.0,-0.3236469310842427,0.13620679330239038
Medical Imaging,3,0.6073425681992012,-0.501344603375704,1,0.13761828286212754,-0.6582140566187878,0,0.0,-0.08974152501792312,0.0,-0.16898995550397125,0.08358144134464866
Sensor Fusion,6,1.606519051365629,-0.06993458564760857,2,0.36402255466756317,-0.44850993619687035,0,0.0,-0.07803031712776565,0.0,-0.2390033401146745,0.5848091692002264
MicroStrategy,1,0.35320631625769144,-0.46154738920151134,5,1.2004999143291977,0.0018781518231438653,0,0.0,-0.06793635043620631,0.0,-0.09756219094336348,0.4240241524078901
Teradata,3,0.7905093744814999,-0.3712633059462385,11,1.9703443038355402,0.41081605743264554,0,0.0,-0.07865724871472127,0.0,-0.16898995550397125,1.5575756431382193
Azure Data Lake,7,0.9078506097560975,-0.46720011061628697,14,1.2342639744197064,0.028920422973853614,0,0.0,-0.11213345118331002,0.0,-0.25815867646792695,1.1205273017769148
Matillion,2,0.8737208875848157,-0.2643376310271464,2,0.5939315365628662,-0.2533130962477675,0,0.0,-0.06108527539793401,0.0,-0.13797674717936728,0.5189303892903209
SSRS,5,0.5845315797222358,-0.6725960826096876,12,0.9536365516643204,-0.19637725879436596,0,0.0,-0.11811027275860976,0.0,-0.21817449872396172,0.5574306800252107
Data Mesh,10,2.6350312482716665,0.301899674462232,9,1.612099884956351,0.22177972337083018,1,2.8009406231628455,0.02354078272682628,1.0699588477366255,-0.035822511681464116,4.2479335721951434
Model Versioning,64,5.157498054869592,2.1418086615915577,20,1.0956018635625688,-0.09805173361117078,6,5.139590075512406,0.19618617311511435,0.996168582375479,-0.1353398114566447,5.650564480235449
Secoda,0,0.0,-0.08403802272700123,0,0.0,-0.0822798028016999,0,0.0,-0.009908538625650453,,0.0,0.0
Probabilistic Graphical Models,1,1.2769766818547308,-0.08693225613441732,0,0.0,-0.29667149663449416,0,0.0,-0.035726681346563184,0.0,-0.09756219094336348,0.0
Predictive Maintenance,11,2.5719389507778376,0.2964768536463455,0,0.0,-0.6934034981396484,0,0.0,-0.0835036093682102,0.0,-0.3236469310842427,0.0
GraphRAG,9,8.300348432055749,1.1884092021357031,2,1.253855466077162,0.016455221813205655,2,19.606584362139916,0.3342898282085833,2.7513227513227516,0.3086057507461462,10.407437251878102
NLP Preprocessing,14,3.468802329814343,0.6170500809135726,9,1.5158551157052258,0.1759969994323501,2,5.2674405749032625,0.11662697677720771,1.6049382716049383,0.10310591148262235,5.258201757019278
TF-IDF,2,4.743056246888999,0.3473215671924038,0,0.0,-0.21769462902736822,0,0.0,-0.02621587293796672,0.0,-0.13797674717936728,0.0
Word2Vec,2,1.2296812491934441,-0.13668573258457317,4,1.6718072881028825,0.16588980594452446,0,0.0,-0.051489203689573146,0.0,-0.13797674717936728,2.055790074445057
Visual Question Answering,0,0.0,-0.16807709933948262,0,0.0,-0.16456063853247785,0,0.0,-0.01981720722427308,,0.0,0.0
Gaussian Splatting,0,0.0,-0.3030109998501842,0,0.0,-0.29667149663449416,0,0.0,-0.035726681346563184,,0.0,0.0
FHIR,13,1.622624505514658,-0.09388713103250179,1,0.08484736236612375,-0.8807997668115429,0,0.0,-0.11430382749595121,0.0,-0.3518564774137917,0.13767540940355455
MySQL,18,0.8277355777119307,-0.8561769599917782,26,0.8127484184544485,-0.4960185353136445,1,0.48880681235251877,-0.14559681729825474,0.5664488017429194,-0.21390431618718572,0.6727407816838509
Neo4j,21,6.704127579737337,1.5477268417341614,4,0.8680537842072661,-0.1608859897955589,3,10.180341880341881,0.263663033456713,1.6049382716049383,0.1262960707691596,5.8195433153992955
Apache Impala,0,0.0,-0.2657565609548415,2,2.2569398389388917,0.22333899410122196,0,0.0,-0.03133416686483088,,0.0,0.0
Apache Iceberg,1,0.5928820308611249,-0.29652020464870793,5,2.015124856195439,0.2895160698379251,0,0.0,-0.05243415316690278,0.0,-0.09756219094336348,1.1947313171798841
Parquet,8,1.9247184769984345,0.04762957315219858,16,2.6167418422479902,0.7817662841082632,2,5.114761137949544,0.11256675374771868,3.2098765432098766,0.3685537146822724,5.036491373309629
Google Bigtable,8,3.689043747580333,0.5108550662915835,3,0.9403915995578714,-0.10426685266207979,0,0.0,-0.059455781126141194,0.0,-0.2759891826181689,3.469145750626034
Azure Cosmos DB,6,1.9530231604837058,0.05019994787967098,6,1.327611669964054,0.06322279955054409,3,10.379956427015252,0.2675586592849703,9.62962962962963,0.9937019864492723,2.5928563395682476
Azure Synapse Analytics,3,0.4115875255564834,-0.7103836953801815,4,0.3730479072626267,-0.619774413231558,0,0.0,-0.10902252625158142,0.0,-0.16898995550397125,0.15354186506424902
Datastage,1,0.6148406245967221,-0.2858179330034823,4,1.6718072881028825,0.16588980594452446,0,0.0,-0.051489203689573146,0.0,-0.09756219094336348,1.0278950372225284
Apache NiFi,2,1.2296812491934441,-0.13668573258457317,4,1.6718072881028825,0.16588980594452446,0,0.0,-0.051489203689573146,0.0,-0.13797674717936728,2.055790074445057
Cognos,0,0.0,-0.7517830579221655,10,1.4105873993368074,0.12913097169893048,0,0.0,-0.08863997267111143,,0.0,0.0
Alteryx,9,0.8893230462916873,-0.5465091560632546,29,1.947954027655591,0.6518146502298533,0,0.0,-0.12847624509277503,0.0,-0.29273704365076236,1.7323604099108318
KNIME,0,0.0,-0.2787284151653229,2,2.051763489944447,0.18947805960838904,0,0.0,-0.03286362330564762,,0.0,0.0
Metabase,6,2.165308286623239,0.11342960728350975,1,0.2453195477107491,-0.44214128847322615,0,0.0,-0.06720959061364244,0.0,-0.2390033401146745,0.53119244952875
Redash,0,0.0,-0.11884795989769552,0,0.0,-0.11636145649424756,0,0.0,-0.014012820342483912,,0.0,0.0
ThoughtSpot,4,2.3715281234444996,0.13812365947819338,3,1.2090749137172634,0.00451702721821264,0,0.0,-0.05243415316690278,0.0,-0.19513699823055086,2.867355161231722
Matplotlib,10,1.5514669966459342,-0.11813577212669363,14,1.4765026983712373,0.19513756312074934,2,3.2983039113880235,0.05426127262704672,2.4074074074074074,0.2571917647180791,2.2907452069816414
Plotly,8,1.5442508710801393,-0.10899245525290424,14,1.8370440549502605,0.3980885415591431,1,2.051851851851852,-0.0043682634545725825,1.3756613756613758,0.03169529661253675,2.836856882069531
Named Entity Recognition,15,4.788662556955241,0.9609821324840797,4,0.8680537842072661,-0.1608859897955589,1,3.3934472934472937,0.0409645290048303,0.6878306878306879,-0.15785565957036415,4.156816653856639
Natural Language Generation,11,8.300348432055749,1.3138493058410543,1,0.5129408724861118,-0.2188942432262574,1,8.020875420875422,0.1256020170841146,0.9629629629629629,-0.064418964936233,4.257587966677406
Segmentation,36,1.144875645800793,-0.6917305073549138,62,1.3403282568411041,0.22206779105358548,1,0.3380445579679296,-0.19101999874889058,0.2751322751322751,-0.44557760339121977,1.53450917863601
Few-Shot Learning,16,8.568101607283355,1.6197099199949156,2,0.7280451093351263,-0.17752728649176855,2,11.38446833930705,0.23384184550010106,1.3756613756613758,0.04483114523763406,6.237964471469081
Knowledge Distillation,10,4.743056246888999,0.7766861990010815,2,0.6448399539825405,-0.22240548554885076,0,0.0,-0.05862406261121749,0.0,-0.3085785892196981,3.0585121719805035
Representation Learning,10,3.689043747580333,0.5711652058799033,2,0.5015421864308648,-0.3183490378865986,0,0.0,-0.06647489217181346,0.0,-0.3085785892196981,1.8502110670005516
Generalized Linear Model,0,0.0,-0.29112294344533735,3,2.821174798673615,0.37180325129656294,0,0.0,-0.03432501011043718,,0.0,0.0
Survey Methodology,0,0.0,-0.5822897011284803,0,0.0,-0.5701072587396645,0,0.0,-0.06865542374550966,,0.0,0.0
Great Expectations,4,1.1857640617222498,-0.21212073291796077,9,1.8136123705758949,0.3095689457620928,0,0.0,-0.07415763025791325,0.0,-0.19513699823055086,2.1505163709237913
Palantir Foundry,6,1.4229168740666998,-0.14521247959928466,3,0.48362996548690534,-0.4074105270572302,0,0.0,-0.08291328916591752,0.0,-0.2390033401146745,0.6881652386956132
Google Model Garden,2,4.743056246888999,0.3473215671924038,0,0.0,-0.21769462902736822,0,0.0,-0.02621587293796672,0.0,-0.13797674717936728,0.0
GitHub Copilot,37,4.583774507254668,1.4400516546169944,15,1.2632125964210215,0.05222172888862873,4,5.2674405749032625,0.16495997657460768,1.1672278338945006,-0.02473383172985582,5.790281696717657
AIOps,12,5.107906727418922,0.9182343228951994,6,1.736107568414532,0.22614137108104276,1,4.524596391263058,0.06779042679579349,0.8754208754208754,-0.09051426364787213,8.867875528227495
OpenShift,15,3.4111020953653766,0.622179881618652,20,3.091698409505331,1.0657282984932952,5,12.086250634195839,0.38590540114173305,4.814814814814814,0.8374821288070392,10.546098922901436
cuDNN,4,5.533565621370499,0.5724656882033959,0,0.0,-0.2850321578691833,0,0.0,-0.03432501011043718,0.0,-0.19513699823055086,0.0
OCI,2,0.4150174216027875,-0.5761278876628869,5,0.7052936996684037,-0.2991670128270641,1,2.205740740740741,0.002105842030226766,9.62962962962963,0.5736786770919498,0.2927091727090717
FastAPI,83,6.958877978390174,3.1703264965983045,25,1.4248357569058658,0.2166804338439608,11,9.80329218106996,0.490659168076634,1.47119341563786,0.16490448734106417,9.915258171555125
R Shiny,2,0.6510077201612353,-0.38071544975684235,2,0.4425372233213513,-0.36799695068090227,0,0.0,-0.0707688551602831,0.0,-0.13797674717936728,0.28809514884091636
Digital Twins,11,2.853244773519164,0.3829574645529897,0,0.0,-0.6583251993592544,0,0.0,-0.07927922816703836,0.0,-0.3236469310842427,0.0
Fraud Detection,13,1.5197821072778133,-0.15352554932871065,45,3.5761370687412013,1.8536941075811726,4,4.970683359415753,0.1536704329903779,4.279835390946502,0.6821781076309116,5.434949130245805
Autonomous Vehicles,9,1.436598767086572,-0.1705613073779943,0,0.0,-0.8392735091060307,0,0.0,-0.10107042247417412,0.0,-0.29273704365076236,0.0
Data Marts,4,0.721769428874413,-0.479554776273879,21,2.5758552509628654,0.8772806891253251,0,0.0,-0.09505827505024228,0.0,-0.19513699823055086,1.8591735733506252
Geospatial Analysis,2,0.18972224987555997,-0.9930849948050368,6,0.3869039723895243,-0.7327478246829743,0,0.0,-0.13112752598820904,0.0,-0.13797674717936728,0.07340429212753208
Variance Analysis,2,0.21147384540269426,-0.9276901930924984,13,0.9344018441466748,-0.22291452913588752,0,0.0,-0.12419598976653726,0.0,-0.13797674717936728,0.19760155113306632
Small Language Models,20,7.7212543554006965,1.682647055932644,3,0.7873045949786831,-0.1824821841915862,2,8.207407407407407,0.18115795837301132,1.0699588477366255,-0.05067103753103639,6.078979033006139
Image Processing,2,0.5724378229003965,-0.43410819682900176,0,0.0,-0.626699050042876,0,0.0,-0.0754705866181196,0.0,-0.13797674717936728,0.0
Dataiku,5,2.2433374140691216,0.12334248583234592,7,2.134943090888141,0.3808700743353823,0,0.0,-0.06027603139266302,0.0,-0.21817449872396172,4.789397712697739
LLM-as-a-Judge,43,9.646350880497222,2.8716997043486847,7,1.0674715454440704,-0.07516864924264036,5,11.922922922922922,0.3822100602235799,1.267056530214425,0.02165000215765815,10.297205082300138
Medallion Architecture,5,1.152826171118854,-0.2535167014321134,4,0.626927733038581,-0.3294587822055825,0,0.0,-0.08408979066375229,0.0,-0.21817449872396172,0.7227386980470905
Sigma Computing,1,1.5091542603737726,-0.0443445111922018,0,0.0,-0.27289694353168564,0,0.0,-0.03286362330564762,0.0,-0.09756219094336348,0.0
People Analytics,5,0.8557060239232731,-0.4306770012296998,5,0.5816855254997144,-0.4130669318660442,0,0.0,-0.09760827347761195,0.0,-0.21817449872396172,0.4977518081990803
ELK Stack,0,0.0,-0.4202111922706397,3,1.354163903363335,0.05320238806080277,0,0.0,-0.049545292707011954,,0.0,0.0
Streamlit,18,1.6693438187374692,-0.08014654789078741,23,1.4499892819998466,0.22862054702044507,4,3.9432236705979724,0.1097021300537412,2.7513227513227516,0.4365091272905437,2.420530645142025
Slowly Changing Dimensions,1,0.5724378229003965,-0.30694192950588983,0,0.0,-0.4431162580468908,0,0.0,-0.053362379996231266,0.0,-0.09756219094336348,0.0
Modern Data Stack,8,1.0137830146022289,-0.4160789792063971,15,1.2921411291634874,0.07397545685837816,0,0.0,-0.11344064861803752,0.0,-0.2759891826181689,1.3099507292148882
AWS Aurora,1,0.8737208875848157,-0.18690731812521605,0,0.0,-0.3586628532317674,0,0.0,-0.043192018220255965,0.0,-0.09756219094336348,0.0
Azure AI Services,44,7.939463717618542,2.5468849086363496,17,2.0852161555413673,0.5692334788299693,14,26.852495974235104,1.0623732461458593,4.493827160493827,1.328669052861621,16.555498010312707
Robotic Process Automation,97,3.361727757450554,1.5471083177419624,52,1.2250612904469975,0.04236931724241852,12,4.420691254929251,0.22740526138720618,1.3594771241830066,0.0990059300053239,4.118322544673867
Row-Level Security,5,1.3175156241358332,-0.17647962380739007,4,0.7164888377583782,-0.2593823653243499,0,0.0,-0.07865724871472127,0.0,-0.21817449872396172,0.9439852382655874
SSAS,12,1.4229168740666998,-0.2053927610718298,14,1.1284699194694456,-0.05445402223990716,0,0.0,-0.1172750477940775,0.0,-0.3380454816018256,1.605718890289764
R,93,0.7575391601385523,-2.190535831053862,191,1.0575944780111097,-0.42657987967797867,11,0.9524297604768656,-0.25046224875868994,1.2917795844625115,0.049350207139743904,0.8011692326397066
Web Scraping,4,2.7667828106852497,0.21542929081349357,3,1.4105873993368074,0.07071915944235455,0,0.0,-0.04854416838291087,0.0,-0.19513699823055086,3.9027889694542885
IoT,16,1.0137830146022289,-0.5885905263350563,0,0.0,-1.332542644436239,0,0.0,-0.16047527567488878,0.0,-0.3903749598888824,0.0
ELT,37,0.964247698543368,-0.976868509375323,44,0.7794768674514225,-0.7167916506354317,4,1.1080644223501366,-0.12150355198583311,1.1672278338945006,-0.02473383172985582,0.7516087755078281
Speech Analytics,5,5.533565621370499,0.6400407355384202,4,3.0092531185851885,0.4625616023790302,0,0.0,-0.03837677967133062,0.0,-0.21817449872396172,16.65189960300496
Cloud Composer,3,1.3833914053426248,-0.11509835441240504,4,1.253855466077162,0.023272121374064026,0,0.0,-0.059455781126141194,0.0,-0.16898995550397125,1.734572875313017
Dataflow,10,1.8652468386642134,0.028388795096239504,12,1.5215324756891404,0.20644319019323393,2,3.9653766125676237,0.07829490889361672,2.4074074074074074,0.2571917647180791,2.8380336402041033
AWS Lambda,40,1.516045375717945,-0.2734199277358378,28,0.7213962955512438,-0.6774310965106289,6,2.417250126839168,0.025261881286703834,1.6993464052287583,0.21613067147063436,1.0936695179305191
Pub/Sub,14,3.3682573347472604,0.589051388935743,8,1.3083709211239951,0.06277041681338867,2,5.114761137949544,0.11256675374771868,1.6049382716049383,0.10310591148262235,4.4069299516459255
TensorRT,10,2.8621891145019824,0.3676225799504611,0,0.0,-0.626699050042876,0,0.0,-0.0754705866181196,0.0,-0.3085785892196981,0.0
Survival Analysis,2,1.3833914053426248,-0.09397496046140413,0,0.0,-0.4031064646248197,0,0.0,-0.04854416838291087,0.0,-0.13797674717936728,0.0
spaCy,14,5.164661246612466,1.0027231119676006,4,1.0030843728617296,-0.08795523527499938,2,7.842633744855967,0.17421560321535232,1.6049382716049383,0.10310591148262235,5.180590987601544
NLTK,3,1.7173134687011895,-0.020367758451490983,2,0.7782551168754798,-0.15318949012191038,0,0.0,-0.053362379996231266,0.0,-0.16898995550397125,1.3365079942958797
Simulation,46,1.7635844243628847,-0.03448971895938843,53,1.3812680307593679,0.25959925643772347,1,0.40752715764263114,-0.16727673486342007,0.2139917695473251,-0.538510093970577,2.435982784917615
MapReduce,2,0.9765115802418528,-0.2220590943841279,9,2.987126257419121,0.6881564692386377,0,0.0,-0.05778038061154387,0.0,-0.13797674717936728,2.9169633820142775
OAuth2,30,3.1126306620209063,0.752842000929503,24,1.6927048792041688,0.42158199784036343,6,6.617222222222223,0.2580985801560726,2.4074074074074074,0.44564101181596516,5.26876510876329
LookML,9,3.830930045564192,0.5708585479991588,3,0.868053784207266,-0.13932742264438927,0,0.0,-0.061883944923578196,0.0,-0.29273704365076236,3.3254533230853105
Multi-Armed Bandit,4,3.9060463209674112,0.3905267389825639,0,0.0,-0.33925967511743305,0,0.0,-0.04085538043578617,0.0,-0.19513699823055086,0.0
SLAM,0,0.0,-0.2058524259172998,0,0.0,-0.20154564146747234,0,0.0,-0.024271129036879557,,0.0,0.0
Lidar,1,0.46113046844754163,-0.3734076142248805,0,0.0,-0.4937149717507022,0,0.0,-0.059455781126141194,0.0,-0.09756219094336348,0.0
Apple Silicon,0,0.0,-0.2058524259172998,0,0.0,-0.20154564146747234,0,0.0,-0.024271129036879557,,0.0,0.0
Core ML,12,5.533565621370499,0.9915971508488203,0,0.0,-0.4937149717507022,0,0.0,-0.059455781126141194,0.0,-0.3380454816018256,0.0
Azure AI,69,6.435101593391535,2.7143738328900064,21,1.3313409162279977,0.12149911907578408,16,15.861506450270495,0.8288878930160642,2.9070580013976244,0.934279214028701,8.567314051366134
Copilot Studio,51,5.0394972623195615,1.8682041529023525,15,1.0075624280977193,-0.16604394533641695,6,6.302116402116402,0.2458759987229802,1.2839506172839505,0.032423379781322814,5.077608098014506
Workday,30,1.4435388577488262,-0.3048526991902053,28,0.9158596447867966,-0.35406419484163765,0,0.0,-0.18418145058145205,0.0,-0.5347043105936875,1.322078985493778
Shopify,19,3.032819619404986,0.5704360421663007,1,0.10850672302590826,-0.7619982376761213,0,0.0,-0.10107042247417412,0.0,-0.4254287645530072,0.3290813184303173
Polars,6,3.6890437475803326,0.4424042644427881,3,1.253855466077162,0.020153848408680872,1,6.535528120713305,0.10406114904301984,1.9259259259259258,0.12169446896229406,4.625527667501378
LLMOps,38,7.50983905757425,2.272691667000794,12,1.612099884956351,0.25610119266774367,6,12.604232804232804,0.4353475610007091,1.8055555555555556,0.25588284812077716,12.106610680756159
PEFT,31,7.917255427499331,2.1333463318123638,5,0.8680537842072661,-0.17988108090612728,2,5.42951566951567,0.12083485316441517,0.6641123882503194,-0.2374498658751206,6.87260353437631
Electronic Health Records,10,0.7094314899192948,-0.7738881614201032,5,0.24112605116868502,-1.002072142924776,0,0.0,-0.15164874284680943,0.0,-0.3085785892196981,0.17106241373895634
Stata,0,0.0,-0.6723927193093897,1,0.1763234249171009,-0.5599180607413832,0,0.0,-0.07927922816703836,,0.0,0.0
SPSS,1,0.1729239256678281,-0.7432048216413325,6,0.7052936996684037,-0.3277323497501736,0,0.0,-0.0971036222466779,0.0,-0.09756219094336348,0.12196215529544652
GCP Dataproc,0,0.0,-0.5248589696855587,10,2.89351261402422,0.6994383566278027,0,0.0,-0.061883944923578196,,0.0,0.0
Data Contracts,10,2.1282944697578845,0.1328104895342757,8,1.157405045609688,-0.02333192479258678,1,2.262298195631529,0.004372002381333128,1.0699588477366255,-0.035822511681464116,2.4632987578409713
Multivariate Analysis,0,0.0,-0.3565558034203691,4,2.507710932154324,0.3691717202619273,0,0.0,-0.04203993155197594,,0.0,0.0
Google Tag Manager,57,2.2160180825628935,0.39365713689673915,17,0.4492737384304585,-1.0560443527930155,1,0.41325353456500996,-0.165566149346212,0.17195767195767198,-0.6263583768398449,0.9955987283825275
ArcGIS,2,0.46113046844754163,-0.5281183924563474,1,0.15673193325964524,-0.6054653126957439,0,0.0,-0.08408979066375229,0.0,-0.13797674717936728,0.07227386980470904
YOLO,0,0.0,-0.2058524259172998,0,0.0,-0.20154564146747234,0,0.0,-0.024271129036879557,,0.0,0.0
Gurobi,1,0.6384883409273654,-0.274814104767651,2,0.8680537842072661,-0.11375715423603952,0,0.0,-0.0505265933308366,0.0,-0.09756219094336348,0.5542422205142186
Health Informatics,6,0.8300348432055749,-0.49219607325120185,5,0.4701957997789358,-0.5436400905893221,0,0.0,-0.10857084786077324,0.0,-0.2390033401146745,0.39027889694542883
Knowledge Representation,23,2.232842268272307,0.25899252554688856,16,1.0558782872228731,-0.12458450232496929,5,5.159627463721031,0.17992699513335733,2.6748971193415634,0.47086301886545756,2.357609669862198
GCP Cloud Functions,11,4.057948122338367,0.6802350175425168,6,1.5046265592925945,0.1391811323279486,0,0.0,-0.06647489217181346,0.0,-0.3236469310842427,6.105696521101821
Cloud Data Fusion,2,0.9486112493777998,-0.23300065433225003,1,0.32241997699127023,-0.3540138617980642,0,0.0,-0.05862406261121749,0.0,-0.13797674717936728,0.3058512171980503
Model Monitoring,33,4.453845500127475,1.316924430067159,18,1.6514193943455304,0.339056881342832,3,4.303884372177055,0.10922163613901956,0.9629629629629629,-0.11162736436966408,7.3551668383290805
Model Serving,33,4.935342310952066,1.4710293787743363,13,1.321631437216468,0.08903854775570508,3,4.769169169169169,0.126158534610551,0.9629629629629629,-0.11162736436966408,6.522703551578823
Algorithmic Fairness,38,5.170708859313418,1.654203913865692,20,1.8499506876548293,0.48364701516101594,6,8.67832422586521,0.32879457816978386,1.8055555555555556,0.25588284812077716,9.565556409949776
Model Interpretability,20,4.548136127153835,1.049494611911693,18,2.7825285685547976,0.8958426267293569,6,14.503500761035008,0.4787312472330658,4.126984126984127,0.8104465025742789,12.655318707481722
Claude (Anthropic),192,6.478320727458145,4.556460766914333,23,0.5275367509714889,-1.0138608738212993,11,3.9452273411623007,0.18220369446172502,0.5852261100879885,-0.6802457998531312,3.4175522683145223
vLLM,22,6.8908553020840175,1.6191013350869718,4,0.8516754109203364,-0.17056649503219268,1,3.329419986023759,0.039221821943358166,0.45855379188712525,-0.27737600292165193,5.868772020994984
ONNX,11,3.3201393728222994,0.5099983292327643,1,0.20517634899444467,-0.5041627415215202,1,3.2083501683501683,0.03584224881569663,0.9629629629629629,-0.064418964936233,0.6812140746683848
OpenCV,2,0.7064126325153829,-0.3476637204776882,2,0.48019996573167906,-0.33544138533859996,0,0.0,-0.06793635043620631,0.0,-0.13797674717936728,0.33921932192631205
Pattern Recognition,3,0.7217694288744129,-0.41528622771959767,3,0.49063909542149814,-0.40047209507202286,1,2.557380568974772,0.015358474905141696,4.814814814814815,0.3744540829002103,0.35412829968583326
Neural Network Architectures,6,3.3201393728222994,0.37663717118963447,0,0.0,-0.4506923867014905,0,0.0,-0.05427474217524306,0.0,-0.2390033401146745,0.0
Descriptive Statistics,1,0.5724378229003965,-0.30694192950588983,1,0.3891275584377399,-0.2973660839068344,0,0.0,-0.053362379996231266,0.0,-0.09756219094336348,0.22275133238264663
Anaplan,1,0.5355063504552097,-0.3270170785977881,4,1.4560902186702527,0.0973902610096424,0,0.0,-0.055172026755580826,0.0,-0.09756219094336348,0.7797455589336352
AWS Trainium,3,1.7173134687011895,-0.020367758451490983,0,0.0,-0.4431162580468908,0,0.0,-0.053362379996231266,0.0,-0.16898995550397125,0.0
Imitation Learning,4,3.3201393728223,0.3075159225181982,0,0.0,-0.3679810930675845,0,0.0,-0.0443141725601815,0.0,-0.19513699823055086,0.0
Video Processing,4,1.5810187489629997,-0.06517318073451946,0,0.0,-0.5332798136419722,0,0.0,-0.064220425872199,0.0,-0.19513699823055086,0.0
Apache Pig,0,,0.0,0,,0.0,0,,0.0,,0.0,
Github,162,2.8398235395840157,1.4574461629660838,111,1.3227049742461296,0.2627828206283944,22,4.099370331260511,0.2747797168661856,1.5132275132275133,0.2690001428540932,3.7562487217890284
Git,109,1.4639773124499622,-0.5448531083557394,103,0.9403915995578713,-0.6125482351816696,12,1.7131966918374686,-0.07142525392016279,1.191294387170676,-0.023855911573595828,1.3767119665712535
