skill,n_ag,lift_ag,z_ag,n_fin,lift_fin,z_fin,n_joint,lift_jo,z_jo,lift_delta,z_delta,lift_comp
.Net,25,1.2170598873982037,-0.49691110652108,21,1.3840037625186743,,1,1.5877099440149294,-0.017733913867064573,1.3172348484848486,0.008779613495358378,1.684415463369668
A/B Testing,81,2.2448354691035584,0.49857040318323637,15,0.5627775852836489,,2,1.807709819395963,-0.015406014474186228,0.8003452243958573,-0.10009812175433302,1.2633430846611877
Ab Experiments,0,,0.0,0,,,0,,0.0,,0.0,
Ability To Work Independently,36,0.5116653143048064,-2.0505645953682192,94,1.808661798914448,0.8400767408042287,0,0.0,-0.11477034884334643,0.0,-0.18952418051712844,0.9254295078126576
Account Management,14,1.0329322493224933,-0.5320173175102044,9,0.8989433962264152,,0,0.0,-0.050268882594355455,0.0,-0.11813528870690376,0.9285476242777524
Accounting,32,0.4937010219810111,-1.9955515641165127,46,0.960766640948306,-0.17171593006676186,1,0.5031683001013856,-0.08522308596487055,1.0197947214076246,-0.03176158637896237,0.47433147252144187
Active Directory,5,0.8058590710733737,-0.46746255416825716,7,1.5273310130060453,,0,0.0,-0.034002452641034804,0.0,-0.07058619318290403,1.2308135513626066
Adherence To Laws And Policies,1,1.8445218737901665,0.006175478877512314,0,0.0,,0,0.0,-0.010049009773760472,0.0,-0.03156449318092742,0.0
Administrative Support,0,0.0,-0.7032139577918847,9,2.889460916442048,,0,0.0,-0.02802910227474454,,0.0,0.0
Advanced Analytics,80,1.380515331734844,-0.600320537109099,60,1.40167889224493,0.3197112955887647,11,6.1907484407484406,0.18512981076588778,5.0398550724637685,0.7787456203696166,1.935039200913238
Excel,99,0.40882313172811896,-4.137009106657121,219,1.2243072373979162,0.2604078380975886,1,0.13467887833559475,-0.20129324765245177,0.32258812615955473,-0.23165715356812108,0.5005251189904177
Advanced Incident Response,41,1.9728364389233954,0.14749984774153488,11,0.7165490839485917,,1,1.5693017127799738,-0.018352609359616953,0.7903409090909091,-0.07276965866019613,1.413634143090961
Agentic Frameworks,190,11.769150761870092,6.809064911921808,12,1.0062799211489721,,8,16.16146540027137,0.34185010945409783,1.3896103896103897,0.04889971212047125,11.843060100645001
Agile Delivery,13,0.9591513743708867,-0.5836269832202993,14,1.3983563941299793,,0,0.0,-0.050268882594355455,0.0,-0.11383565712886706,1.3412354572900869
Agile Development Practices,5,1.0247343743278703,-0.3225488394681525,2,0.5549033310039599,,0,0.0,-0.030151794559465123,0.0,-0.07058619318290403,0.568628517708794
Agile Environments,23,1.1640732557151356,-0.5319276385782029,11,0.7536872986654395,,0,0.0,-0.060707610711405825,0.0,-0.1514469157159614,0.8773472275486239
Agile Methodologies,207,1.0957730391808291,-1.833826572828851,131,0.9387881449749712,-0.338859112772553,8,1.3811456400742117,-0.07163808171883317,1.2708999543170398,0.008862985503223012,1.028698738766157
Project Management,74,0.5252037485866827,-2.8780971015441956,159,1.5277041470713981,0.7155655963683307,2,0.4629406506276964,-0.12894565449013123,0.8781565656565656,-0.07883379790866663,0.8023559447733192
Artificial Intelligence,1426,2.5372554906991422,3.3159666960613627,316,0.7611632186697406,-1.2197032088543225,43,2.4952401831823057,0.039982145147052214,0.9829257871557221,-0.2539805133384269,1.9312655558880312
Ai Agent Systems Architecture,59,11.660013273602123,3.7722819107698484,3,0.8026280323450133,,2,12.89069264069264,0.1465541386974661,1.109250398724083,-0.0260415202032265,9.35865351090801
Ai And Automation,85,3.8033941602411785,1.7386271267529185,11,0.666332706097747,,4,5.837294780691007,0.1045939565835704,1.5611672278338944,0.0713863966971113,2.5343259231498725
Machine Learning,972,2.7110008991794987,3.24195413855481,241,0.9099687436599716,-0.5508634664657328,40,3.6385019550342133,0.16603987521909713,1.356808427623878,0.08676952974887385,2.4669260822874217
Ai Engineering,138,7.511134974581595,4.33397527160504,26,1.9157810083513764,0.4932714594534801,7,12.425782414307003,0.2672557001175248,1.6892782789729355,0.127741713728866,14.389689735467218
Ai Frameworks,105,8.938836772983114,4.271443367064122,8,0.9219932268988872,,6,16.658741258741255,0.301908525481099,1.9159779614325065,0.16753489534982383,8.241546961045136
Ai Integration,45,4.639946328478369,1.609547343205743,5,0.6979374194304465,,1,3.362789384528515,0.021700594686625333,0.7184917355371901,-0.0883952468337915,3.2383921667939677
Ai Model Development,101,5.3739435361386585,2.8005943616439803,6,0.4321843251088534,,3,5.205856643356643,0.07915275860041465,0.967764378478664,-0.06957604398193812,2.3225341603391714
Ai Solutions Development,24,6.129488072902707,1.5362537388508999,7,2.4202322206095794,,5,41.64685314685315,0.4722832736028179,8.319377990430622,0.7480541401162166,14.83478452988125
Ai Technologies,149,4.812264266055667,3.047810653723384,18,0.7870127009764334,,6,6.3199504775380255,0.13958819353735805,1.3264462809917354,0.02426332440835472,3.7873130978408445
Ai Tools,296,3.1825170153996134,2.469266797387443,49,0.7132161012806725,-0.5511790372840843,11,3.857189119170984,0.09669968220532152,1.2201754385964911,-0.011056669733228825,2.269822377982714
Ai-Powered Solutions,99,5.869532105525136,3.0062118814890053,19,1.5249932614555255,,8,15.46883116883117,0.3321326354995382,2.7792207792207795,0.36588464656328257,8.950996908822693
Model Deployment,92,4.326527228040391,2.127747771487218,16,1.0186327435993372,,4,6.134947205768736,0.11041895696163705,1.4369834710743803,0.045121000961841705,4.407142300556019
Ai/Ml,615,4.487660910518053,5.7631868690685035,133,1.3138403483309145,0.3457791383421938,34,8.091388611388611,0.4221443965849681,1.8500234705053982,0.3698301416415271,5.896069973866068
Ai/Ml Solutions,448,5.80570819291331,6.348607775756579,68,1.1929771846876702,0.10619484880254582,26,10.988787169115039,0.4717793137152268,1.9477595863851787,0.36476042017744936,6.926077415099862
Airflow,95,2.3192150030744,0.6196302152585789,25,0.8262347391786904,-0.26040090999505644,2,1.592379679144385,-0.024877943031968962,0.6798631476050832,-0.1380913346259236,1.9162160031644826
Algorithm Development,17,2.4974499707070397,0.3382261644397839,9,1.789931541158791,,0,0.0,-0.0356156101372513,0.0,-0.1301868293833602,4.470264475034629
Algorithms,206,2.087755527476782,0.535602333993599,64,0.8780887875227497,-0.3308732163400416,10,3.305305805305805,0.06593410657844513,1.6129406307977736,0.12957130049562515,1.833234719766006
Ambiguity Management,17,2.1876887340301976,0.20157093750004063,10,1.7421383647798743,,0,0.0,-0.03805496075966398,0.0,-0.1301868293833602,3.8112564737507215
Analytical Modeling,8,0.7460987354656853,-0.6519551164689104,12,1.515073139707441,,0,0.0,-0.04470675522296629,0.0,-0.08929079855677721,1.1303941536737474
Analytical Problem Solving,31,0.7011193498466709,-1.3826594748104504,29,0.887920929515192,-0.2114469038680419,2,1.475229130542482,-0.0306331477347875,2.1802507836990594,0.12608112102673194,0.622538544816943
Analytical Skills,77,0.49756857085892775,-3.084006155015678,133,1.1634825972957688,0.09803364816906515,4,0.842988074595704,-0.10604232400035117,1.7322540473225407,0.1044517684959785,0.578912373155689
Analytical Thinking,41,1.0038769490096924,-0.9597279102826802,33,1.0938470529303723,-0.013836079727964991,3,2.3956154465004023,0.006665864289147973,2.4958133971291865,0.19279609768450387,1.0980878421789857
Analytical Tools,10,0.41605756551657885,-1.2865389011836261,37,2.0840166453870523,0.6811874974019648,0,0.0,-0.06696693196599848,0.0,-0.0998342787321726,0.8670708919757644
Analytics Tools,56,0.8428277646330408,-1.4754663664887933,55,1.1206230007355584,0.013720565439398577,4,1.9634055880656063,-0.013131511157383497,2.431818181818182,0.21411935362581228,0.9444921787063211
Angular,30,1.97627343620375,0.12853252733247622,6,0.5350853548966756,,0,0.0,-0.053202739400074264,0.0,-0.17298962779983862,1.057474972983956
Anomaly Detection,63,3.9024026210411358,1.5488541765296329,6,0.5031399605744861,,2,4.040366350067843,0.04468197280986578,1.0365126676602088,-0.04128417586948382,1.963454700896408
Api Development,581,2.9540596869980957,3.0159701904753304,100,0.6883180675546824,-0.8566510721242175,22,3.6480857580398167,0.12307246231630754,1.244186046511628,-0.0011153031567896297,2.033332655195719
Api Integration,40,3.018308520747545,0.82023188637691,7,0.7150686106346483,,1,2.4609504132231406,0.005251268185166829,0.8106060606060607,-0.0686502285720552,2.1582976803976677
Application Architecture/Design/Modernization Projects,0,0.0,-0.11884795989769552,0,0.0,,0,0.0,-0.0047370758509120165,,0.0,0.0
Application Development,66,1.8230382579556719,0.02634230286223726,15,0.5609047813392773,,0,0.0,-0.08222501516801581,0.0,-0.25677642400254364,1.0225508754517632
Application Security,8,1.4280169345472258,-0.1651114951873377,5,1.2082572529924933,,0,0.0,-0.03230900411221658,0.0,-0.08929079855677721,1.7254118185627922
"Architecting Complex, Scalable, Secure Solutions",1,0.3860627177700348,-0.43130306018881476,0,0.0,,0,0.0,-0.021966894013196132,0.0,-0.03156449318092742,0.0
Architecting Solutions,23,3.1555043625997063,0.6757272604487795,5,0.9286605332917511,,0,0.0,-0.03685542980167199,0.0,-0.1514469157159614,2.9303923641762903
Artificial General Intelligence (Agi),0,0.0,-0.4285339095602422,0,0.0,,0,0.0,-0.01708066968124456,,0.0,0.0
Attention To Detail,47,0.3363072209539829,-3.2969700593023252,93,0.9008807742355237,-0.35558897137806933,0,0.0,-0.1621640780084337,0.0,-0.2166013772838982,0.30297270959402145
Authentication,44,2.341123916733673,0.43696233131450596,12,0.8643686502177068,,0,0.0,-0.059206345163622734,0.0,-0.20956157123416966,2.023594119899476
Autocad Civil 3D,1,0.2155934657676818,-0.6478587709633987,0,0.0,,0,0.0,-0.02939762223158126,0.0,-0.03156449318092742,0.0
Automated Testing,73,2.1448687983719283,0.3758179678926946,20,0.7955251294039072,,2,1.916492357200322,-0.011066693538577825,0.8905249679897568,-0.07564602928603684,1.7062970283792311
Security Assessments,4,2.0750871080139373,0.0713240020306614,3,2.1068985849056605,,1,16.919034090909093,0.12445227783086495,10.537878787878789,0.3858146910217456,4.371998091430544
Automating Security Operations,2,1.1857640617222498,-0.1499829257471937,1,0.8026280323450135,,0,0.0,-0.01772552643982872,0.0,-0.04463985779303767,0.9517274756855605
Automation And Scripting,557,1.9397080246087905,0.4479207960230863,196,0.9240240489845676,-0.45641163247969185,16,1.817190151991914,-0.042868356526656375,0.9349689127877667,-0.18448837769144727,1.7923368627468719
Automation Frameworks,43,2.77754850255562,0.7131097459508529,7,0.6121209896483372,,0,0.0,-0.053728541921100645,0.0,-0.20716221389088174,1.7001957381806032
Aws,578,2.5065838002759784,2.010924103431898,136,0.7984345734508389,-0.6853963683461182,27,3.8187161584497007,0.14942619694313428,1.5491255568388054,0.18088762127476274,2.0013431673921334
Aws Application Migration Service,1,0.3689043747580333,-0.4466501513650487,0,0.0,,0,0.0,-0.022472044719758017,0.0,-0.03156449318092742,0.0
Aws Glue,24,1.4078329496066289,-0.3038521021763931,11,0.8735315687712514,,0,0.0,-0.05638408156416252,0.0,-0.1547074131085573,1.2297865250377367
Aws Professional Level Certifications,13,1.084467634338942,-0.4664473672652692,7,0.7905281122594102,,0,0.0,-0.047272624494184304,0.0,-0.11383565712886706,0.8573021517803923
Aws Solutions,15,2.2233076157292184,0.20498195196924737,0,0.0,,0,0.0,-0.03545759088959278,0.0,-0.12228417144447762,0.0
Aws Step Functions,0,0.0,-0.34650923200304073,0,0.0,,0,0.0,-0.013811285438673418,,0.0,0.0
Aws Technologies,45,1.8309592129534742,0.02904088870933164,5,0.27541157972623015,,0,0.0,-0.06771932541886623,0.0,-0.21193396185407276,0.5042673692538113
Azure,432,2.3505411489007435,1.3986265296762572,154,1.1343599067426084,0.04989920460284624,34,6.033401865260273,0.31809501973020243,2.7006624029237094,0.7311192210910334,2.666359638461711
Azure Data Factory,5,0.34729491347513597,-1.045534264402905,18,1.6925712481250494,,1,2.265310003803728,0.0009227389083523527,7.903409090909091,0.32363965683285,0.5878213851680919
Azure Devops,24,1.056808288431501,-0.6672806620268187,22,1.3114558830889345,,1,1.4360983843742465,-0.023080970917135152,1.374505928853755,0.015503500677851239,1.3859574471606397
B2B Marketing,4,1.1067131242741,-0.24803063559855834,1,0.374559748427673,,0,0.0,-0.0259493365945209,0.0,-0.06313290437836663,0.41453018940971087
Backend Development,244,3.2430504682491637,2.315179357562783,25,0.4498315633638987,-0.8265149489382608,2,0.8669481039376956,-0.0724467292435719,0.26126972201352366,-0.3894948631734889,1.458826462200545
Backup And Recovery,0,0.0,-0.6176192404413108,3,1.2485324947589096,,0,0.0,-0.024617377972241172,,0.0,0.0
Bash,12,0.6552906656886118,-0.926501530877599,7,0.5174838629592851,,0,0.0,-0.05844133339212352,0.0,-0.10936749867519578,0.3391023450417043
Bayesian Methods,4,2.5539533637094616,0.17524537343182697,2,1.7287373004354138,,0,0.0,-0.01708066968124456,0.0,-0.06313290437836663,4.415114443417039
Benchmarking,40,1.9530231604837056,0.12969850350586096,21,1.3880743618201996,,2,3.18475935828877,0.026610189966878733,1.6638755980861244,0.06473743988493375,2.710941377108489
Bi Tools,19,0.546643397605058,-1.3998837718551411,37,1.4411137634478923,0.28053809714536115,0,0.0,-0.08056227556452292,0.0,-0.13763768659984327,0.7877753239865677
Bias For Action,27,2.3590463964790027,0.35212090489090997,3,0.3548460774577954,,2,5.699043062200957,0.07195984944072006,2.5290909090909093,0.16046938990528944,0.8370983603315213
Data Analytics,473,0.9817616425012177,-3.4428733825862654,419,1.1773483465205925,0.22066113980307783,24,1.6246334310850439,-0.08229954295785334,1.689815752176554,0.23839416056801266,1.1558754464761496
Big Data Technologies,85,1.310175704224213,-0.7424744806762782,47,0.9807414025682801,-0.14861216716983136,4,2.0108044230606907,-0.01062971667074016,1.5611672278338944,0.0713863966971113,1.2849435577717387
Bigquery,67,1.6502176407944664,-0.1785742913204681,8,0.26674878226303117,,2,1.606555165902347,-0.02421309439491994,0.9727272727272728,-0.055612880418197466,0.4401935461508961
Bioinformatics,8,1.526500861067724,-0.11726342416094182,14,3.616438950336153,,0,0.0,-0.031248991283674987,0.0,-0.08929079855677721,5.520497171686993
Bitbucket,3,0.48825579012092646,-0.6157274425471667,1,0.2203292637809841,,0,0.0,-0.03383691531435493,0.0,-0.05467356792561411,0.10757703877414641
Budget Management,18,0.5917080070376376,-1.2617953598350775,33,1.4685708948253315,0.28402367351001534,0,0.0,-0.07535651238786525,0.0,-0.13396391443706263,0.868965157370577
Build Processes,19,1.50196781151485,-0.19864835829563146,6,0.6421024258760109,,3,7.734415584415585,0.11991420552937017,5.9275568181818175,0.4600484693742665,0.9644171753613683
Business Acumen,50,1.451109865744012,-0.38435192092625053,24,0.9429476184193164,,3,2.8395581691036234,0.02210605491125871,2.0178916827852995,0.13277721880331614,1.36832059196809
Business Analysis,12,0.17866220840299368,-2.5291984402264656,55,1.1085624841357138,-0.0004196882298075487,1,0.4855686913982878,-0.08764822186984182,2.8739669421487606,0.1347707604771541,0.19805822156839528
Business Case Development,3,0.4407264654188893,-0.6718883408987657,8,1.5910502588078144,,0,0.0,-0.0356156101372513,0.0,-0.05467356792561411,0.7012179568681771
Business Development,40,1.0797201212430243,-0.8262220841295135,12,0.43850897376898296,,0,0.0,-0.08317975708456235,0.0,-0.19979257147247237,0.47346696232400043
Business Intelligence,149,0.5728355332914806,-3.7786210178936543,224,1.1658367343371758,0.13330793497858512,7,0.877689586929976,-0.1345477297817168,1.5584186939820743,0.09381698435925892,0.6678327074448344
Business Judgment,4,0.6989767100678526,-0.49772755062848834,7,1.6559483614697121,,0,0.0,-0.0326547081700299,0.0,-0.06313290437836663,1.1574693377423504
Business Process Analysis,64,0.847920669834905,-1.5646531026321964,67,1.2017000707735397,0.11590930170635531,1,0.4320902561126025,-0.09580023852287169,0.5018037518037518,-0.14944486093414314,1.0189463289509526
Business Process Mapping/Reengineering,2,0.46113046844754163,-0.5281183924563474,8,2.4970649895178196,,0,0.0,-0.028426822864213743,0.0,-0.04463985779303767,1.1514727483603078
Business Requirements,87,0.8091095950575352,-1.9466018869420285,102,1.2842048517520217,0.2616449525714117,7,2.123172905525847,-0.0065370825904455835,2.7661931818181817,0.340085930960272,1.0390624675720004
Business Savvy,0,0.0,-0.2058524259172998,0,0.0,,0,0.0,-0.008204928091981145,,0.0,0.0
Business To technical Requirements Translation,35,1.4822050771528126,-0.2895937036934176,15,0.859958606083943,,3,4.143436920222634,0.05712214413509049,2.9637784090909087,0.24254358610566132,1.2746350120788759
C#,37,1.4317617342007587,-0.35129202752264505,13,0.6810177244139509,,1,1.262025852934944,-0.03005471513103989,0.8781565656565656,-0.05570179845093074,0.9750551181283728
C++,68,1.402294890384574,-0.5203306707376217,5,0.1395874838860893,,0,0.0,-0.09520492900610543,0.0,-0.2606487386938335,0.19574281541510208
Cad software,0,0.0,-0.34650923200304073,0,0.0,,0,0.0,-0.013811285438673418,,0.0,0.0
Capacity Planning,8,0.7858318042182957,-0.6110566506130186,6,0.797878754047114,,0,0.0,-0.043561007801502544,0.0,-0.08929079855677721,0.6269985008402893
Career Development,79,1.5762680916644332,-0.2969014655628437,68,1.8367833817126271,0.7365830000964495,9,5.856588723776225,0.1576286039178472,4.06461038961039,0.5857300145846663,2.8952630358931066
Causal Inference,36,2.2134262485482,0.31098062089585754,10,0.8323549965059399,,2,4.010437710437711,0.0441093409160493,1.8596256684491979,0.08982414027760838,1.8423563973764927
Cdn,1,0.55335656213705,-0.3171019177268854,0,0.0,,0,0.0,-0.01834774352678884,0.0,-0.03156449318092742,0.0
Change Management,53,1.0078315392874104,-1.0840338981914566,43,1.1069463355594458,-0.0020555158153227325,2,1.240341559929189,-0.04388164562463487,1.2397504456327986,-0.0011313962352809189,1.1156154292754346
Chemistry,3,0.3458478513356562,-0.8122167033952014,10,1.5606656184486372,,0,0.0,-0.040207953838410256,0.0,-0.05467356792561411,0.5397528507938942
Ci/Cd,370,2.8528833440414556,2.230962621319161,116,1.2108387594317715,0.16736182322288418,20,5.029345944348266,0.19642049652332624,1.8064935064935064,0.26509587801470397,3.45438172910272
Ci/Cd Pipelines,169,2.5833496961646807,1.1792056998868061,57,1.179552798915876,0.08212111518405218,11,5.483885819521179,0.16171315816773224,2.2009493670886076,0.3016136237189749,3.047197364689527
Cissp,2,0.3192441704636827,-0.7030019896485659,8,1.7287373004354138,,0,0.0,-0.034167189404911764,0.0,-0.04463985779303767,0.5518893054271299
Civil Engineering Concepts,0,0.0,-0.475421649782075,0,0.0,,0,0.0,-0.018949551225141786,,0.0,0.0
Client Communication,10,1.1370340317884589,-0.3699373262558194,4,0.6157146549495993,,0,0.0,-0.04048639068422624,0.0,-0.0998342787321726,0.7000885165485827
Client Engagement,18,2.019003672662209,0.12225347405384465,2,0.3036970933197348,,0,0.0,-0.04076293051297539,0.0,-0.13396391443706263,0.6131655467893823
Client Relationship Management,30,1.2117296981103283,-0.5506376433935993,11,0.6014828076940733,,0,0.0,-0.06796828550801277,0.0,-0.17298962779983862,0.728834580985692
Clinical Laboratory Testing,0,0.0,-0.5112218016303214,2,1.2147883732789393,,0,0.0,-0.020376499058539017,,0.0,0.0
Clinical Trial Design And Execution,13,1.5752486075434269,-0.12084598816781171,44,7.217793692328879,2.406067523916781,4,15.807564698075646,0.23816493705900607,14.05050505050505,0.9042930713241969,11.369819463376796
Cloud Computing,788,2.125320735811513,1.185116408584662,229,0.8361415017703049,-0.7689332941376609,40,3.518499372276789,0.1545818709844192,1.690568789499271,0.3102060894799909,1.7770688717850078
Cloud Automation Scripting,0,0.0,-0.29112294344533735,0,0.0,,0,0.0,-0.011603673406908278,,0.0,0.0
Cloud Certifications,11,2.5362175764614787,0.28484747769145724,2,0.6242662473794549,,0,0.0,-0.028426822864213743,0.0,-0.10470924136722752,1.5832750289954232
Cloud Data Warehouses,13,1.43872706155633,-0.20365292231610602,7,1.0487672955974843,,2,7.218787878787879,0.09186227207698486,5.747933884297521,0.36712120148946575,1.5088898894513474
Cloud Migration,4,0.6148406245967221,-0.5717344151098618,3,0.6242662473794548,,0,0.0,-0.03481835726805475,0.0,-0.06313290437836663,0.3838242494534358
Cloud Security,12,1.464767370362779,-0.17987477558780476,7,1.1567286348501664,,1,3.9809491978609626,0.030779277421168226,2.8739669421487606,0.1347707604771541,1.6943383606928055
Cloudformation,14,1.1678882215957838,-0.4117090514266044,4,0.45173034986252014,,0,0.0,-0.047272624494184304,0.0,-0.11813528870690376,0.5275705549417798
Cnn,13,2.9973480449090206,0.46110455605811024,3,0.9363993710691823,,2,15.039141414141413,0.1629034654734003,5.747933884297521,0.36712120148946575,2.80671482412825
Content Creation,14,1.9695742042166184,0.08459799774476595,2,0.3809082187400064,,0,0.0,-0.036395436987796306,0.0,-0.11813528870690376,0.7502270018044177
Coaching,128,1.5464986889419736,-0.433027749124987,53,0.8668850072780204,-0.31751280961896516,7,2.758270477702792,0.029778347411748278,1.8288880540946657,0.1612876716100899,1.3406365272189118
Code Quality,64,2.505765564394188,0.6633818539691234,19,1.0070710217159131,,3,3.830724699828473,0.04972924343966515,1.5547690014903128,0.06066797736392197,2.5234838871150065
Code Reviews,169,2.2160487914967164,0.6791488069744979,54,0.9585889296253242,-0.18911304928756775,7,2.993573172483125,0.04119911344456446,1.3660213243546575,0.03854308827219816,2.1242798390383304
Coding Standards,29,1.5479749487435157,-0.2043365721588448,17,1.228459625068252,,3,5.222595732242034,0.0794690932731073,3.647727272727273,0.30454432560280664,1.901624725148506
Collaboration Skills,54,1.4161731921990852,-0.4450644535690007,26,0.9230856359354974,-0.16502275625301618,2,1.7106132414189286,-0.019518632916647686,1.215909090909091,-0.005474995933935842,1.307249131715896
Collaboration With Stakeholders,3,0.2895470383275261,-0.9226040795658081,9,1.175943396226415,,0,0.0,-0.04394623267748422,0.0,-0.05467356792561411,0.34049092761817096
Collaborative Work,25,0.6454392248876942,-1.3601675170145138,25,0.8737785733149447,-0.21053285551610554,0,0.0,-0.08505743945397205,0.0,-0.15790086029724001,0.5639709650838732
Commissioning,0,0.0,-0.7703548396101197,0,0.0,,0,0.0,-0.03070528687444612,,0.0,0.0
Communication Skills,458,1.1131946067003025,-2.660263852456765,336,1.1055819221525456,-0.009910721822745635,16,1.2683082656728337,-0.1208400815562511,1.144385026737968,-0.05432175531053431,1.2307278330055673
Community Engagement,15,1.2087886066100608,-0.3916203518838777,1,0.10909507235757465,,0,0.0,-0.04809760618122462,0.0,-0.12228417144447762,0.13187288050313642
Risk Management,74,1.2836484513524042,-0.7378157574611283,20,0.46966739614755226,,1,0.5657357271777335,-0.07743120811775743,0.4330635118306352,-0.17582641423285794,0.6028878257155216
Comptia Security+,0,0.0,-0.2223464971456363,0,0.0,,0,0.0,-0.008862354688476837,,0.0,0.0
Computational Biology,12,3.434626937402379,0.5625333595892861,8,3.099804814573845,,4,37.338557993730404,0.3978961910989315,15.806818181818182,0.9607231951245757,10.646673116824914
Computer Architecture,2,0.66402787456446,-0.37264412613516235,1,0.4494716981132076,,0,0.0,-0.023687874996163198,0.0,-0.04463985779303767,0.29846173637499185
Computer Science Fundamentals,15,4.882557901209265,0.9806934285809767,0,0.0,,0,0.0,-0.023923633567936232,0.0,-0.12228417144447762,0.0
Computer Skills,0,0.0,-1.2183588611230227,29,3.103495058400719,1.0027361408534776,0,0.0,-0.048562754715534444,,0.0,0.0
Computer Vision,65,2.0244752273306705,0.2379805193836636,8,0.33731459520691,,2,2.0315538120416172,-0.006747510329111624,1.0036075036075036,-0.04855477053069786,0.6828850418134622
Concurrency,10,2.2433374140691216,0.17444698460293212,2,0.6073941866394696,,0,0.0,-0.02881906203011308,0.0,-0.0998342787321726,1.3625901039764052
Configuration Management,8,0.7419305861055419,-0.6563980976367668,7,0.8788552756403499,,0,0.0,-0.04483225855661843,0.0,-0.08929079855677721,0.6520496097577924
Conflict Resolution,4,0.7905093744814998,-0.4287171958316004,2,0.5350853548966756,,0,0.0,-0.03070528687444612,0.0,-0.06313290437836663,0.4229899891935824
Confluence,13,0.46410550372784837,-1.3402154327469087,17,0.8216149320348954,,1,1.1643206256109482,-0.03446677019910387,2.6344696969696972,0.12020767819886509,0.38131601190237707
Consensus Building,4,1.5442508710801393,-0.07706206518453278,1,0.5226415094339623,,0,0.0,-0.021966894013196132,0.0,-0.06313290437836663,0.807089606206035
Construction Management,3,0.8441032303785507,-0.3400248231137212,0,0.0,,0,0.0,-0.025732127027734707,0.0,-0.05467356792561411,0.0
Consultative Expertise,1,0.66402787456446,-0.26348515061292954,2,1.7978867924528303,,0,0.0,-0.016748937851624016,0.0,-0.03156449318092742,1.1938469454999674
Consulting,187,1.5367971849449753,-0.5459913313225958,57,0.6341556136745751,-0.757944352947973,2,0.5360486048604861,-0.11477715726942118,0.34176904176904177,-0.31221090181619454,0.9745685619121403
Consumer Insights,21,1.315526921306949,-0.3636082479859937,7,0.5936418654325383,,0,0.0,-0.05455933405201023,0.0,-0.14470654902379285,0.7809518555913811
Container Orchestration,36,2.9295347407255585,0.7329116495254931,2,0.2203292637809841,,0,0.0,-0.047863342967552784,0.0,-0.18952418051712844,0.6454622326448785
Containerization,136,3.57230185683412,2.0132460544006134,20,0.7111893957487461,,3,2.5699798619102414,0.013035854997333094,0.7130895420369103,-0.15555185256654788,2.5405831989939816
Containers,31,2.3391891035793475,0.36554627037042575,7,0.7150686106346483,,1,2.4609504132231406,0.005251268185166829,1.0537878787878787,-0.026545275613773414,1.6726807023081924
Content Development,7,1.90499800079968,0.037728529229429174,2,0.736838849365914,,0,0.0,-0.02616474491732569,0.0,-0.0835221659573317,1.403676534953603
Contextual Reasoning,6,11.067131242740999,1.166782696192712,0,0.0,,0,0.0,-0.010049009773760472,0.0,-0.07732490023150973,0.0
Continuous Improvement,153,1.0938443670150988,-1.5795397695912163,126,1.219496855345912,0.18865919612899446,8,1.8653198653198655,-0.02625043119442767,1.7442006269592476,0.15104948456942094,1.3339397658127525
Continuous Integration,15,0.9920735177755876,-0.5921264516242601,11,0.9848981432759527,,0,0.0,-0.05309695686648831,0.0,-0.12228417144447762,0.9770913656504191
Continuous Learning,132,2.282595818815331,0.6850109063680864,53,1.2407291666666667,0.1439619523772676,11,6.203645833333334,0.18553726529367895,2.8739669421487606,0.4480491973897514,2.832083208115563
Contract Management,0,0.0,-0.6828208890151767,1,0.34050886220697546,,0,0.0,-0.02721625230631337,,0.0,0.0
Conversational Ai,83,9.373182583137785,3.9174943625239296,11,1.6816968296752661,,3,11.049165120593692,0.16051043906637616,1.1855113636363637,-0.013652547167390535,15.762851434030235
Cost Analysis,3,0.49802090592334497,-0.6050621132401663,4,0.8989433962264152,,0,0.0,-0.033503391449014,0.0,-0.05467356792561411,0.4476926045624877
Problem-Solving,261,0.8970562901724847,-2.9345773490344214,239,1.112046954959178,0.007764733558157435,8,0.8967438358742706,-0.14044838084041059,0.9996406755300036,-0.09929306832192744,0.9975687159132884
Creative Thinking,9,1.8000755635783552,0.00017735053450344137,6,1.6245964992043644,,0,0.0,-0.030521903083259066,0.0,-0.0947091532303139,2.924396458892719
Critical Thinking,21,0.3895135577054095,-1.9663780910473867,63,1.58193949615263,0.4974978407612203,0,0.0,-0.10040583805573763,0.0,-0.14470654902379285,0.616186881221114
Crm,96,1.5472494164608774,-0.37352599435415423,18,0.3927422604872687,,0,0.0,-0.10774447855188128,0.0,-0.3098765872819058,0.6076702333584524
Crm Tools,7,0.5810243902439025,-0.8006542574515806,4,0.4494716981132076,,0,0.0,-0.04739135515946095,0.0,-0.0835221659573317,0.2611540193281179
Cross-Functional Collaboration,111,0.891905785051489,-1.9188252995327568,38,0.41335732159491495,-1.1249437122135635,5,1.3102833758690486,-0.06287770019386976,1.4912092624356774,0.0635908235432987,0.3686757864238934
Cross-Functional Team Leadership,11,1.426622386759582,-0.19444930683275266,7,1.229024174528302,,0,0.0,-0.037907090717143106,0.0,-0.10470924136722752,1.7533534012507912
Css,22,1.1896264853760683,-0.4937838373562605,9,0.658834736648024,,1,1.7635475273911756,-0.012187022325448226,1.5054112554112555,0.029887685746729876,0.7837672522022564
Cuda,14,2.4724442138038403,0.29748851155348116,0,0.0,,0,0.0,-0.032482315294575896,0.0,-0.11813528870690376,0.0
Customer Advocacy,1,1.3833914053426248,-0.06644859779521563,0,0.0,,0,0.0,-0.011603673406908278,0.0,-0.03156449318092742,0.0
Customer Collaboration,4,5.533565621370499,0.5724656882033959,1,1.872798742138365,,0,0.0,-0.011603673406908278,0.0,-0.06313290437836663,10.363254735242771
Customer Engagement,25,1.5485724686671174,-0.18921591895029524,9,0.7547099408617292,,0,0.0,-0.054867652857099644,0.0,-0.15790086029724001,1.168723036247862
Customer Focus,31,1.6494282140623604,-0.12204305888401387,26,1.872798742138365,0.47248178466360385,0,0.0,-0.059206345163622734,0.0,-0.17585279419398428,3.0890470845435183
Customer Interaction,17,2.5655622426354134,0.3660345642907747,3,0.6129159519725557,,0,0.0,-0.03513942486776135,0.0,-0.1301868293833602,1.5724740242897293
Customer Needs Analysis,2,2.3715281234444996,0.09766512219167686,2,3.210512129380054,,0,0.0,-0.012533454772654176,0.0,-0.04463985779303767,7.613819805484484
Customer Obsession,20,3.0742031229836106,0.6005737282540193,0,0.0,,0,0.0,-0.03481835726805475,0.0,-0.14121620925499664,0.0
Relationship Management,17,0.8349462919819393,-0.8222100122489486,13,0.8643686502177068,,0,0.0,-0.06162743729436593,0.0,-0.1301868293833602,0.7217013994047081
Customer Satisfaction,21,1.07930227289889,-0.5987431116780707,8,0.5566212979730124,,0,0.0,-0.0602424616848297,0.0,-0.14470654902379285,0.6007626320462025
Customer Service,97,1.1190184821534506,-1.1965251349736008,86,1.3431051437712247,0.31338851335748535,1,0.37623981300145304,-0.10590688091493738,0.32930871212121215,-0.22759512357776668,1.5029594793553678
Customer-Centric Mindset,1,0.25539533637094614,-0.5800479435786117,0,0.0,,0,0.0,-0.027009222311196065,0.0,-0.03156449318092742,0.0
Customer-Facing Experience,135,1.805877579899317,0.010093283270749898,33,0.5976054003922582,-0.6384513471453707,0,0.0,-0.11832157555004023,0.0,-0.36776571808186603,1.0792021941951335
Customer-Facing Role,6,2.3163763066202088,0.15474886837790935,3,1.5679245283018866,,0,0.0,-0.021966894013196132,0.0,-0.07732490023150973,3.631903227927157
Cybersecurity,62,1.5361838889177806,-0.3142520074090688,33,1.1069079132638693,-0.0018346646503798135,3,2.4242198100407055,0.007741373379321461,1.607473035439137,0.06982860833524727,1.700414102871556
Dashboard Development,149,0.7359428243834016,-2.8801401904815176,157,1.0497925707196307,-0.1219062746523884,1,0.16108571583132725,-0.181465445246593,0.2136056511056511,-0.31879186796829106,0.772587309512117
Data Analysis,142,0.5634079719655432,-3.747363847938893,284,1.5254536599444424,0.9574810262542772,5,0.6469993916217625,-0.15507469363421278,1.1537823490378234,-0.02726896786262152,0.8594527528767136
Google Analytics,5,0.30971449373342347,-1.1362758969600497,4,0.33542664038299075,,0,0.0,-0.054867652857099644,0.0,-0.07058619318290403,0.10388649211092107
Data Annotation,4,2.7667828106852497,0.21542929081349357,0,0.0,,0,0.0,-0.016410504565342876,0.0,-0.06313290437836663,0.0
Data Architecture,66,1.3312831021037168,-0.6205860441607353,40,1.092276301611683,-0.016840479553908008,1,0.6578482271070364,-0.06779928395722618,0.4863636363636364,-0.15496654949282945,1.4541289831639763
Data Center Operations,3,0.3112630662020906,-0.8768380160661481,1,0.14045990566037736,,0,0.0,-0.04238439372440884,0.0,-0.05467356792561411,0.043719980914305435
Data Cleansing,2,0.3223436284293495,-0.6981271079161177,4,0.8727605788605972,,0,0.0,-0.034002452641034804,0.0,-0.04463985779303767,0.28132881174002433
Data Collection,24,0.5937656106388614,-1.4524762896947094,65,2.177023873126564,0.9678039669311095,0,0.0,-0.08689500415984068,0.0,-0.1547074131085573,1.2926419094023733
Data Curation,5,1.9303135888501741,0.039277590180120295,3,1.5679245283018866,,0,0.0,-0.021966894013196132,0.0,-0.07058619318290403,3.026586023272631
Data Engineering,233,1.8375118144123417,0.08006420276766615,109,1.1637153229059294,0.08898903509520503,9,2.3148132152882748,0.006181363796345626,1.2701907467532467,0.009139876362070002,2.1383406544523185
Data Entry,1,0.09881367181018748,-1.0288405315057196,14,1.8727987421383647,,0,0.0,-0.043431842497704244,0.0,-0.03156449318092742,0.1850581202721923
Data Exploration,20,2.2585982128042854,0.254330923084803,11,1.6816968296752661,,2,7.366110080395795,0.093617293122701,3.5126262626262625,0.23926943795769623,3.798277453983189
Data Extraction And Processing,22,1.0061028402491816,-0.6997874434092388,31,1.9192317688029523,0.5405195362672197,1,1.4914850989231154,-0.021058566895389513,1.5054112554112555,0.029887685746729876,1.930944533689111
Data Governance,100,1.1682404548987682,-1.102469009986228,80,1.2652264549281,0.2079639479515343,6,2.286034162881453,0.0034344239162387965,2.0178916827852995,0.18796401557283787,1.4780887292551594
Data Infrastructure,55,1.330959661116811,-0.5668079044506791,27,0.8845288519720558,-0.2075280684636733,1,0.7892260800424066,-0.05669310345739856,0.5854377104377105,-0.12273470878579401,1.1772722210687694
Data Ingestion,52,1.7161754213395588,-0.08608878714331586,22,0.9829400952773922,,4,4.305440086752214,0.07018580095820201,2.6344696969696972,0.2406018994630242,1.6868976321642246
Data Integration,38,0.8859922483655014,-1.1305504583102857,40,1.262560949756201,0.14438035752168668,1,0.760406026557712,-0.058920196866877876,0.8544226044226044,-0.06012197413188799,1.1186192145729792
Data Integrity,28,0.46528479699211406,-1.9648729028988225,63,1.4172531021587624,0.34313455188372216,2,1.0839020839020839,-0.05441243247756274,2.431818181818182,0.15132069469489384,0.6594263219243837
Data Interpretation,4,0.5228565941452441,-0.668739223491625,7,1.2387015302332491,,0,0.0,-0.037758642897894476,0.0,-0.06313290437836663,0.6476632632602588
Data Lakes,53,1.1905777182651007,-0.765622051461482,32,0.9731457604616132,-0.13026849908296897,2,1.4652478779677698,-0.031146581084816948,1.2397504456327986,-0.0011313962352809189,1.1586056590297438
Data Management,64,0.5895918975045149,-2.3943643373676724,145,1.8083628253722277,1.0451075969187256,4,1.201795984259913,-0.06564677632257476,2.1075757575757574,0.16742010660029086,1.0661960695878374
Data Manipulation,17,0.74857253763898,-0.9469604259557197,26,1.5499024072869225,0.30059927536310616,0,0.0,-0.06509140412378427,0.0,-0.1301868293833602,1.1602143781155356
Data Mapping,0,0.0,-1.0896375997097167,5,0.6688566936208445,,0,0.0,-0.043431842497704244,,0.0,0.0
Data Migration,6,0.3434626937402379,-1.1549027957792153,9,0.6974560832791151,,0,0.0,-0.05707802914596891,0.0,-0.07732490023150973,0.2395501451285606
Data Mining,43,1.0420875403748824,-0.9180264508373623,31,1.0170527475554332,-0.08481891493427039,0,0.0,-0.0877995317286601,0.0,-0.20716221389088174,1.0598579961315575
Data Modeling,162,1.1182174187052236,-1.5519311746569855,117,1.0933095359510454,-0.02713397176510571,6,1.3507087507087505,-0.06489220895288195,1.2159090909090908,-0.00950382835959891,1.2225577671369838
Data Pipelines,269,1.9034899643844811,0.23179716649681606,91,0.8717375219160675,-0.4077851558741204,7,1.6154576455087963,-0.044688342403443874,0.8446391394864677,-0.1647691626979311,1.6593436245446311
Data Platforms,82,1.397594602522734,-0.5793588420930642,50,1.1536747898182946,0.049270556220625775,2,1.1117229792794476,-0.05241477613130087,0.7903409090909091,-0.10299819017131213,1.6123696593165981
Data Preparation,30,2.5671180717698197,0.487173087396098,11,1.274275432795176,,0,0.0,-0.046674456833299655,0.0,-0.17298962779983862,3.2712154919408047
Data Preprocessing,17,3.0022536881903776,0.5290214064237225,4,0.9563227619429948,,1,5.759671179883946,0.05148639148729296,1.9758522727272727,0.07321831992083937,2.8711235391437646
Data Privacy,58,2.111492144996638,0.3050078456601621,33,1.6263778550148957,0.38780979001858096,1,1.1873006379585327,-0.03339167016728439,0.5546251993620415,-0.13200883064005814,3.4340840656604334
Data Processing,89,1.4686501201848146,-0.48444371206095566,46,1.0276191905172738,-0.09104984280282477,0,0.0,-0.10647618251470262,0.0,-0.2983219047830711,1.509213047657416
Data Quality,120,0.8901177943223324,-2.0018117276676066,134,1.3456033857723373,0.39597817494096427,4,0.9676659354943538,-0.08998131512138798,1.0901253918495297,-0.042400933446286725,1.1977455177763354
Data Querying Languages,11,1.0678810848258857,-0.44246041575290895,13,1.7085181507227187,,0,0.0,-0.04381819955887636,0.0,-0.10470924136722752,1.824494216238493
Data Reporting,3,0.1729239256678281,-1.2877880404834747,27,2.1068985849056605,0.592003908510995,0,0.0,-0.05688061797180873,0.0,-0.05467356792561411,0.36433317428587864
Data Science,408,1.9868243826804024,0.5044562038941396,166,1.0943429434847822,-0.03026088353310788,20,3.1763513693698497,0.08409021556240016,1.629568884723524,0.19133248860393687,2.174267243129807
Data Security,51,1.2866801520815903,-0.6077864342735989,56,1.9126455238859896,0.7225240622703606,5,4.114050842774247,0.07291670051125204,3.436264822134387,0.3699858108885751,2.460963033551798
Data Storytelling,7,0.628134475939354,-0.7399182476141367,11,1.3362672106068332,,0,0.0,-0.045578044582929585,0.0,-0.0835221659573317,0.8393555040494656
Data Strategy,35,1.1955234367158485,-0.6154755849157975,18,0.8323549965059398,,1,1.1140104751215862,-0.03690905312446685,0.9298128342245989,-0.04651697771425237,0.9950999059903892
Data Structures,87,1.4370752509230849,-0.5305516869037344,40,0.8944710410213085,-0.24027773306651276,1,0.538715513342379,-0.08065014274630264,0.367600422832981,-0.2063337181723444,1.2854221957191299
Data Transformation,23,0.7744747015711246,-1.0562044323819175,26,1.1852194879252937,0.05965653849684742,1,1.0981928821685414,-0.03770362475921381,1.4369834710743803,0.022528993906826264,0.9179225092072231
Data Trend Analysis,5,0.5187717770034843,-0.7530946262207792,17,2.387818396226415,,0,0.0,-0.04238439372440884,0.0,-0.07058619318290403,1.2387327925719873
Data Validation,178,1.2337887439715436,-1.2846021365734073,153,1.435682041989995,0.5654464097201628,4,0.9042323021446195,-0.09781355052235247,0.7267502612330199,-0.1734962311478618,1.7713283433293368
Data Visualization,115,0.6236785819577988,-3.039936442565091,163,1.1967312445679978,0.17244172403455196,2,0.3537465474740875,-0.15690364024713116,0.5595333869670154,-0.1847601123429725,0.7463756455967606
Data Warehouse Architecture,3,0.7114584370333499,-0.4223287328570249,2,0.6421024258760107,,0,0.0,-0.02802910227474454,0.0,-0.05467356792561411,0.456829188329069
Data Warehouses/Sql,30,0.6897796480932756,-1.385580653943452,47,1.462961898290911,0.3345521259192523,0,0.0,-0.09014690860509778,0.0,-0.17298962779983862,1.009121343376975
Data Warehousing,72,1.0198380326075325,-1.2376390743625554,68,1.3039281344581106,0.23538049108149864,6,2.7717188954390317,0.02818416166045578,2.87396694214876,0.33051246073848006,1.3297955033073696
Data-Driven Analysis,128,0.679964543554007,-2.9233899716991876,70,0.5034083018867924,-1.2075844933115933,2,0.3465018181818182,-0.15917188026878248,0.5018037518037518,-0.21162528004330158,0.34229979621375056
Data-Driven Decision Making,34,0.8436826507919148,-1.1469867514714818,27,0.9070056688383112,-0.1843721911026376,1,0.8092811523304797,-0.05520215589002211,0.9579889807162535,-0.041737499357246605,0.7652249469688001
Data-Driven Insights,37,0.8157048923932609,-1.253040661719711,19,0.5670625673407002,,0,0.0,-0.09206813092557437,0.0,-0.19214240829407667,0.4625557104728921
Database Design,13,0.7290846595724645,-0.8546561450519357,19,1.4425611932687403,,1,1.8290847665847667,-0.010269054963341,2.6344696969696972,0.12020767819886509,1.0517492365067878
Database Technologies,42,1.177752142386289,-0.6995496227539099,22,0.8351670066292707,,2,1.8290847665847667,-0.014532100596101688,1.5806818181818183,0.053220046047535816,0.9836197313079674
Databricks,121,1.7558429375502544,-0.06820541215389016,76,1.4930003958305844,0.45735723317552296,12,5.679116338207247,0.17593244539865557,3.4804003336113425,0.5816759818453626,2.621474200778866
Dataops,7,0.960370892965128,-0.4272715793217443,6,1.1143926399501012,,0,0.0,-0.03685542980167199,0.0,-0.0835221659573317,1.070230254742645
Dbt,61,1.6280426185061114,-0.19702360208852146,32,1.1561972941818843,0.04154624266310046,2,1.7408652440806782,-0.018211202316617082,1.0716486902927582,-0.03378553443198092,1.8823384703295558
Debugging,137,2.197386927906546,0.5863529754365167,27,0.5862674323215751,-0.5956580803689557,3,1.5693017127799735,-0.03183597502158138,0.7077679782903663,-0.15770220033907242,1.2882563920407648
Decision Making,58,0.943961194233791,-1.267444759354188,63,1.3880743618201998,0.31399779644083387,1,0.5307932263814616,-0.0816342443464316,0.5546251993620415,-0.13200883064005814,1.310288332269103
Deep Learning,181,2.7667828106852497,1.4526340843163803,50,1.0346954376455055,-0.08638391604767356,11,5.483885819521179,0.16171315816773224,2.0455882352941175,0.2622346546027922,2.8627775511720364
Demand Planning,7,1.1282026995027232,-0.31485962861868017,1,0.2181901447151493,,0,0.0,-0.034002452641034804,0.0,-0.0835221659573317,0.2461627102725213
Design And Architecture,615,2.251252165695385,1.4038394159390057,152,0.7532491522955628,-0.8567362876160121,10,1.1938458454445224,-0.105587231195813,0.5225394440270473,-0.4553166619268934,1.6957537854135987
Design Patterns,81,2.518083232196688,0.7575604262271157,19,0.799621934845594,,0,0.0,-0.07749495068184224,0.0,-0.28455135085131056,2.013514586231363
Designing And Architecting,102,3.513010539708243,1.6997581590938877,14,0.6527597275503015,,1,1.1232553753300643,-0.03645073797068222,0.313006300630063,-0.2376429846558536,2.2931518027812903
Detail-Oriented,23,0.459465737514518,-1.7993316830843726,34,0.919496855345912,-0.19285332065410943,0,0.0,-0.09673571249711257,0.0,-0.1514469157159614,0.42247730078378953
Developing Strategic Insights,8,0.5824805917232104,-0.8538822317194494,6,0.5914101290963256,,0,0.0,-0.050603232161539294,0.0,-0.08929079855677721,0.34448492194712804
Devops,212,2.0665576836122357,0.5061198331096586,66,0.8709668841888343,-0.34787138176356774,6,1.9074894571077776,-0.019822489054821455,0.9207855251544571,-0.11820111711312382,1.7999033066922436
Devsecops,16,1.3482799483542334,-0.29215922557466545,3,0.34223733358873665,,0,0.0,-0.04703426716885245,0.0,-0.12629716261912385,0.4614317344559124
Digital Accessibility,14,3.2733768464445205,0.5619062825448224,0,0.0,,0,0.0,-0.02822866215306638,0.0,-0.11813528870690376,0.0
Digital Marketing,22,1.0678810848258857,-0.6259643253033705,3,0.19713670969877523,,0,0.0,-0.061991568834603286,0.0,-0.1481149401725546,0.2105185634121338
Digital Transformation,54,1.7751240211129127,-0.025331077998379383,17,0.7565365215766859,,1,1.0720972097209722,-0.03904431071791909,0.5964837049742711,-0.11955046631166122,1.3429461522999826
Dimensional Modeling,6,0.493090005864698,-0.863440112023615,7,0.7787875957407062,,0,0.0,-0.047627931663340645,0.0,-0.07732490023150973,0.38401238015113887
Disaster Recovery,11,1.1272078117606574,-0.3955108431758967,12,1.6647099930118798,,0,0.0,-0.04264866079040502,0.0,-0.10470924136722752,1.8764741084390204
Distributed Systems,214,3.3357268816148924,2.2721219454685957,32,0.6752626450527062,-0.5010680936897781,5,2.5418267178830556,0.015553562693849273,0.7563070900391474,-0.17942855019224715,2.2524917572526877
Distributed Training,12,2.0750871080139373,0.12355431878145214,1,0.23409984276729562,,0,0.0,-0.03282619720658886,0.0,-0.10936749867519578,0.48577756571450487
Docker,215,2.894687612152451,1.7509496412801737,41,0.7472968216805154,-0.44958585572043985,6,2.634594116345941,0.021652973110650463,0.9075685080469769,-0.12391301294812732,2.163190852319487
Documentation Skills,8,0.6177003484320558,-0.8048949425451143,18,1.8815094339622642,,0,0.0,-0.04913802141037076,0.0,-0.08929079855677721,1.1622090329366908
Drafting,10,1.0375435540069686,-0.4458559180685771,7,0.9832193396226416,,0,0.0,-0.04238439372440884,0.0,-0.0998342787321726,1.0201328880004603
Dynamodb,24,2.385728890650754,0.34576012282869,1,0.13457236470455314,,0,0.0,-0.04330229305105985,0.0,-0.1547074131085573,0.32105317835884223
E-Commerce,22,1.103369580092003,-0.5857364351785991,0,0.0,,0,0.0,-0.060985006922134245,0.0,-0.1481149401725546,0.0
Economics,48,0.5394945494091753,-2.25697353925958,69,1.0498831133991646,-0.08021624415896308,0,0.0,-0.12914986159719033,0.0,-0.21889805175422125,0.5664062171955844
Edge Computing,5,1.6939486596032143,-0.0339974052261929,0,0.0,,0,0.0,-0.023449748380999193,0.0,-0.07058619318290403,0.0
Eks,25,2.71253216733848,0.5138412060400533,3,0.44065852756196816,,1,3.5386215092097446,0.024423877032274742,1.3172348484848486,0.008779613495358378,1.1953004308238488
Elasticsearch,31,3.477172991807138,0.921789657886171,3,0.4555456399796022,,0,0.0,-0.04076293051297539,0.0,-0.17585279419398428,1.5840109958725708
Electrical Engineering,28,1.2665381803681797,-0.4715278942940768,6,0.36741555704076906,,0,0.0,-0.06422091021588677,0.0,-0.16711693965954855,0.4653458310533768
Electrical Systems,0,0.0,-0.5248589696855587,0,0.0,,0,0.0,-0.020920059574305167,,0.0,0.0
Embedded Systems,6,0.7064126325153829,-0.6022920277241782,1,0.15938712699049912,,0,0.0,-0.03978665446597145,0.0,-0.07732490023150973,0.11259307996642212
Emerging Technologies,86,1.7779077587964993,-0.028334809942660653,21,0.5877276251791631,,2,1.3484659798482963,-0.037460232377726124,0.7527056277056278,-0.11429005643766188,1.044925504865075
Emr,19,1.2979968741486356,-0.36083966722579097,30,2.7745166550197995,0.90301320828645,1,2.2280209502431725,5.575162822326082e-05,1.7563131313131313,0.05436299630494397,3.601313945489028
Encryption,20,1.7474417751696314,-0.033059693166529555,5,0.5914101290963257,,0,0.0,-0.046190364932004575,0.0,-0.14121620925499664,1.0334547658413844
Engineering Best Practices,123,2.722514285714286,1.1515422413664271,45,1.3484150943396227,0.23087018816734015,5,3.6093939393939394,0.057063968598395076,1.3395608628659477,0.025620119953301514,3.6710793574123994
Engineering Collaboration,22,2.6274484245356327,0.44447352051373024,10,1.6168046694719695,,1,3.895029431000654,0.029594750375164222,1.5054112554112555,0.029887685746729876,4.2480708815859805
Engineering Degree,3,0.43686044379240785,-0.6768011230767483,2,0.39427341939755045,,0,0.0,-0.035772932754006136,0.0,-0.05467356792561411,0.17224246097356405
Engineering Or Computer Science,0,0.0,-0.3941905679383778,1,1.0215265866209262,,0,0.0,-0.015711792945073244,,0.0,0.0
Enterprise Architecture,35,1.9563110782622979,0.12380279976307267,16,1.2106981767359126,,2,3.6458524640342826,0.03681844320258916,1.915977961432507,0.09659022521852494,2.3685022555804314
Enterprise Cloud Transformation Initiatives,0,0.0,-0.14555873359058863,0,0.0,,0,0.0,-0.005801722088510889,,0.0,0.0
Enterprise Security Solutions,0,0.0,-0.2058524259172998,0,0.0,,0,0.0,-0.008204928091981145,,0.0,0.0
Entrepreneurial Mindset,15,2.736378603974423,0.40648223620514934,11,2.716587186398507,,2,11.8991008991009,0.13840043020189716,4.863636363636364,0.32221520678279975,7.433611052691952
Entrepreneurial Spirit,66,1.492705712576783,-0.38341201062403246,35,1.0716287080355764,-0.035630857714168365,2,1.475229130542482,-0.0306331477347875,0.9879261363636364,-0.05210947582646112,1.5996262942459825
Equipment Maintenance,0,0.0,-0.2223464971456363,0,0.0,,0,0.0,-0.008862354688476837,,0.0,0.0
Erp Systems,85,2.6276708257904606,0.8746419993595314,12,0.5022030146516285,,4,4.03284239038429,0.06302405500519286,1.5611672278338944,0.0713863966971113,1.3196242102241036
Ethical Ai Practices,83,5.964752552905863,2.791496922399491,13,1.2647472024830517,,9,21.09386068476978,0.42901883435764065,3.84490171990172,0.5559750158678106,7.5439041047913316
Etl,102,0.8856020293615967,-1.8582394560064588,89,1.0461030630772874,-0.0972456278952946,5,1.4158187523773298,-0.053494976219071136,1.629568884723524,0.09507452448910915,0.9264309955826281
Etl Pipelines,24,0.9554357907402301,-0.7984037690757094,19,1.0239762906655807,,1,1.2983431436668849,-0.028513556779164857,1.374505928853755,0.015503500677851239,0.9783435969713168
Etl Processes,29,0.9706052602000674,-0.8551282813254077,30,1.359289409616555,0.19610274612467424,0,0.0,-0.07468052301251589,0.0,-0.17007851155865425,1.3193334511080725
Event-Driven Architectures,41,4.693990147783251,1.555663731164427,5,0.7749512036434613,,0,0.0,-0.04034741183680442,0.0,-0.2022787497751691,3.637613314915179
Excellent Communication,157,1.2293912300308987,-1.2173181721863406,113,1.1978844784620861,0.14496433588127322,12,3.0645797598627786,0.05835210671279696,2.616300940438871,0.4136105892775779,1.4726686724114255
Executive Communication,14,1.6600696864111497,-0.07592468031745023,4,0.6421024258760107,,0,0.0,-0.039645228945374394,0.0,-0.11813528870690376,1.0659347727678277
Financial Services,79,1.001110726919701,-1.3405384290393947,11,0.18870949157424743,,1,0.41328938237335183,-0.09899482318509892,0.40530303030303033,-0.18800078099615714,0.18891909628654205
Experimental Design,51,2.22798826334128,0.381952770017056,15,0.8871151936444887,,2,2.8495215311004785,0.01830255381529042,1.290352504638219,0.007813436825911345,1.9764822396716477
Experimentation,245,3.1675784514854497,2.2264561305498556,45,0.7876256392170692,-0.40757041690828394,15,6.324872557349193,0.22126388279316747,2.0617588932806323,0.3115643740088593,2.4948660026214413
Feature Delivery Trade-Offs,5,1.077967328838409,-0.29272771855749447,1,0.29186473903455035,,0,0.0,-0.02939762223158126,0.0,-0.07058619318290403,0.31462065311919357
Feature Engineering,68,2.808078076516373,0.919745217659327,24,1.3417065615319628,,7,9.427521483491633,0.21688203119435034,3.62779433681073,0.4630063387667743,3.7676167805560703
Finance,155,0.7804391913670858,-2.7317392287900506,115,0.7838830039887604,-0.6648644772497606,3,0.49263793531309447,-0.15082987130427192,0.6239533492822966,-0.19427079023086674,0.6117730177593903
Financial Analysis,3,0.1391119848947891,-1.4663166334101752,11,0.6905291451459892,,0,0.0,-0.06342731855012303,0.0,-0.05467356792561411,0.09606088000896047
Financial Management,3,0.32130381027312577,-0.8571153849626718,6,0.8699452221545952,,0,0.0,-0.041716423245937,0.0,-0.05467356792561411,0.2795167146071723
Financial Modeling,8,0.4992690786198947,-0.9862156366662247,8,0.6758972903958008,,0,0.0,-0.05466229931172594,0.0,-0.08929079855677721,0.3374546174175949
Financial Planning Model Design,12,0.6244776249822507,-0.9749579747613759,2,0.14090021884426568,,0,0.0,-0.0598677552772502,0.0,-0.10936749867519578,0.08798903402334639
Forecasting,110,1.1564766656442462,-1.1843358539767934,42,0.5977774325761468,-0.7206736137291113,2,0.6857619897518569,-0.09239182389917736,0.5854377104377105,-0.17376920058059253,0.6913156520230405
Financial Reporting,5,0.24128919860627177,-1.34756337129727,8,0.5226415094339623,,0,0.0,-0.062172839642247686,0.0,-0.07058619318290403,0.12610775096969298
Firehose,2,1.0375435540069686,-0.19933785925726438,0,0.0,,0,0.0,-0.018949551225141786,0.0,-0.04463985779303767,0.0
Firmware Development,7,0.960370892965128,-0.4272715793217443,0,0.0,,0,0.0,-0.03685542980167199,0.0,-0.0835221659573317,0.0
Apache Flink,20,2.321775785190419,0.28520029445326184,2,0.31431587280643886,,0,0.0,-0.040068011685931076,0.0,-0.14121620925499664,0.7297709823829814
Flow Cytometry,0,0.0,-0.34650923200304073,6,7.931853496115426,,0,0.0,-0.013811285438673418,,0.0,0.0
Foundation Models,49,4.026901714561701,1.4223510137396531,6,0.6675322249206053,,4,10.720972097209723,0.18119882465497034,2.81010101010101,0.2621732574841558,2.6880866610579726
Full-Stack Development,40,2.7214257154281145,0.6553001225206663,12,1.105258274048871,,1,2.2188897168405366,-0.00015876775487798538,0.8106060606060607,-0.0686502285720552,3.0078782891862916
Functional Specifications,14,0.3760675665009077,-1.6488158653873322,21,0.7636655065030225,,1,0.87606649014416,-0.050547878020416374,2.431818181818182,0.10697002065933234,0.2871898286512748
Gans,8,3.7944449975111993,0.5312624405510363,3,1.926307277628032,,1,15.46883116883117,0.11736256864936875,4.516233766233766,0.2140971829763388,7.309267013265104
Gap Analysis,2,0.18864428254672158,-0.9965975202551909,10,1.2769082332761577,,0,0.0,-0.04445468894472102,0.0,-0.04463985779303767,0.24088143754438257
Gcp,352,2.9905042457355413,2.3988065160941177,85,0.9776124447191055,-0.20562531399097603,25,6.926933097608636,0.313451526904653,2.4169446761189883,0.5334007209318562,2.923554166616387
Gdpr,28,1.4171326591314695,-0.31935769677369447,26,1.7814427059364935,0.42681430432411255,0,0.0,-0.060707610711405825,0.0,-0.16711693965954855,2.5245406389541434
Generative Ai,601,5.0516550963701325,6.456659124605366,73,0.8306692142345355,-0.43856315945099267,28,7.675673187571922,0.3652539788764917,1.5448199270188798,0.1819327252275883,4.196254369485665
Genai Technologies,5,3.458478513356562,0.36702439117167424,1,0.9363993710691825,,0,0.0,-0.016410504565342876,0.0,-0.07058619318290403,3.238517104763366
Genai/Ml Applications,0,,0.0,0,,,0,,0.0,,0.0,
Genai/Ml Solutions,0,0.0,-0.14555873359058863,0,0.0,,0,0.0,-0.005801722088510889,,0.0,0.0
Github Actions,63,3.497805693776001,1.3265059764111833,15,1.1274373698491829,,6,10.864396473092125,0.22421281581303948,3.327751196172249,0.391765044854043,3.943556851634311
Gitlab,20,1.3833914053426248,-0.29731457234062564,7,0.6554795597484276,,1,2.255871212121212,0.00070463895331646,1.6638755980861244,0.045757817132743184,0.9067847893337423
Go-To-Market Strategies,13,1.5305607037833298,-0.14707650327030647,3,0.47816138097149735,,0,0.0,-0.03978665446597145,0.0,-0.11383565712886706,0.7318550197817438
Golang,21,2.192544868844915,0.2265903603307701,2,0.282686602586923,,0,0.0,-0.042251642115649975,0.0,-0.14470654902379285,0.6198030599931598
Google Ads,3,0.5472757207948845,-0.5550784318676929,1,0.24696247149077338,,0,0.0,-0.03195956698979263,0.0,-0.05467356792561411,0.13515656459439912
Gpu,56,3.0380360274190976,0.9830184114950669,3,0.22032926378098408,,0,0.0,-0.05863351704053208,0.0,-0.2364760919994258,0.6693682412613553
GPU Computing,18,3.6001511271567104,0.7399114235065893,0,0.0,,0,0.0,-0.030521903083259066,0.0,-0.13396391443706263,0.0
Grant Proposal Preparation,0,0.0,-0.36632703025537344,17,20.107944389275076,,0,0.0,-0.014601193194949133,,0.0,0.0
Graph Databases,27,5.746395068346288,1.5397534907813286,0,0.0,,0,0.0,-0.02958796504600152,0.0,-0.1641021803637255,0.0
Graphql,49,3.765898825654923,1.3018023152274227,5,0.5202218728162123,,0,0.0,-0.049252271468340325,0.0,-0.22117106566688682,1.9591029399185789
Growth Mindset,42,2.234709193245779,0.3514492429600362,7,0.504215045960329,,0,0.0,-0.059206345163622734,0.0,-0.20473494171138756,1.1267739985803902
Grpc,18,3.6001511271567104,0.7399114235065893,0,0.0,,0,0.0,-0.030521903083259066,0.0,-0.13396391443706263,0.0
Hadoop,32,1.01185199933632,-0.8357226675967931,13,0.5564887690925427,,2,2.0625108225108226,-0.0056284218574966065,2.1075757575757574,0.11830796991447631,0.5630842736144971
Hardware Engineering,6,1.260812420059101,-0.22099386521664668,0,0.0,,0,0.0,-0.029777092820506952,0.0,-0.07732490023150973,0.0
Healthcare Experience,9,1.2146851363984024,-0.2995198802037426,56,10.231876054609604,3.3303704776174294,5,22.00849963045085,0.32806011274045244,39.51704545454545,1.5895260417220705,12.428507761005013
Healthcare Knowledge,0,0.0,-0.3565558034203691,11,13.733857442348008,,0,0.0,-0.014211726665996191,,0.0,0.0
High-Performance Computing,17,1.5421412387425983,-0.1603416042772901,13,1.596484173626147,,0,0.0,-0.045330808210493595,0.0,-0.1301868293833602,2.46200408114878
Hipaa,40,1.526500861067724,-0.26240838382084086,83,4.288063326827152,2.2820461842458175,7,8.712330198537094,0.20326354390106535,6.705922865013774,0.7676972093548152,6.5457323607145765
Apache Hive,14,1.1227524449157535,-0.45010609202112856,4,0.4342721720900556,,0,0.0,-0.0482143124870158,0.0,-0.11813528870690376,0.4875801429729848
Html,37,1.2162886811329217,-0.6057302286897266,18,0.8010386699047263,,1,1.0720972097209722,-0.03904431071791909,0.8781565656565656,-0.05570179845093074,0.9742942673548893
Hugging Face,93,6.379606646125493,3.1292394277647726,14,1.3001247466084516,,7,15.660593538692712,0.31319969171551953,2.573202959830867,0.3081926750853639,8.2942844742555
Human-Centered Design,0,0.0,-0.4285339095602422,0,0.0,,0,0.0,-0.01708066968124456,,0.0,0.0
Human-Robotic Interaction,1,3.3201393728223,0.15375268155510327,0,0.0,,0,0.0,-0.007490023890481495,0.0,-0.03156449318092742,0.0
Hybrid Cloud Integrations,11,1.4608613240418118,-0.17446086958718382,6,1.078732075471698,,0,0.0,-0.037459986426784116,0.0,-0.10470924136722752,1.5758779680599564
Iam,25,1.4769303259885673,-0.24921443095324777,6,0.4798630228966628,,0,0.0,-0.056184244468769094,0.0,-0.15790086029724001,0.7087242508366276
Iam Roles And Permissions,1,0.40489504546613414,-0.4154659450426866,0,0.0,,0,0.0,-0.021449859335001067,0.0,-0.03156449318092742,0.0
Iat Level Ii Certification,0,0.0,-0.2521182837670278,0,0.0,,0,0.0,-0.010049009773760472,,0.0,0.0
Identity Management,11,1.3043404678944748,-0.2703489416216627,8,1.2842048517520215,,1,3.8672077922077923,0.02920633841771676,3.1613636363636366,0.1509537934206716,1.6750403572065864
Immunology,9,2.019003672662209,0.08643210435591088,11,3.3406680265170827,,0,0.0,-0.02881906203011308,0.0,-0.0947091532303139,6.744821014683204
Implementing Security Policies In Code,0,0.0,-0.14555873359058863,0,0.0,,0,0.0,-0.005801722088510889,,0.0,0.0
Incident Management,8,0.9159005166406343,-0.4927495015574689,9,1.3949121665582302,,0,0.0,-0.04034741183680442,0.0,-0.08929079855677721,1.2776007740189896
Independent Research,5,1.3387658761380241,-0.1673222932996595,13,4.712203286670725,,0,0.0,-0.026378396123525563,0.0,-0.07058619318290403,6.30853696162021
Independent Work,47,0.5494596849389017,-2.195020414056486,100,1.5826468243422802,0.6286189379161342,0,0.0,-0.12661739088876414,0.0,-0.2166013772838982,0.8696006254726626
Industry Knowledge,15,0.9256894162143959,-0.6638283526047777,13,1.0860840288980853,,0,0.0,-0.05497004329816257,0.0,-0.12228417144447762,1.0053764906704477
Industry Standards,14,0.6855745017627167,-0.952286935277814,22,1.4584627372404964,,1,1.5970769643336016,-0.017422076324249212,2.431818181818182,0.10697002065933234,0.9998848644231413
Industry Trends,59,1.3952152635079464,-0.49448345041632924,26,0.83235499650594,-0.25885758261295727,2,1.5424760424760426,-0.027270851093070734,1.109250398724083,-0.0260415202032265,1.161314395782191
Inference Engines,2,1.5810187489629997,-0.046082282022668876,0,0.0,,0,0.0,-0.015350520319366494,0.0,-0.04463985779303767,0.0
Influencing Skills,6,0.9960418118466899,-0.3717753613638135,4,0.8989433962264152,,1,5.41409090909091,0.04791701266958828,6.322727272727273,0.2782355064701651,0.8953852091249754
Informatica,11,1.0375435540069686,-0.4676337510773892,10,1.2769082332761577,,0,0.0,-0.04445468894472102,0.0,-0.10470924136722752,1.3248479064941039
Information Retrieval,81,4.4378100527822815,2.055652823735806,10,0.7417024721340058,,1,1.7868286828682867,-0.01149719626999013,0.3951704545454546,-0.19270855367966902,3.2915346870097606
Information Security,17,1.0262248970541654,-0.593414830084173,24,1.9613310463121783,,4,7.87504132231405,0.14074026182580412,9.727272727272728,0.7363675378682843,2.0127667510908536
Infrastructure Architecture,27,2.175819491898109,0.24700141988081975,7,0.7636655065030227,,3,7.88459841129744,0.12199783664607053,3.9517045454545454,0.32909137424485607,1.6615982943395189
Infrastructure As Code (Iac),39,1.7984088269454124,-0.0010829838470556023,22,1.3733857442348008,,0,0.0,-0.06360452251462866,0.0,-0.19727527306985942,2.46990904523286
Infrastructure Management,16,1.8318010332812686,0.017767732833761624,5,0.7749512036434613,,0,0.0,-0.04034741183680442,0.0,-0.12629716261912385,1.4195564155766551
Infrastructure Security,8,3.494883550339263,0.4718120891429667,2,1.1828202581926515,,0,0.0,-0.020650066681836166,0.0,-0.08929079855677721,4.133819063365538
Infrastructure-As-Code,31,2.5350817871303275,0.47770127444521576,9,0.9963658332558788,,0,0.0,-0.04774578188620926,0.0,-0.17585279419398428,2.525868877205911
Innovative Solutions,84,1.4663076094483343,-0.47430192827851003,40,0.9452611947701525,-0.1782802642169293,0,0.0,-0.10351211862633733,0.0,-0.28979092627559955,1.3860436828076985
Interdisciplinary Teamwork,0,0.0,-0.2223464971456363,1,3.210512129380054,,0,0.0,-0.008862354688476837,,0.0,0.0
Interpersonal Communication,0,0.0,-0.9014221745461896,10,1.95422477440525,,0,0.0,-0.03592956789077373,,0.0,0.0
Interpersonal Skills,34,0.5145156730900556,-1.982511958269349,63,1.2906434357854182,0.21218190246137694,0,0.0,-0.1112099750807011,0.0,-0.1841767710773313,0.6640562760823965
Inventory Management,6,0.603661704149509,-0.7135133357291847,3,0.4086106346483705,,0,0.0,-0.04304202784448701,0.0,-0.07732490023150973,0.24666259204544777
Issue Resolution,6,0.31029339932918687,-1.2432152189464882,27,1.8903015341209664,0.49018023942935146,1,1.6866326819597848,-0.014536831638137612,6.322727272727273,0.2782355064701651,0.5865480887795715
Java,174,1.7081734206714372,-0.17344335690121554,30,0.39870345781774763,-1.0380945681545264,0,0.0,-0.13825479805803922,0.0,-0.41785969090160185,0.681054649374072
Javascript,116,1.693650691501261,-0.1646225688414397,18,0.35578234679145715,,2,0.9523466858559207,-0.06476001142120032,0.5546251993620415,-0.18691124788763253,0.6025710176672928
Jax,34,4.090026763621673,1.2080263525608332,4,0.6514082581350834,,3,11.769762845849801,0.16817948919667758,3.0593841642228736,0.25187928599139,2.664277209816667
Jira,37,0.6548249296078096,-1.6303346893605877,34,0.8146075552158345,-0.3186968704401622,1,0.5771951928668346,-0.07612603007833715,0.8781565656565656,-0.05570179845093074,0.5334253350021987
Stress Management,1,0.9222609368950833,-0.17230445803108427,4,4.994129979035639,,1,30.078282828282827,0.1762092036449547,,0.0,4.605890993441231
Kafka,91,2.5691554670648746,0.8511348996835276,17,0.6497465023745347,,1,0.9207637600494744,-0.04766894911586748,0.3512626262626263,-0.21503943512325954,1.6692997787818162
Kibana,4,2.65611149825784,0.1949213223915372,0,0.0,,0,0.0,-0.016748937851624016,0.0,-0.06313290437836663,0.0
Kinesis,12,1.5091542603737726,-0.1536544633912227,5,0.8512721555174385,,0,0.0,-0.03849517067860821,0.0,-0.10936749867519578,1.2847010002367072
Knowledge Sharing,42,1.7831950595720794,-0.014949835587823163,12,0.689726390966559,,2,2.7693559637293657,0.01618076294977403,1.5806818181818183,0.053220046047535816,1.2299166928280485
Kotlin,12,1.5206745219033435,-0.14698429030434934,1,0.17155408324931587,,0,0.0,-0.03834899422262203,0.0,-0.10936749867519578,0.2608779235257198
Kpi Development,0,0.0,-0.5180852292127505,6,3.548460774577954,,0,0.0,-0.020650066681836166,,0.0,0.0
Kpis,81,0.9235277788413677,-1.5522115289405527,80,1.2348123574538667,0.16960468428654213,5,1.8592345154845153,-0.021097440815257572,2.0798444976076556,0.1824487939480201,1.1403835137652425
Kubeflow,21,3.4177905308464855,0.7385060706042197,7,1.542304846466889,,0,0.0,-0.03383691531435493,0.0,-0.14470654902379285,5.271274899933176
Kubernetes,251,3.1235194249565112,2.1974847078983157,35,0.5896367853808945,-0.6724890350554699,6,2.4351233474172003,0.01154005196650456,0.7742115027829313,-0.18729031627874915,1.8417419528061374
Laboratory Experience,0,0.0,-0.5574952831224836,5,2.5538164665523153,,0,0.0,-0.02222090376111382,,0.0,0.0
Laboratory Procedures,0,0.0,-0.6118725412987919,23,9.752687789248842,,0,0.0,-0.024388320591818703,,0.0,0.0
Langchain,330,9.76511580241853,8.02781882381894,21,0.8412571889819392,,14,13.511100307891752,0.4011195274996926,1.4006041426927502,0.06956162361839517,8.214973870025727
Large Language Models,910,6.1659731209557,9.563712929870505,104,0.9539807470157876,-0.2721534443355651,32,7.0714656771799635,0.36216024407755976,1.1522054255539451,-0.07132964556835557,5.882219644008586
software Development,229,1.6880815194855832,-0.2444671872240846,63,0.628701531552666,-0.8100929514344897,4,0.9616502502825771,-0.09069692454953016,0.562020202020202,-0.26037380226150497,1.0612994366863377
Large-Scale System Design,7,1.6139566395663956,-0.07245782639079806,0,0.0,,0,0.0,-0.028426822864213743,0.0,-0.0835221659573317,0.0
Leadership Skills,27,0.9829359985329177,-0.807562413720431,23,1.1335360807679575,,3,3.5619019138755976,0.042940904878446186,3.9517045454545454,0.32909137424485607,1.1141934194227423
Lean,33,1.0869503899120623,-0.7402128214535264,31,1.3823038334830788,0.21581796959182903,4,4.296897546897547,0.0699673040043303,4.360501567398119,0.4155625290177217,1.502495690781371
Lean Six Sigma,7,0.5560042011903372,-0.8354913189006888,17,1.8279949444795522,,1,2.5904741191822533,0.00793515243651249,5.2689393939393945,0.2428716743074048,1.0163728688853282
Learning Agility,42,1.6366884232222605,-0.1547584969588652,17,0.8968332004606254,,0,0.0,-0.06919974845951828,0.0,-0.20473494171138756,1.4678365167552745
Licensed Professional Engineer,0,0.0,-0.5042650248232579,0,0.0,,0,0.0,-0.020099210739385184,,0.0,0.0
Linux,52,1.017967260535139,-1.054564129418662,15,0.3975280348878604,,0,0.0,-0.0977238311060463,0.0,-0.22785518839874636,0.40467052466071246
Llm Architectures,72,10.577435170053343,3.935172660027089,6,1.1932876941058606,,4,19.164923572003218,0.26947441106785097,1.8596256684491979,0.1271225808587649,12.621923223627185
Logistics,29,0.7715067452872331,-1.1920827840847197,10,0.36015360425737786,,0,0.0,-0.0837878363454215,0.0,-0.17007851155865425,0.2778609350240758
Looker,31,0.7868831846903004,-1.202050753554774,26,0.893445271478853,-0.19454636761389363,2,1.6556852932999722,-0.021957050638401598,2.1802507836990594,0.12608112102673194,0.7030370605677698
Lstm,3,1.9920836236933799,0.04407894349181559,0,0.0,,0,0.0,-0.016748937851624016,0.0,-0.05467356792561411,0.0
Machine Translation,2,1.5810187489629997,-0.046082282022668876,0,0.0,,0,0.0,-0.015350520319366494,0.0,-0.04463985779303767,0.0
Maintenance Of Laboratory Equipment,0,0.0,-0.08403802272700123,0,0.0,,0,0.0,-0.003349611104815141,,0.0,0.0
Manufacturing Processes,1,0.28136774345951693,-0.5431922650164683,2,0.7618164374800128,,0,0.0,-0.025732127027734707,0.0,-0.03156449318092742,0.21435057194411936
Market Research,24,0.7858318042182958,-1.059146942466876,11,0.4875925719176808,,0,0.0,-0.07550591758856955,0.0,-0.1547074131085573,0.38316575051351026
Marketing Strategy,4,0.29777034733832286,-1.0448279252104051,2,0.2015568152974025,,0,0.0,-0.050044746833776424,0.0,-0.06313290437836663,0.06001764289951372
Mathematics,126,1.1461303040427664,-1.2945547590901803,107,1.3176293615921428,0.31497185928569355,4,1.1866500622665006,-0.06704540199347815,1.0365126676602088,-0.05845970046218285,1.5101749408172789
Matlab,6,0.3621970224897054,-1.1099354742307745,8,0.6537770154373929,,0,0.0,-0.05558044364138633,0.0,-0.07732490023150973,0.23679608836362986
Mentorship And Career Growth,34,1.9068368019587534,0.08460254219927198,2,0.1518485466598674,,1,1.8290847665847667,-0.010269054963341,0.9579889807162535,-0.041737499357246605,0.28955039709498614
Metadata Management,61,1.6228245331903868,-0.20335171924871914,40,1.4406144170295114,0.29134554330207985,2,1.7352855477855478,-0.018450513569927933,1.0716486902927582,-0.03378553443198092,2.337864418823258
Metrics Development,11,2.200092355484656,0.16681703348632543,1,0.2707660832007274,,0,0.0,-0.030521903083259066,0.0,-0.10470924136722752,0.5957103897744428
Microservices,125,3.060600454297843,1.4908374932691522,16,0.5303500862692715,,8,6.388307857334406,0.1630501958585617,2.1616161616161618,0.24868764981080954,1.6231897149726324
Microsoft Office,10,0.11285313979681508,-3.0271272557391766,112,1.7111091158626528,0.8126828938945794,0,0.0,-0.1288855697264278,0.0,-0.0998342787321726,0.1931040362600526
Microsoft Outlook,6,0.23217757851904194,-1.5140700866040695,48,2.514526982451511,1.0150784331947085,0,0.0,-0.06944343977740744,0.0,-0.07732490023150973,0.5838167859063853
Microsoft Word,2,0.18972224987555997,-0.9930849948050368,15,1.9263072776280323,,0,0.0,-0.04432811997475225,0.0,-0.04463985779303767,0.3654633506632552
Migration Strategies,35,0.8036298620247614,-1.2429576335478847,16,0.49734074480022966,,1,0.7488369168867095,-0.05984405153218541,0.9298128342245989,-0.04651697771425237,0.39967787412310063
Ml Frameworks,107,4.774931624892286,2.5607871478896964,12,0.724954351795496,,6,8.732404692082111,0.18852328994246717,1.878037803780378,0.1596737034644806,3.4616074609916017
Ml Pipelines,56,3.0782749151994833,1.007900601520326,18,1.3394851930526053,,5,8.963726670680312,0.17586131490914883,3.099376114081996,0.33026938156436564,4.123303669054972
Ml Solutions Deployment,2,3.3201393728223,0.21744161632578068,0,0.0,,0,0.0,-0.010592609622473713,0.0,-0.04463985779303767,0.0
Mlflow,87,5.389032190961569,2.6059140318031586,16,1.341706561531963,,8,16.16146540027137,0.34185010945409783,3.2013808975834293,0.43370867195839824,7.230499850920107
Mlops,272,5.10213508139924,4.375609387656706,51,1.2950879437160217,0.1951052629127424,21,12.846995377503852,0.4745984124354989,2.6449655921767476,0.5567585358479322,6.607713631130719
Mobile,75,1.17902676591701,-0.933318271496152,30,0.6384541166380789,-0.5414253174018886,0,0.0,-0.1091021256839134,0.0,-0.2737756277470591,0.7527544923261956
Model Architecture Design,7,3.14067237969677,0.3695576126746852,5,3.036970933197348,,1,14.632678132678134,0.11308001083120682,5.2689393939393945,0.2428716743074048,9.538130727834835
Model Development,105,3.2219467111491817,1.4993067181780846,34,1.4123879607993584,0.24817952389279,9,9.006805578894305,0.2370049504714122,2.9637784090909096,0.4206807125450201,4.550638745164192
Model Evaluation,82,4.861632653061224,2.2839914073912833,8,0.6421024258760107,,5,9.66801948051948,0.18698462431323273,2.0528335301062572,0.17772479031165095,3.121666120248638
Optimization,389,1.6816851771196284,-0.33873603436372224,168,0.9832193396226414,-0.27756637423485025,18,2.537855113636364,0.029342515720343538,1.5338152413624113,0.14040083335318032,1.6534653893007458
Model Training,110,3.828252945602232,1.9958839710092624,20,0.9422886752897432,,6,6.810177244139507,0.15053595910454456,1.8238636363636365,0.14819002758319164,3.6073193967855848
Modern Frameworks,22,3.844371905373189,0.8968544674291035,2,0.4731281032770606,,0,0.0,-0.0326547081700299,0.0,-0.1481149401725546,1.8188803878808366
Modern Web Technologies,7,1.2911653116531165,-0.22253132977973653,6,1.4982389937106917,,1,6.015656565656566,0.05402347565739695,5.2689393939393945,0.2428716743074048,1.9344742172453169
Mongodb,29,1.240773734688746,-0.508411127566735,7,0.4054512740711924,,0,0.0,-0.0660357815972992,0.0,-0.17007851155865425,0.5030732915636237
Troubleshooting,63,0.7349570642579228,-1.8680210309469305,81,1.2792413052413847,0.2267482933557867,1,0.380470197406248,-0.10507171223386368,0.5098973607038123,-0.14663258077866126,0.9401874341776815
Multi-Agent Systems,94,13.11315550610488,5.082674870486676,5,0.9442682733470746,,5,22.74828113063407,0.3346689623876886,1.776046986721144,0.12573395364415704,12.38233670788134
Multimodal Learning,34,7.73183141616152,2.1962614269431247,3,0.923571982424399,,2,14.833125778331258,0.1614041598407962,1.9758522727272727,0.1035816900831886,7.140902868795544
Multimodal Systems,6,3.3201393728222994,0.37663717118963447,0,0.0,,0,0.0,-0.01834774352678884,0.0,-0.07732490023150973,0.0
Multithreading,4,2.2134262485482,0.10360487053811093,0,0.0,,0,0.0,-0.01834774352678884,0.0,-0.06313290437836663,0.0
Mxnet,15,4.1501742160278745,0.816839301658996,0,0.0,,0,0.0,-0.0259493365945209,0.0,-0.12228417144447762,0.0
Natural Language Processing,277,3.672837884471953,2.9956951862018397,62,1.1129091566700826,0.004986566156477277,17,7.351401394133023,0.27309844272898703,2.0670454545454544,0.3336137079945816,4.087534912593611
Natural Language Understanding,33,7.715816852333512,2.160442090222843,3,0.949588094605368,,2,15.250960307298335,0.16443130684273152,2.0395894428152492,0.11081489067537126,7.326847823131368
Negotiation Skills,1,0.14068387172975846,-0.8406023198753646,1,0.1904541093700032,,0,0.0,-0.036395436987796306,0.0,-0.03156449318092742,0.02679382149301492
Nemo,6,5.859069481451116,0.7384364420761372,0,0.0,,0,0.0,-0.013811285438673418,0.0,-0.07732490023150973,0.0
Network Security,3,0.5134236143539639,-0.5887747383615425,7,1.6218050962847697,,0,0.0,-0.03299679649637951,0.0,-0.05467356792561411,0.8326730343122049
Networking,69,1.1944192738516093,-0.8670510923312598,24,0.5624254825191335,,3,1.6936676462223905,-0.024833049260519813,1.43698347107438,0.039057725796634614,0.6717718364261444
Neural Networks,44,3.8043263646922183,1.2508001264068616,11,1.2875491352201258,,2,5.63967803030303,0.07110285898755708,1.5054112554112555,0.042286379671600025,4.89825712095459
Next.Js,27,3.2957265833162532,0.7894253427061695,3,0.49574084350721415,,0,0.0,-0.03907442107976579,0.0,-0.1641021803637255,1.6338262763823483
Nlp Techniques,34,4.664658622973479,1.4070196103359107,12,2.2287852799002024,,4,17.897821187077387,0.25809698546445997,4.215151515151515,0.40325700852896224,10.396522474642838
Nlp/Nlu Ivr Chat Solutions,0,,0.0,0,,,0,,0.0,,0.0,
Node.Js,77,3.036231968020393,1.1516753305373548,9,0.48043293147492494,,1,1.2860073418268194,-0.029031479411350376,0.4159688995215311,-0.18320287445687772,1.458705825033918
Nosql,59,1.4424758688992319,-0.42927001866038633,18,0.5957651374107317,,0,0.0,-0.08741300954991182,0.0,-0.24274272095405072,0.8593768342464154
Object Storage,4,1.207323408299018,-0.20279291988866752,0,0.0,,0,0.0,-0.024844325584110507,0.0,-0.06313290437836663,0.0
Object-Oriented Design,12,1.568569782435732,-0.11982005015799577,2,0.3539147229237855,,0,0.0,-0.037758642897894476,0.0,-0.10936749867519578,0.5551399399373647
Objective-C,0,0.0,-0.2657565609548415,0,0.0,,0,0.0,-0.010592609622473713,,0.0,0.0
Observability,270,4.3390011164667035,3.663223372418052,39,0.8484702916948254,-0.2959804052081569,6,3.1446801020857165,0.04451324676163852,0.71849173553719,-0.21752525618981386,3.681513542952677
Open Source Contributions,18,4.459888709761298,0.9739811413904467,2,0.6708532807659815,,2,16.16146540027137,0.17084851349854366,3.9517045454545454,0.26865479119347146,2.991930972794527
Open Source Frameworks,13,6.1659731209557,1.136314964017204,0,0.0,,0,0.0,-0.019818045548288563,0.0,-0.11383565712886706,0.0
Open Source software,76,3.7774040768636943,1.6285282873665339,9,0.6055756411704891,,2,3.2419706042460534,0.02794671973222588,0.8544226044226044,-0.08509136092587126,2.287503895806751
Opensearch,18,4.459888709761298,0.9739811413904467,0,0.0,,0,0.0,-0.02742172109697378,0.0,-0.13396391443706263,0.0
Operating Laboratory Equipment,0,0.0,-0.5574952831224836,3,1.5322898799313893,,0,0.0,-0.02222090376111382,,0.0,0.0
Operating Systems,12,0.8586567343505948,-0.6641458426301231,10,0.9686890045543265,,0,0.0,-0.05104563857946943,0.0,-0.10936749867519578,0.8317713372519464
Operational Efficiency,88,1.641417218024508,-0.21740933932243603,45,1.136304854780581,0.02881535605864573,7,4.258273748723187,0.09132191348803345,2.732042648709315,0.3345838898087342,1.8651503535616836
Operational Excellence,93,1.8873652913965397,0.1152468691316023,34,0.9341098860543433,-0.17655218537450035,6,3.971215825739053,0.07518049758214353,2.1802507836990594,0.2186502993793596,1.7630065772893442
Operational Support,12,0.729700961059846,-0.8202625758509235,13,1.0701707097933513,,0,0.0,-0.05537772086815757,0.0,-0.10936749867519578,0.780904595434306
Operations Automation,2,2.3715281234444996,0.09766512219167686,0,0.0,,0,0.0,-0.012533454772654176,0.0,-0.04463985779303767,0.0
Operations Research,27,1.238173523013841,-0.4933507154647343,7,0.4345720838111123,,0,0.0,-0.0637812372536747,0.0,-0.1641021803637255,0.5380756480158712
Opportunity Identification,7,2.526193001060445,0.22459017284048177,4,1.9542247744052503,,0,0.0,-0.022720412020171478,0.0,-0.0835221659573317,4.936748947601471
Oracle,30,0.6073425681992012,-1.5878843204086446,36,0.9866451909802116,-0.12359754633717089,0,0.0,-0.09609100687192068,0.0,-0.17298962779983862,0.599231624191313
Orchestration Tools,509,5.337810931037747,6.265903042241583,48,0.6814479314413759,-0.6031124955113838,12,4.10417504163556,0.112736861870112,0.7633071154197915,-0.2743887909954181,3.6374402173808376
Organizational Skills,32,0.5585933750279368,-1.781265354409858,66,1.5596809713707516,0.488859196372618,0,0.0,-0.10351211862633733,0.0,-0.1786703159459453,0.871227457764839
Parallel And Distributed Computing,17,4.703530778164925,1.0037111516927326,2,0.749119496855346,,0,0.0,-0.0259493365945209,0.0,-0.1301868293833602,3.5235066099825425
Partner/Channel Marketing,0,,0.0,0,,,0,,0.0,,0.0,
Partnership Development,9,1.606519051365629,-0.08565783568322212,5,1.2082572529924933,,1,5.821603128054742,0.05210814745283153,3.9517045454545454,0.18993426751891604,1.941088295883141
Patents And Publications,42,4.910065269666782,1.6509271561369712,18,2.848764283816104,,4,15.250960307298335,0.23257774354800814,3.327751196172249,0.319742523454946,13.987618571432614
Payment Processing,0,0.0,-0.954743880595631,3,0.5226415094339623,,0,0.0,-0.03805496075966398,,0.0,0.0
Payroll Experience,0,0.0,-0.2058524259172998,0,0.0,,0,0.0,-0.008204928091981145,,0.0,0.0
Penetration Testing,3,1.0163691957619285,-0.25358241576153134,1,0.4586445899114363,,0,0.0,-0.023449748380999193,0.0,-0.05467356792561411,0.46615223298884606
Performance Management,26,1.157153132619032,-0.5735142936449324,32,1.928028731852901,0.5538443362712976,4,5.8059956129661225,0.10396809164386596,5.747933884297521,0.5193163580477018,2.231024486843084
Performance Metrics,72,0.8411331275271132,-1.678845411408809,77,1.2177804628682962,0.14488773561737625,1,0.3810056938135756,-0.10496689668224696,0.4452624839948784,-0.17078128598583547,1.0243154893738255
Performance Tracking,52,1.6195801818645366,-0.19135604250163235,31,1.3070940564267761,0.16098582682780724,3,3.047330718062425,0.028556864020432813,1.935528756957328,0.12116321887696924,2.116943629621733
Performance Tuning,31,1.0766142317729215,-0.7313534116569227,25,1.17539670008684,0.05118094983212156,1,1.132655001901864,-0.03598924623760291,1.0537878787878787,-0.026545275613773414,1.2654488152924201
Perl,3,0.5187717770034843,-0.5832653497366918,4,0.9363993710691825,,0,0.0,-0.03282619720658886,0.0,-0.05467356792561411,0.48577756571450487
Personalization,58,2.500884202905109,0.6277415704749265,7,0.4086106346483705,,2,2.8125147579693035,0.017330180553230698,1.1290584415584415,-0.022071535453362077,1.0218878813311407
Phd Or Master'S Degree,5,2.305652342237708,0.138667565232414,0,0.0,,0,0.0,-0.020099210739385184,0.0,-0.07058619318290403,0.0
Php,7,1.1173545966228895,-0.3215302730350484,2,0.43218432510885346,,0,0.0,-0.034167189404911764,0.0,-0.0835221659573317,0.4829031422487387
Physics,41,1.289069264069264,-0.5417451435585183,13,0.5533269010863351,,0,0.0,-0.07705733990985791,0.0,-0.2022787497751691,0.7132767011730884
Pipeline Management,29,1.789666204681165,-0.0075215125115271255,11,0.9189941782983797,,1,2.0126732004055423,-0.005256814987601586,1.1290584415584415,-0.015597727787260181,1.6446928231993472
Pl/Sql,5,0.7830517388731838,-0.4852140963308215,12,2.5441794232823063,,0,0.0,-0.03449430706817494,0.0,-0.07058619318290403,1.992224121406584
Policy Development,1,0.2155934657676818,-0.6478587709633987,1,0.29186473903455035,,0,0.0,-0.02939762223158126,0.0,-0.03156449318092742,0.06292413062383871
Postgresql,99,2.532309691135652,0.8517991295432408,19,0.6579323778236474,,1,0.8342204790586917,-0.05341063272175412,0.32258812615955473,-0.23165715356812108,1.6660885364747458
Power Bi,54,0.3169864323415916,-3.6927871315807455,120,0.9536174641722933,-0.2934272303976758,1,0.19144593030731646,-0.16381356355522703,0.5964837049742711,-0.11955046631166122,0.3022837977866108
Powerpoint,8,0.11548310861990607,-2.670494190555037,71,1.3874995898277276,0.3328579049546366,0,0.0,-0.11387804371461904,0.0,-0.08929079855677721,0.1602327658421506
Powershell,11,0.739302289494844,-0.7731097473941856,15,1.3647926056069055,,0,0.0,-0.05267171167949519,0.0,-0.10470924136722752,1.0089942980108189
Predictive Analytics,42,1.958509180597424,0.13745986240809244,31,1.9569694721221116,0.5600448202480125,6,9.124872318692542,0.19551787057844433,5.268939393939394,0.595310968116785,3.83274267730005
Predictive Modeling,84,1.7741202755539007,-0.03291628563391005,50,1.4296173604109657,0.3163293978924088,8,5.510525098311358,0.1386074259775128,3.327751196172249,0.45255855822219176,2.5363131453889425
Presentation Skills,37,0.881242157779233,-1.1244085754798065,37,1.1930023551067919,0.07821403485811848,0,0.0,-0.0885675761758086,0.0,-0.19214240829407667,1.051323969650016
Pricing Strategy,4,0.37096529305277093,-0.8897666942006314,4,0.5022030146516285,,0,0.0,-0.04483225855661843,0.0,-0.06313290437836663,0.1862998885022264
Prioritization,66,1.0912808695531462,-1.0394709416721848,51,1.1415864842516725,0.03651922436034714,0,0.0,-0.10636982072925692,0.0,-0.25677642400254364,1.2457914912042842
Process Automation,41,1.8495341614906833,0.043932472525168714,31,1.8931552502050861,0.5268242805623887,7,10.298542490118576,0.2325247762471574,6.508689839572193,0.7518877505913795,3.501455308259749
Process Design,17,0.768969609509252,-0.9159869326765238,16,0.9797748187753843,,0,0.0,-0.06422091021588677,0.0,-0.1301868293833602,0.7534170598007054
Process Documentation,2,0.17850211681840322,-1.031090106631028,7,0.8457800770947455,,0,0.0,-0.045701162824702955,0.0,-0.04463985779303767,0.15097353412424433
Process Improvement,41,0.43435135381529766,-2.521683653560909,119,1.7066730081516177,0.8328823385855779,3,1.036520276150142,-0.07106549382247916,2.4958133971291865,0.19279609768450387,0.7412957316106817
Product Delivery,26,2.259780724957586,0.29067810739985833,10,1.1766274819717473,,4,11.338410280818657,0.18896149687077304,5.747933884297521,0.5193163580477018,2.658920104215134
Product Design,20,1.6939486596032143,-0.06801674104161634,3,0.3439834424335772,,1,2.7622912801484234,0.011302464548652205,1.6638755980861244,0.045757817132743184,0.5826902912360575
Product Development,84,1.5010317939562605,-0.4197905005705967,35,0.8466904969839755,-0.28251674093378726,4,2.3311478618260106,0.00484607705815363,1.5806818181818183,0.07532843094508487,1.2709093556135744
Product Launch,4,0.9352505275555774,-0.33713734516905125,2,0.633058729736912,,0,0.0,-0.02822866215306638,0.0,-0.06313290437836663,0.5920685109601106
Product Lifecycle Management,103,2.211994536873848,0.5249625308675699,30,0.8721960506724598,-0.23248600190561267,7,4.9027990121133715,0.11204362459279926,2.305160984848485,0.2602727528121608,1.9292928991704268
Product Management,102,1.4984699824242238,-0.46717046167116283,35,0.6960844882284188,-0.49137533303434805,0,0.0,-0.11287848873955675,0.0,-0.31945320357757917,1.0430617108414135
Product Marketing,11,0.9924329647023178,-0.5066745061444082,7,0.854973338802297,,0,0.0,-0.04545459395007308,0.0,-0.10470924136722752,0.8485037253690028
Product Roadmap Development,0,0.0,-0.2787284151653229,2,4.086106346483705,,0,0.0,-0.011109647083238704,,0.0,0.0
Product Strategy,52,1.6287476168562225,-0.1810850646802364,18,0.763253826984692,,2,2.0430531732418524,-0.006329784053697734,1.2645454545454546,0.0032968119405872493,1.2431478517577086
Professional And technical Standards,4,0.9765115802418528,-0.3140619415958459,0,0.0,,0,0.0,-0.02762566351807451,0.0,-0.06313290437836663,0.0
Professional Development,101,1.2105923344947735,-1.0149185212758445,84,1.3630188679245283,0.33349161108806563,8,3.1272727272727274,0.050605636270040756,2.7194525904203326,0.35559022530612533,1.650060193281178
Professional Engineer (Pe) License,1,1.2769766818547308,-0.08693225613441732,0,0.0,,0,0.0,-0.012077512710621324,0.0,-0.03156449318092742,0.0
Program Management,26,1.0375435540069688,-0.7193177808071636,10,0.5402304063860668,,1,1.301464160839161,-0.02838340481882365,1.2645454545454546,0.0023299680425367918,0.5605125758244288
Programming Languages,108,1.5180992898594765,-0.44643509099861,38,0.7231128081414854,-0.4694356603654602,0,0.0,-0.11541058797388441,0.0,-0.32875552506846695,1.097757040527881
Project Coordination,1,0.18864428254672158,-0.7045705046174933,6,1.5322898799313893,,0,0.0,-0.03142813906097982,0.0,-0.03156449318092742,0.2890577250532591
Project Delivery,17,0.7627347207835014,-0.925348047732289,10,0.6073941866394696,,0,0.0,-0.06448328423212059,0.0,-0.1301868293833602,0.4632806353519778
Project Leadership,2,0.25737514518002325,-0.816197498865389,7,1.219496855345912,,1,4.196969696969697,0.03366309473049016,31.613636363636363,0.6545090189501455,0.3138681801912359
Project Lifecycle Management,7,0.5234453966161283,-0.8839266833023329,8,0.8098589155192928,,0,0.0,-0.04993230315068617,0.0,-0.0835221659573317,0.4239169212371038
Prompt Engineering,332,8.140962125384073,7.132509577646724,26,0.8630918870711519,-0.22588662412828123,12,9.596616087014905,0.28822134063627675,1.1855113636363637,-0.027444102474427367,7.0263983633725156
Proof-Of-Concept Development,11,5.072435152922957,0.873047082186205,0,0.0,,0,0.0,-0.020099210739385184,0.0,-0.10470924136722752,0.0
Proposal Development,9,1.6418271623846536,-0.06921732418512336,4,0.9878498859630935,,0,0.0,-0.03195956698979263,0.0,-0.0947091532303139,1.6218787751327897
Public Speaking,2,0.830034843205575,-0.2841208584259206,0,0.0,,0,0.0,-0.021186614400791823,0.0,-0.04463985779303767,0.0
Publication Record,8,2.1771405723424917,0.13483659408312845,2,0.736838849365914,,0,0.0,-0.02616474491732569,0.0,-0.08929079855677721,1.6042017542326892
Pyspark,155,1.5288817670453252,-0.5130375191640238,77,1.0282032309779257,-0.11716651200153311,11,3.5386215092097446,0.08127877876527377,2.4149305555555554,0.35196819352121966,1.5720011726592436
Python,900,2.0756636812587312,1.089242450801279,292,0.9116819661646055,-0.6029250819576352,32,2.406931218267701,0.023502871614689454,1.1654796816087138,-0.06087207135507627,1.8923451460264231
Pytorch,255,3.8588675481754167,3.07596417331418,51,1.04480659087391,-0.074990162174771,17,8.390113532775338,0.3072352135186658,2.258116883116883,0.392898930342689,4.03177024764312
Qlik,7,0.7905093744814999,-0.567215977373248,14,2.1403414195867025,,0,0.0,-0.04062489529827017,0.0,-0.0835221659573317,1.6919599567743298
Qualitative Research,1,0.12868757259001162,-0.8853873060505241,5,0.8710691823899371,,0,0.0,-0.03805496075966398,0.0,-0.03156449318092742,0.11209577863972711
Quality Assurance,29,0.604040412872313,-1.5697649695242042,49,1.3816884069979403,0.27103318278871386,0,0.0,-0.09472901346510866,0.0,-0.17007851155865425,0.8345956358239243
Quality Control,20,0.6372628354745297,-1.2327994648120777,53,2.2861804222648754,0.9387519712323217,0,0.0,-0.0765436614044211,0.0,-0.14121620925499664,1.456897818298872
Quantitative Analysis,10,0.5320736174394711,-1.0409216481460661,9,0.6482764876632802,,0,0.0,-0.059206345163622734,0.0,-0.0998342787321726,0.3449308158919562
Quantum Computing,2,0.8513177879031538,-0.27433217452700115,0,0.0,,0,0.0,-0.020920059574305167,0.0,-0.04463985779303767,0.0
Quicksight,6,0.7905093744814999,-0.5251163620136685,2,0.3567235699311171,,0,0.0,-0.037609610460311145,0.0,-0.07732490023150973,0.281993326129055
Rdbms,2,0.3608847144372065,-0.6423313236988454,9,2.1985028712059065,,0,0.0,-0.03213475976493083,0.0,-0.04463985779303767,0.7934060808645221
Rds,9,0.7148625443875765,-0.7276603677663037,2,0.21505822876230027,,0,0.0,-0.04844688474188645,0.0,-0.0947091532303139,0.15373707260450345
React,156,2.909785068316173,1.506719167717694,10,0.2525121899512402,,0,0.0,-0.10012388100250368,0.0,-0.39550856207298746,0.734756199887936
Real-Time Data Streaming,11,2.6086809357889496,0.3082761150199681,0,0.0,,0,0.0,-0.02802910227474454,0.0,-0.10470924136722752,0.0
Real-Time Systems,7,3.058023106546855,0.35171993705256865,0,0.0,,0,0.0,-0.020650066681836166,0.0,-0.0835221659573317,0.0
Recommendation Systems,50,2.7853518228374994,0.7740286301085235,0,0.0,,0,0.0,-0.057860973067103215,0.0,-0.2234211411847617,0.0
Redshift,26,0.9403444846773399,-0.8528211551745255,16,0.7833929378879434,,0,0.0,-0.07183524005873607,0.0,-0.16103124641873523,0.7366592284781055
Regex,4,2.7667828106852497,0.21542929081349357,0,0.0,,0,0.0,-0.016410504565342876,0.0,-0.06313290437836663,0.0
Regulatory Knowledge,0,0.0,-0.34650923200304073,0,0.0,,0,0.0,-0.013811285438673418,,0.0,0.0
Regulatory Requirements,36,0.9733307607622377,-0.948513358758836,55,2.0131061397578516,0.7845040637904339,3,2.645321291086763,0.015659258246572563,2.87396694214876,0.23354084431207586,1.9594181305056413
Regulatory Standards Compliance,1,1.0375435540069686,-0.14094829492153735,0,0.0,,0,0.0,-0.013398885574324408,0.0,-0.03156449318092742,0.0
Reinforcement Learning,84,4.542210216890442,2.1488968654351823,2,0.14640771925511645,,1,1.7635475273911756,-0.012187022325448226,0.38088718510405256,-0.19961080464163772,0.6650146382322175
Relational Databases,38,0.9443510192159236,-1.0244451520960434,41,1.3793667382216697,0.24592426508090917,1,0.8104926510615134,-0.05511355922393042,0.8544226044226044,-0.06012197413188799,1.3026063851121779
Relationship Building,15,0.6118192947461241,-1.113460331975378,19,1.0491354132863566,,0,0.0,-0.06763613654278362,0.0,-0.12228417144447762,0.6418812886500421
Reliability And Scaling,22,2.0989386839681203,0.1807339058869972,1,0.1291585339405769,,0,0.0,-0.04420118969554022,0.0,-0.1481149401725546,0.27109584325248626
Remote Work,56,1.0576098115929966,-1.018897566191083,37,0.945987077940198,-0.1705994762934611,4,2.4637501292791395,0.010636876837322461,2.431818181818182,0.21411935362581228,1.000485215269742
Report Generation,6,0.5824805917232104,-0.7393940636771787,18,2.365640516385303,,0,0.0,-0.04381819955887636,0.0,-0.07732490023150973,1.3779396877885124
Report Preparation,0,0.0,-0.9694412176147209,0,0.0,,0,0.0,-0.03864079543570141,,0.0,0.0
Report Writing,1,0.20000839595315056,-0.6793539720587972,17,4.603023414412366,,0,0.0,-0.030521903083259066,0.0,-0.03156449318092742,0.9206433296514116
Reporting And Analytics,14,0.34844041393937175,-1.7468180985949793,56,1.8868377132188623,0.7042424287343385,0,0.0,-0.08663485374032588,0.0,-0.11813528870690376,0.657450513830398
Reporting Tools,26,0.561271935587645,-1.5976581504719418,41,1.1982015359324778,0.08725068201523278,0,0.0,-0.09304440997550342,0.0,-0.16103124641873523,0.6725168952969109
Requirement Analysis,32,0.7721254355400696,-1.2511340551889023,34,1.1106132075471697,0.0015670580877053621,0,0.0,-0.08799216372648062,0.0,-0.1786703159459453,0.8575327065939122
Requirements Management,1,0.14310945572509912,-0.8322067992187271,9,1.7436402081977878,,0,0.0,-0.036085524499896625,0.0,-0.03156449318092742,0.24953140117558392
Research And Analysis,6,0.559574051599264,-0.7687531659857672,9,1.1363048547805807,,0,0.0,-0.04470675522296629,0.0,-0.07732490023150973,0.6358467114414829
Research And Development,33,1.956510701841712,0.12035583420046524,24,1.926307277628032,,0,0.0,-0.05608406022256801,0.0,-0.18144431944043427,3.7688408037148187
Research Publication,1,1.3833914053426248,-0.06644859779521563,1,1.872798742138365,,0,0.0,-0.011603673406908278,0.0,-0.03156449318092742,2.5908136838106928
Resource Management,13,1.8445218737901665,0.02227130271776214,8,1.536655378164812,,0,0.0,-0.03624081134122991,0.0,-0.11383565712886706,2.834394457502296
Responsible Ai,187,6.633184430745406,4.583888544579769,43,2.064880664408966,0.7235210660129632,15,17.352855477855478,0.49040173333096376,2.7570031712473573,0.49666022357821354,13.696734274504784
Rest,197,2.4794065824336355,1.1289221564570533,40,0.6815340380791624,-0.5499694059379259,8,3.283754910745055,0.05794498650372919,1.3381433381433383,0.03198118304550964,1.6897999801660513
Restful Apis,106,2.4507992584899982,0.797012611272732,24,0.7512061806905975,,6,4.524309951886553,0.09271703636677707,1.8968181818181817,0.16358313728460952,1.84105555060962
Retrieval-Augmented Generation (Rag),486,8.656586562186899,9.010527184770968,46,1.109211272167787,0.0003153072967353005,22,12.780042918454937,0.4840282006603551,1.4989224137931034,0.13827608616519044,9.6019833932739
Revenue Growth,45,1.152826171118854,-0.7614979380521374,14,0.485540414628465,,1,0.8355078563411897,-0.05331995149367222,0.7184917355371901,-0.0883952468337915,0.5597436971195942
Risk Analysis,9,0.5187717770034843,-1.0106570717708683,12,0.9363993710691823,,1,1.8798926767676767,-0.008831251871320679,3.9517045454545454,0.18993426751891604,0.48577756571450476
Risk Mitigation,22,1.496784143485463,-0.2178821454227696,10,0.9210485617073925,,0,0.0,-0.052350520868477725,0.0,-0.1481149401725546,1.378610882543717
Rnn,12,4.98020905923345,0.8951516556726866,1,0.5618396226415094,,0,0.0,-0.021186614400791823,0.0,-0.10936749867519578,2.798078778515548
Roadmap Strategy Definition,6,1.1067131242741,-0.30379391727928806,1,0.24970649895178199,,0,0.0,-0.03178341010338075,0.0,-0.07732490023150973,0.2763534596064739
Robotics,29,1.731727370716667,-0.052043571703578956,2,0.16168046694719695,,0,0.0,-0.05588315556980472,0.0,-0.17007851155865425,0.27998648992271236
Root Cause Analysis,22,0.7577081556233465,-1.0615804766491004,28,1.305519455100603,0.15185145867049382,0,0.0,-0.07361675527126153,0.0,-0.1481149401725546,0.9892027384546742
Ruby On Rails,22,1.9741369243808269,0.10878219203696617,1,0.12147883732789394,,0,0.0,-0.045578044582929585,0.0,-0.1481149401725546,0.23981585829984733
Rust,23,3.0064254163351536,0.6170637363522636,0,0.0,,0,0.0,-0.037758642897894476,0.0,-0.1514469157159614,0.0
Saas,167,2.3199300220139083,0.8234860547965241,20,0.37612694402778873,,1,0.45306200076074554,-0.09245038222671037,0.19044359255202628,-0.3453664951881976,0.872588189538412
Safety Compliance,8,1.2769766818547308,-0.24593007382317153,15,3.241382438316401,,1,5.205856643356644,0.04567789752083954,4.516233766233766,0.2140971829763388,4.139169790703474
Safety Procedures,2,0.3192441704636827,-0.7030019896485659,3,0.6482764876632802,,0,0.0,-0.034167189404911764,0.0,-0.04463985779303767,0.2069584895351737
Sagemaker,72,3.578593335976131,1.4676589424128095,14,0.9420065529318721,,1,1.6209853021230267,-0.016635047447654296,0.4452624839948784,-0.17078128598583547,3.371058372767844
Sales,277,1.398538026569004,-1.0673485349330551,67,0.45794713767616946,-1.3327749817385517,6,0.9879727936297278,-0.10755378833615437,0.6999329084199933,-0.22819867393675974,0.640456486198554
Salesforce,98,1.781892982128069,-0.024680777519982322,25,0.6153774618198351,-0.5279824777916932,2,1.1860001991436822,-0.04735563194743943,0.6586174242424243,-0.14559083260385677,1.0965367805765478
Sap,21,0.5908722612649856,-1.365059794034725,10,0.3809082187400064,,1,0.917642526964561,-0.047864422622267734,1.5806818181818183,0.037616295777972444,0.22506810054132534
Sap S/Hana,0,0.0,-0.36632703025537344,2,2.365640516385303,,0,0.0,-0.014601193194949133,,0.0,0.0
Sas,14,0.37667707633316205,-1.646762908555429,50,1.8211981284975995,0.6203787601127381,0,0.0,-0.08331526518475484,0.0,-0.11813528870690376,0.6860035864659022
Scala,37,1.1311708728768424,-0.7204016311272285,12,0.49665381006984255,,0,0.0,-0.07814681494854255,0.0,-0.19214240829407667,0.5618003238543133
Scalability,240,2.1987677965710595,0.7798661399230252,79,0.9798086134366278,-0.19461191772593459,9,2.689118001204094,0.029786406447798702,1.2317001180637546,-0.0055119032841774995,2.154371626027399
Scalable Solutions,51,2.030301055322989,0.21588388497027985,17,0.9161893127007829,,1,1.2983431436668849,-0.028513556779164857,0.6322727272727273,-0.10969266486253998,1.8601401284520434
Scalable Systems,41,3.739717425431711,1.1792577379661704,3,0.37044370723616005,,0,0.0,-0.045206684611404924,0.0,-0.2022787497751691,1.3853547870925909
Scalable Tools,0,0.0,-0.3565558034203691,0,0.0,,0,0.0,-0.014211726665996191,,0.0,0.0
Schema Design,12,1.2528827821970943,-0.3182133021710067,3,0.4240299038803845,,0,0.0,-0.042251642115649975,0.0,-0.10936749867519578,0.5312597657084226
Scientific Thinking,3,2.929534740725558,0.21148369947183043,1,1.3219755826859045,,0,0.0,-0.013811285438673418,0.0,-0.05467356792561411,3.87277339586927
Scikit-Learn,130,3.9743841479456625,2.280000383946886,23,0.9519198026338649,,9,8.973631341034656,0.23628448879617703,2.3514274981217134,0.30505888608254383,3.783294973703596
Scipy,16,2.6040308806449413,0.3700312649480112,0,0.0,,0,0.0,-0.03383691531435493,0.0,-0.12629716261912385,0.0
Scripting Languages,24,0.8893230462916873,-0.8929821373068106,22,1.1036135444743933,,0,0.0,-0.07096753412470087,0.0,-0.1547074131085573,0.9814689593007341
Scrum,40,0.7641287394297583,-1.4177113320085386,45,1.1637644657706756,0.05700787083098703,3,1.8690762632074485,-0.015840579015713077,2.5632678132678133,0.2004355358229711,0.8892658742224925
Sdlc,71,2.450414713829348,0.6516132299881773,20,0.9344525948299532,,3,3.376771876771876,0.03799646213072321,1.3947192513368982,0.030878039844914707,2.2897963877473315
Security And Compliance Standards,82,1.9253990705192967,0.1535069254643035,39,1.2397027034239811,0.12248619213150767,3,2.297351163687797,0.0028719572881310785,1.2005178365937859,-0.010202277363354622,2.3869224328927925
Security Certifications,2,0.5442851430856229,-0.45553229656244604,3,1.105258274048871,,0,0.0,-0.02616474491732569,0.0,-0.04463985779303767,0.6015756578372584
Security Clearance,17,0.5245573358548243,-1.3757490304594848,8,0.3341797011994108,,1,1.0063366002027712,-0.0426011643927728,1.9758522727272727,0.07321831992083937,0.17529641375792418
Security Engineering,5,1.1857640617222498,-0.23716537045933864,5,1.605256064690027,,1,7.734415584415585,0.06921106908166069,7.903409090909091,0.32363965683285,1.903454951371121
Security Frameworks,5,1.2969294425087108,-0.18550687870427077,2,0.7022995283018868,,0,0.0,-0.026800594931495246,0.0,-0.07058619318290403,0.9108329357146966
Security Services Best Practices,25,1.751128361193196,-0.03431808378826246,6,0.5689515165989969,,0,0.0,-0.05159333368302312,0.0,-0.15790086029724001,0.9963071368603849
Security Tooling,4,0.9486112493777998,-0.32953746440916265,4,1.2842048517520215,,0,0.0,-0.02802910227474454,0.0,-0.06313290437836663,1.2182111688775172
Self-Motivated,18,0.7235170546101863,-1.015091197891604,17,0.9250628169400156,,0,0.0,-0.06813375714424288,0.0,-0.13396391443706263,0.669298724641842
Self-Starter,28,0.9974667643672146,-0.8017500188831467,10,0.48226577050773345,,0,0.0,-0.07238204394078075,0.0,-0.16711693965954855,0.48104407767341056
Server Systems,1,0.26350312482716665,-0.5680098242993976,0,0.0,,0,0.0,-0.026590332568071178,0.0,-0.03156449318092742,0.0
Serverless,20,1.6436333528823266,-0.1019691876894157,7,0.7787875957407062,,0,0.0,-0.047627931663340645,0.0,-0.14121620925499664,1.2800412671704628
Service-Oriented Architecture,14,2.13219959722533,0.1588699926478078,7,1.44325774623507,,0,0.0,-0.03497925874192346,0.0,-0.11813528870690376,3.0773135852147537
Servicenow,31,2.0502852700695477,0.18189981767756253,11,0.9848981432759527,,1,2.157008330315103,-0.0016363555939174455,1.0537878787878787,-0.026545275613773414,2.019322155677533
Sharepoint,19,0.7250879090071689,-1.0402892979365064,30,1.5499024072869225,0.3229541297608162,1,1.2446185997910135,-0.030811435106967933,1.7563131313131313,0.05436299630494397,1.123815495664852
Shell Scripting,13,1.2261878365536902,-0.3512417413588932,4,0.5107632933104631,,0,0.0,-0.04445468894472102,0.0,-0.11383565712886706,0.6262917376153947
software Architecture,112,2.979612257661038,1.3392623058430007,19,0.6842918480890179,,1,0.8676427738927739,-0.05111050441043944,0.2848075348075348,-0.2567499627054222,2.038924378383563
software Design,39,1.9982320299393472,0.16385289986640414,9,0.6242662473794549,,0,0.0,-0.060335776732241185,0.0,-0.19727527306985942,1.2474288107236668
software Engineering Principles,13,2.095233584790772,0.13731589952586615,2,0.4363802894302986,,0,0.0,-0.034002452641034804,0.0,-0.11383565712886706,0.9143186381550793
software Solutions Implementation,48,1.4567339112931479,-0.3697537504372263,14,0.5751923010589494,,0,0.0,-0.07843480985715079,0.0,-0.21889805175422125,0.8379021304673091
software Testing,7,0.6420159008219917,-0.723100962897621,4,0.4966538100698426,,0,0.0,-0.04508222036213926,0.0,-0.0835221659573317,0.31885964326866434
Solution Architecture,33,3.1484080259521803,0.8062261001169491,5,0.6457926697028844,,0,0.0,-0.04420118969554022,0.0,-0.18144431944043427,2.033218824393647
Solution Deployment,5,5.533565621370499,0.6400407355384202,0,0.0,,0,0.0,-0.012973386694460331,0.0,-0.07058619318290403,0.0
Solution Design,66,1.8761061524509568,0.08484334527488846,20,0.7696433186869992,,1,0.9270703611457036,-0.04727642268116032,0.4863636363636364,-0.15496654949282945,1.4439325653814516
Version Control Systems,118,1.7350595482419457,-0.09991822746965034,67,1.3336848438257265,0.2661809897949974,7,3.3568322731298816,0.057286501316372404,1.9936527436527436,0.1979372741926884,2.314022622625395
Spark Mllib,12,3.434626937402379,0.5625333595892861,0,0.0,,0,0.0,-0.025513070211427038,0.0,-0.10936749867519578,0.0
Specimen Collection,0,0.0,-0.2223464971456363,4,12.842048517520215,,0,0.0,-0.008862354688476837,,0.0,0.0
Speech Recognition,8,3.3201393728223,0.43491310087782814,1,0.5618396226415094,,0,0.0,-0.021186614400791823,0.0,-0.08929079855677721,1.8653858523436988
Splunk,4,0.5982233104184324,-0.5878475287212128,8,1.6197178310385856,,0,0.0,-0.035298865655368654,0.0,-0.06313290437836663,0.9689529628276657
Spotfire,1,0.5355063504552097,-0.3270170785977881,2,1.449908703590992,,0,0.0,-0.018651073502876495,0.0,-0.03156449318092742,0.7764353183532565
Spring,25,1.6939486596032138,-0.07605320485174806,7,0.6421024258760107,,1,2.2098330241187383,-0.0003724125522786608,1.3172348484848486,0.008779613495358378,1.0876885436406403
Spring Boot,14,1.6482961425358933,-0.08263192752718584,5,0.7969356349524955,,1,3.839780786589297,0.028821052647894634,2.431818181818182,0.10697002065933234,1.313585932941591
Sql,372,0.9182839008846808,-3.394570591828532,350,1.1696289541979379,0.17879881263759628,14,1.1270969922271037,-0.13756800524775212,1.2362874555611987,-0.0046789040864340225,1.074051438648552
Sql Databases,131,0.8667561933832627,-2.1757419754780396,163,1.460021657880686,0.6219714765402092,4,0.8631472154788217,-0.10325442588252062,0.9957050823192556,-0.07128481800421443,1.2654828144417836
Sql Server,20,0.39619801584991643,-1.8933629637403488,60,1.609087224748953,0.5088320308167518,2,1.292145801692341,-0.04072877825022203,3.5126262626262625,0.23926943795769623,0.6375171657749837
Ssis,2,0.20494687486557406,-0.9462882089122374,19,2.6357908222688096,,0,0.0,-0.04264866079040502,0.0,-0.04463985779303767,0.5401970918233543
Stakeholder Management,100,1.1231865266651893,-1.2052588577796355,58,0.8819133454183369,-0.308928828665956,8,2.9304957559355396,0.04087864102511562,2.74901185770751,0.3607053191769036,0.9905531872600991
Statistical Analysis,66,1.1342091025169347,-0.957347601567154,78,1.814637290519161,0.769986544358915,2,1.1209297948428385,-0.0517665817244638,0.9879261363636364,-0.05210947582646112,2.0581781326734996
Statistical Methodologies,15,1.0375435540069686,-0.5461538778547556,18,1.6855188679245283,,0,0.0,-0.05191918896637875,0.0,-0.12228417144447762,1.7487992365722174
Statistical Modeling,33,0.9852931592008622,-0.8893229218353479,39,1.5763845527351703,0.38711679919496966,2,1.947514715500327,-0.009876282789118816,2.0395894428152492,0.11081489067537126,1.553200916079874
Statistical/Mathematical software,4,0.55335656213705,-0.6343251079737822,11,2.060078616352201,,0,0.0,-0.03670273808763267,0.0,-0.06313290437836663,1.1399580208767048
Statistics,179,1.1272855609544605,-1.6037987194181702,175,1.4919868583044635,0.6956792610890707,9,1.8485135880811148,-0.029294083650825885,1.6736631016042782,0.1405210031428191,1.6818952425004303
Storage Systems,3,0.45689991369114213,-0.6519291536178553,4,0.8247187121343257,,0,0.0,-0.03497925874192346,0.0,-0.05467356792561411,0.3768139083936433
Storytelling,45,0.9664053801876034,-1.0736213662913376,38,1.1047816641851156,-0.004055993037314514,1,0.7003998588733389,-0.06391626504862954,0.7184917355371901,-0.0883952468337915,1.0676669442011097
Strategic Leadership,9,0.8946483339940328,-0.5416638551671727,10,1.3457236470455314,,0,0.0,-0.04330229305105985,0.0,-0.0947091532303139,1.2039494188456583
Strategic Planning,367,1.12969696813071,-2.299481897191836,270,1.1251377571904881,0.04260922040300725,15,1.5058661901791883,-0.08046914659518971,1.3471720041322313,0.04808736996414546,1.2710647130274815
Strategic Thinking,45,1.5402708430618914,-0.26310499492112227,16,0.741396615444466,,1,1.11630740393627,-0.03679476912342873,0.7184917355371901,-0.0883952468337915,1.1419515899138806
Strategic Vision,32,1.9177700348432056,0.09017706129349522,10,0.8113207547169811,,2,3.909090909090909,0.04214248883504508,2.1075757575757574,0.11830796991447631,1.5559266320426006
Strategy Development,10,1.0122376136653353,-0.46650097998845613,5,0.6851702715140359,,0,0.0,-0.04291130501060623,0.0,-0.0998342787321726,0.6935551205917975
Streaming Technologies,16,2.0914263765809764,0.15052651620796706,5,0.8847868073094637,,0,0.0,-0.037758642897894476,0.0,-0.12629716261912385,1.8504664664578823
Subject Matter Expertise,8,0.5902469996128533,-0.8427655031515578,14,1.3983563941299793,,0,0.0,-0.050268882594355455,0.0,-0.08929079855677721,0.8253756660246688
Supervised Fine-Tuning,6,8.300348432055749,0.9703170963009263,0,0.0,,0,0.0,-0.011603673406908278,0.0,-0.07732490023150973,0.0
Supervisory Skills,5,0.4716107063668039,-0.8193316897364282,23,2.936888936535163,,0,0.0,-0.04445468894472102,0.0,-0.07058619318290403,1.3850682658801998
Supplier Management,0,0.0,-0.5112218016303214,0,0.0,,0,0.0,-0.020376499058539017,,0.0,0.0
Supply Chain Management,46,0.8570505676196734,-1.3056285615105723,15,0.37834318022997265,,0,0.0,-0.10018033490647316,0.0,-0.2142802814515978,0.32425923737113044
Swift,6,0.6640278745644599,-0.6455761394930942,0,0.0,,0,0.0,-0.04103761167501219,0.0,-0.07732490023150973,0.0
System Administration,4,0.47771789537011505,-0.7246855396873052,8,1.2934437355775756,,0,0.0,-0.03950329835990402,0.0,-0.06313290437836663,0.617901219139779
System Integration,43,1.3941991506968643,-0.423187147173198,8,0.3511497641509434,,0,0.0,-0.07587815497594783,0.0,-0.20716221389088174,0.4895727029466495
Systems Analysis,6,0.4167538961701632,-0.9948710532468665,24,2.2567616641667323,,0,0.0,-0.051810797298605354,0.0,-0.07732490023150973,0.940514216268947
Systems Design,171,3.297002513081378,1.991265609084456,22,0.5742379418403348,,5,3.144071375778693,0.04059646663454302,0.9522179627601314,-0.09575615217455602,1.893263937354262
Systems Development,21,1.3008008736803787,-0.3768391901080713,17,1.4255632216277105,,2,4.040366350067843,0.04468197280986578,3.327751196172249,0.22599863640433154,1.854373884179941
Systems Engineering,34,1.8566568861177335,0.045621924100342104,3,0.22177879841112214,,0,0.0,-0.05844133339212352,0.0,-0.1841767710773313,0.4117671332649266
T-Sql,7,1.1392635102821618,-0.30813248472926896,16,3.5252682204957457,,1,5.307932263814617,0.046784282738777785,5.2689393939393945,0.2428716743074048,4.016209447568134
Tableau,81,0.5978908163597294,-2.6588834156984205,116,1.159153334396,0.08436541443510592,2,0.4814665103682445,-0.12508610665670516,0.8003452243958573,-0.10009812175433302,0.693047133388127
Tcp/Ip,2,0.28136774345951693,-0.7682854077899686,6,1.142724656220019,,0,0.0,-0.036395436987796306,0.0,-0.04463985779303767,0.321525857916179
Team Building,25,1.9576293471829593,0.10545623925141484,2,0.2120149519401922,,0,0.0,-0.04879367223769045,0.0,-0.15790086029724001,0.41504669195970495
Team Development,13,1.4986740224545103,-0.16629791441314215,7,1.092465932914046,,1,3.7597853535353534,0.027683443659404453,2.6344696969696972,0.12020767819886509,1.6372503140748125
Team Management,20,1.66006968641115,-0.09075928566261476,12,1.3484150943396227,,3,8.121136363636364,0.12522183060385822,5.578877005347593,0.43970248035619824,2.2384630228124385
Team Player,14,0.38288262948527346,-1.6261098169691162,25,0.9256006962792578,-0.15939532643923357,0,0.0,-0.08263552659911302,0.0,-0.11813528870690376,0.3543964284448022
technical Architecture,35,3.174996667999467,0.8429124497735699,2,0.245612949788638,,0,0.0,-0.045330808210493595,0.0,-0.18686949363053587,0.7798202971964461
technical Communication,7,2.1519421860885273,0.1184229763132784,7,2.9132424877707894,,0,0.0,-0.024617377972241172,0.0,-0.0835221659573317,6.269129407739452
technical Customer-Facing Engagements,0,0.0,-0.11884795989769552,0,0.0,,0,0.0,-0.0047370758509120165,,0.0,0.0
technical Depth,39,3.4807912779588626,1.0356567062850548,2,0.24165145059849868,,1,2.910801564027371,0.014056389494606499,0.8319377990430622,-0.06443614489472999,0.8411382615493612
technical Design,41,1.7187590187590187,-0.07400198801162591,13,0.7377692014484468,,4,5.468778696051424,0.09705089956024927,3.4176904176904177,0.3289767444648971,1.2680474687521572
technical Excellence,87,2.9595504655280744,1.1640891608846418,19,0.8749961336220229,,3,3.3283345752608047,0.03666264307959669,1.1290584415584415,-0.02704796151798341,2.589595214596323
technical Expertise,142,1.6730297762269928,-0.21908338580396786,67,1.0686516598149363,-0.053421024686417816,3,1.1527517904380926,-0.06077741294753434,0.6823086984957488,-0.1682540771422888,1.7878860472847873
technical Guidance,34,1.2542748741773133,-0.5343023290390989,24,1.1985911949685535,,0,0.0,-0.07112607994397553,0.0,-0.1841767710773313,1.503362820259218
technical Leadership,137,2.828725709431934,1.3282904778736027,38,1.062184361212804,-0.04674924889345875,6,4.040366350067842,0.07748300006689242,1.4479528105482302,0.058264382800500905,3.0046282107191944
technical Presentations,5,1.3175156241358332,-0.17647962380739007,2,0.7134471398622342,,0,0.0,-0.026590332568071178,0.0,-0.07058619318290403,0.9399777537635166
technical Problem Solving,5,4.368604437924079,0.5012600410958455,0,0.0,,0,0.0,-0.014601193194949133,0.0,-0.07058619318290403,0.0
technical Proficiency,23,1.571259373969401,-0.1638495233247592,8,0.7398711080052799,,0,0.0,-0.05224302033778884,0.0,-0.1514469157159614,1.1625294139824232
technical Roadmaps,12,2.9732591398408657,0.4359569425251223,2,0.6708532807659815,,0,0.0,-0.02742172109697378,0.0,-0.10936749867519578,1.994620648529685
technical Solutions,73,1.4124136026575052,-0.5235166139352928,28,0.733403703215024,-0.38903441695450375,0,0.0,-0.09830050587403802,0.0,-0.2700894288432519,1.0358693666602878
technical Specifications,37,1.1633064090381164,-0.6760010532302194,27,1.1492174099485422,0.03261935906019709,4,4.101584022038568,0.06486814940740973,3.831955922865014,0.3691190200966515,1.3368919783713236
technical Strategy,67,3.5086646368942285,1.3744964931446209,12,0.8507350752931372,,3,5.123745339833667,0.07758905193817783,1.4818892045454544,0.04749350613513682,2.984944074046579
technical Support,15,0.5166191970159181,-1.3102319928852182,18,0.8392625068503876,,0,0.0,-0.07361675527126153,0.0,-0.12228417144447762,0.4335791223746137
technical Training,1,0.26350312482716665,-0.5680098242993976,16,5.7075771188978734,,0,0.0,-0.026590332568071178,0.0,-0.03156449318092742,1.5039644060216266
technical Writing,5,0.6240863482748684,-0.6294925013429528,6,1.0138459355937013,,0,0.0,-0.03864079543570141,0.0,-0.07058619318290403,0.6327274076579905
Telemetry,56,3.7185560975609757,1.3675328268354188,12,1.078732075471698,,1,2.165636363636364,-0.0014277940201133737,0.574793388429752,-0.12587134825871332,4.011325736879889
Tensorflow,228,3.1306525103535336,2.102523496089284,39,0.724954351795496,-0.47273538807025517,14,6.269418753289721,0.21176843831587774,2.068181818181818,0.30278443305411756,2.2695801613402886
Terraform,89,2.2870929116190766,0.5667352005559213,28,0.9740872714527717,-0.1209158437446487,2,1.676189135941458,-0.02103679864996967,0.7267502612330199,-0.12245665498628627,2.2278280938380015
Test Plans Creation,11,0.548371367883563,-1.061437471489171,21,1.4172531021587624,,0,0.0,-0.06116924290405312,0.0,-0.10470924136722752,0.7771810222680237
Test-Driven Development (Tdd),4,0.9352505275555774,-0.33713734516905125,2,0.633058729736912,,0,0.0,-0.02822866215306638,0.0,-0.06313290437836663,0.5920685109601106
Testing Frameworks,20,1.443538857748826,-0.24884880678302446,7,0.6839786710418376,,1,2.3539525691699605,0.002927940020955911,1.6638755980861244,0.045757817132743184,0.9873497895202943
Thought Leadership,72,2.4953030776952567,0.6948050593017746,15,0.7037657068578407,,4,4.521161510723098,0.07558596447195998,1.8596256684491979,0.1271225808587649,1.7561087342987476
Threat Intelligence,5,1.4310945572509912,-0.12929815110428208,4,1.5499024072869225,,0,0.0,-0.025513070211427038,0.0,-0.07058619318290403,2.218056899338524
Threat Modeling,12,2.8458337481333995,0.3977233977538619,2,0.6421024258760107,,1,7.734415584415585,0.06921106908166069,2.8739669421487606,0.1347707604771541,1.827316753316276
Time Management,16,0.4036643614373617,-1.6680602903332267,55,1.8784911395308828,0.6919924974191731,0,0.0,-0.08604667330249852,0.0,-0.12629716261912385,0.7582799263044756
Top Secret Clearance,0,0.0,-0.4447125137485199,0,0.0,,0,0.0,-0.01772552643982872,,0.0,0.0
Training And Development,15,0.7614998561519036,-0.8708838327004237,25,1.7181639836131788,0.38624204569229803,0,0.0,-0.06061486483483654,0.0,-0.12228417144447762,1.3083816263668173
Transformer Models,15,5.928820308611249,1.179897275472046,1,0.5350853548966756,,0,0.0,-0.021709914780208655,0.0,-0.12228417144447762,3.1724249189518683
Transformers,77,4.699461979913917,2.1352267990619835,16,1.3219755826859045,,7,13.933322192513367,0.28952952307809326,3.161363636363636,0.39990692642873277,6.2125739892069545
Typescript,161,3.8127135451097733,2.4026301987793,7,0.2244152558339838,,2,1.5446764362598884,-0.02716356920117858,0.3976558033161807,-0.2713279400842618,0.8556310856475051
Ui Design,14,1.815701219512195,0.008334842986239148,2,0.3511497641509434,,0,0.0,-0.037907090717143106,0.0,-0.11813528870690376,0.6375830550002877
Unix,22,1.2338355777380168,-0.4495166652518065,7,0.531469913309536,,0,0.0,-0.05766622853302268,0.0,-0.1481149401725546,0.655746487538645
Unstructured Data,77,2.7848663584675064,0.9605087943962592,34,1.6647099930118798,0.417792964735754,6,7.077243018419488,0.1562515375573124,2.67157490396927,0.3005335589338256,4.635994856143462
Unsupervised Learning,28,3.575534709193246,0.9136606660987352,6,1.0372423802612483,,0,0.0,-0.03820225973466401,0.0,-0.16711693965954855,3.7086961324703127
Us Citizenship,3,0.5659328476401647,-0.5376207747509159,0,0.0,,0,0.0,-0.03142813906097982,0.0,-0.05467356792561411,0.0
User Experience Design,82,1.7496878442893866,-0.06410127705187389,34,0.9821361012756463,-0.12481811585114627,5,3.479492872166394,0.0526687240477402,2.0528335301062572,0.17772479031165095,1.7184315978397684
User Research,6,0.7433147849602164,-0.5671226051449778,3,0.5031399605744861,,0,0.0,-0.03878587470804478,0.0,-0.07732490023150973,0.3739913715993159
Ux Design,7,1.7088952654232423,-0.03438327621497455,3,0.9914816870144283,,0,0.0,-0.02762566351807451,0.0,-0.0835221659573317,1.6943383606928055
Valid Driver'S License,1,0.23381263188889434,-0.6148357497004555,9,2.848764283816104,,0,0.0,-0.02822866215306638,0.0,-0.03156449318092742,0.6660770748301245
Vba,5,0.32297075611111864,-1.102647306857712,9,0.7870127009764334,,0,0.0,-0.053728541921100645,0.0,-0.07058619318290403,0.2541820871034124
Vector Databases,234,8.868865447949979,6.347201106833513,12,0.6157146549495993,,8,9.888750518887505,0.24086841202838602,1.1190667739340308,-0.04830244370767588,5.460690429078944
Vendor Management,4,0.3287266705764653,-0.9735882228940161,13,1.4463198206613117,,0,0.0,-0.047627931663340645,0.0,-0.06313290437836663,0.4754438992347434
Verbal And Written Communication,125,0.9073402308762297,-1.9851749335799878,128,1.2578132347724216,0.25201280588098723,3,0.7101999443494851,-0.1095981012135875,0.7773845007451564,-0.13093384223957927,1.1412645508375863
Virtualization,6,0.7661860091128384,-0.5463749264097678,2,0.34574746008708274,,0,0.0,-0.03820225973466401,0.0,-0.07732490023150973,0.26490686660502233
Visualization Tools,40,0.7402763373070902,-1.4739721854345702,52,1.3028165162701668,0.20457402695828877,0,0.0,-0.100518402886408,0.0,-0.19979257147247237,0.9644442388476622
Vmware,5,0.9881367181018749,-0.34410391645805993,4,1.0701707097933513,,0,0.0,-0.03070528687444612,0.0,-0.07058619318290403,1.057474972983956
Vue,17,1.0452290618144278,-0.5734365336683391,4,0.332941998602376,,0,0.0,-0.05507224427177305,0.0,-0.1301868293833602,0.348000652837782
Vulnerability Management,6,1.556315331010453,-0.08956748111996925,2,0.7022995283018868,,0,0.0,-0.026800594931495246,0.0,-0.07732490023150973,1.092999522857636
Warehousing,44,0.8071057038905038,-1.3862712463464775,55,1.3657979776920672,0.2721117381710765,4,2.3929683576092415,0.007585194073961535,3.1613636363636366,0.3021042758626661,1.1023433381573826
Web Content Accessibility Guidelines (Wcag) Aa Standards,14,4.64819512195122,0.8992621565344182,0,0.0,,0,0.0,-0.023687874996163198,0.0,-0.11813528870690376,0.0
Web Development,15,1.3316067003297993,-0.2952031306693337,2,0.24035919685198262,,0,0.0,-0.04582395135458507,0.0,-0.12228417144447762,0.3200639170139893
Web Services,57,1.5563153310104532,-0.2763940826826707,20,0.7392626613704071,,1,0.8904754784688995,-0.049600638317800545,0.5645292207792207,-0.12896216282652,1.1505258135343537
Willingness To Travel,22,1.9021631823461091,0.06515477808688208,4,0.46819968553459124,,0,0.0,-0.046433039629396614,0.0,-0.1481149401725546,0.8905922038099257
Work Ethic,8,0.6989767100678526,-0.7040357452731895,8,0.9462562065541212,,0,0.0,-0.046190364932004575,0.0,-0.08929079855677721,0.661411050138486
Work-Life Balance,42,1.4375861201910989,-0.36762788243325484,22,1.0194203462361406,,1,1.11630740393627,-0.03679476912342873,0.7710643015521065,-0.07679943539603787,1.4655045403894802
Workflow Automation,119,4.74875703564728,2.6851405899151835,11,0.5942534470246734,,1,1.301464160839161,-0.02838340481882365,0.26791217257318956,-0.2694375593830995,2.821965237516066
Writing Skills,5,0.4129526583112313,-0.9148267457532402,8,0.8944710410213085,,0,0.0,-0.0475097901472502,0.0,-0.07058619318290403,0.3693741941721638
Xml,1,0.08737208875848157,-1.1016643879630146,18,2.1290764647467726,,0,0.0,-0.046190364932004575,0.0,-0.03156449318092742,0.18602185785144917
Snowflake,133,1.492828047955936,-0.5449234941552812,72,1.0940487580848866,-0.02021214695097693,8,2.9285143524494437,0.04077762982477488,2.0232727272727273,0.21840311035836002,1.633226671900477
Vertex AI,71,6.813002759259632,2.883525992748595,7,0.9093358054313447,,4,12.518129269574356,0.2030367301585202,1.8873812754409771,0.13187051159310734,6.195307351497331
AWS Bedrock,58,8.091095950575351,2.9640137034902545,3,0.5665609640082447,,3,13.648968678380442,0.18680732540264353,1.724380165289256,0.08916543994178641,4.584099121641176
GPT-4,47,3.7875376340448565,1.2850012973549891,4,0.4363802894302986,,0,0.0,-0.04809760618122462,0.0,-0.2166013772838982,1.652806768972643
BERT,12,4.8587405455936095,0.8726946604151616,3,1.6444086516336862,,0,0.0,-0.021449859335001067,0.0,-0.10936749867519578,7.989754989217508
Llama,49,8.746603724101758,2.874941211477695,3,0.724954351795496,,2,11.643206256109483,0.1362232320859866,1.3452611218568664,0.017128489299137996,6.340888433218262
Mistral,32,11.804939992257065,2.7974996853381913,1,0.49941299790356397,,1,12.031313131313132,0.09864078124044451,1.0197947214076246,-0.03176158637896237,5.895540471604776
Gemini,95,6.710920008896138,3.296069302834511,8,0.7650582095543959,,5,11.519342359767892,0.21377018267774142,1.756313131313131,0.12174571421661402,5.134244446468849
LangGraph,183,12.249707766662919,6.834618758805474,13,1.1780508216676813,,11,24.014112903225808,0.5128817859161106,2.0218023255813953,0.25596810530067043,14.430778299706228
CrewAI,91,13.136203605514316,5.005573419051925,5,0.977112387202625,,5,23.539525691699602,0.3415940003179315,1.8380021141649048,0.13799127106914882,12.835547263763823
AutoGen,82,12.604232804232803,4.6460473310351285,4,0.8323549965059398,,4,20.05218855218855,0.2771651647419409,1.6212121212121213,0.08336842440438633,10.491196151727246
Pinecone,86,10.053943171222457,4.16921036063286,4,0.633058729736912,,4,15.250960307298335,0.23257774354800814,1.542128603104213,0.06749442162222127,6.36473649282119
Weaviate,66,11.067131242740999,3.8707265421150594,2,0.45401181627596726,,2,10.937557392102848,0.13004765514239544,0.9879261363636364,-0.05210947582646112,5.024608356481344
ChromaDB,7,7.746991869918699,0.9978132885841058,0,0.0,,0,0.0,-0.012973386694460331,0.0,-0.0835221659573317,0.0
Qdrant,18,8.537501244400199,1.7137780659130661,0,0.0,,0,0.0,-0.019818045548288563,0.0,-0.13396391443706263,0.0
SHAP,10,7.545771301868863,1.1698167636488175,1,1.0215265866209262,,0,0.0,-0.015711792945073244,0.0,-0.0998342787321726,7.708206001420241
Diffusion Models,19,5.84098593366886,1.3105753888057485,1,0.4161774982529699,,0,0.0,-0.024617377972241172,0.0,-0.13763768659984327,2.430886913205094
Stable Diffusion,0,0.0,-0.14555873359058863,1,7.49119496855346,,0,0.0,-0.005801722088510889,,0.0,0.0
Vision Language Models,17,5.879413472706156,1.2468873958379565,0,0.0,,0,0.0,-0.023209180834054512,0.0,-0.1301868293833602,0.0
Weights & Biases,10,5.3550635045520965,0.8776869261075004,1,0.724954351795496,,1,17.464809384164223,0.12702048474151087,3.5126262626262625,0.1691558287710957,3.8821765917662825
Feature Stores,31,3.78398237343718,1.0420932734172148,9,1.4872225305216424,,3,11.942847593582886,0.16997432501683954,3.387175324675324,0.28215107571049486,5.627623840872533
Data Drift Monitoring,0,,0.0,0,,,0,,0.0,,0.0,
ML Embeddings,1,8.300348432055749,0.3961201212953882,1,11.236792452830189,,1,270.7045454545455,0.5255099716281555,,0.0,93.26929261718493
Milvus,20,7.21769428874413,1.6001326869260775,0,0.0,,0,0.0,-0.022720412020171478,0.0,-0.14121620925499664,0.0
Pandas,72,2.165308286623239,0.3933738679515126,14,0.5699822258681979,,3,2.9424407114624502,0.02535352268026075,1.3745059288537549,0.026878989152576985,1.2341872369003677
NumPy,63,2.174311647482379,0.376154224490181,5,0.2336131487074883,,4,4.5023625023625025,0.07512406629211402,2.1432973805855164,0.17286683688001192,0.5079477902397249
S3,48,1.3084293094866206,-0.5597505101606706,14,0.5166341357623075,,0,0.0,-0.08277191609940567,0.0,-0.21889805175422125,0.6759792455126931
Redis,31,1.6654420802183056,-0.10849024944394638,5,0.36365024119191547,,1,1.75213298028832,-0.012528772481610499,1.0537878787878787,-0.026545275613773414,0.6056384141625523
AWS Athena,0,0.0,-0.2058524259172998,0,0.0,,0,0.0,-0.008204928091981145,,0.0,0.0
Jenkins,31,1.5135929493748719,-0.24293450746091524,13,0.8592841287458379,,1,1.592379679144385,-0.01757820479439895,1.0537878787878787,-0.026545275613773414,1.3006063987794299
Helm,12,2.4293702727968047,0.2601648640805637,5,1.3703405430280717,,1,6.602549889135256,0.05953997904074467,2.8739669421487606,0.1347707604771541,3.329064578840628
Grafana,27,2.2752224128477687,0.3050738352296675,8,0.9126328895699646,,0,0.0,-0.04703426716885245,0.0,-0.1641021803637255,2.076442805051606
Prometheus,20,2.388589476850575,0.31695632155357173,4,0.6467218677887878,,0,0.0,-0.03950329835990402,0.0,-0.14121620925499664,1.5447530478494476
Datadog,18,2.490104529616725,0.3449058304127998,4,0.749119496855346,,0,0.0,-0.03670273808763267,0.0,-0.13396391443706263,1.8653858523436988
Arize AI,0,,0.0,0,,,0,,0.0,,0.0,
Anthropic,105,8.715365853658536,4.19948207636246,3,0.3371037735849057,,1,2.707045454545455,0.010242117492122251,0.30397727272727276,-0.24350663497822356,2.9379827174413253
Cohere,8,7.378087495160666,1.0289150347819516,6,7.491194968553458,,1,30.078282828282827,0.1762092036449547,4.516233766233766,0.2140971829763388,55.27069192129477
Flask,49,6.025438121047878,2.163328007568738,3,0.49941299790356397,,1,4.010437710437711,0.03118073485785439,0.6586174242424243,-0.10284488592069083,3.009182115714938
Ray,13,1.7984088269454124,-0.0006249308792008733,3,0.5618396226415094,,1,4.511742424242424,0.03764746350324245,2.6344696969696972,0.12020767819886509,1.0104173366861702
Knowledge Graphs,43,7.435728803716609,2.399865691933503,2,0.46819968553459124,,2,11.27935606060606,0.13307150406834675,1.542128603104213,0.0476842763134645,3.4814058876206184
Data Lineage,16,1.4203804803517859,-0.23900727691341236,9,1.0816163858339218,,0,0.0,-0.04582395135458507,0.0,-0.12629716261912385,1.5363068016671484
Segment Anything Model (SAM),0,,0.0,0,,,0,,0.0,,0.0,
Microsoft Power Platform,43,1.8397679514350374,0.03628362586359745,10,0.5792161058159891,,2,2.790768509840675,0.016753132313274622,1.542128603104213,0.0476842763134645,1.0656232284352622
ControlNet,1,5.533565621370499,0.2862266207680039,0,0.0,,0,0.0,-0.005801722088510889,0.0,-0.03156449318092742,0.0
IP-Adapter,1,8.300348432055749,0.3961201212953882,0,0.0,,0,0.0,-0.0047370758509120165,0.0,-0.03156449318092742,0.0
FAISS,47,10.266220429121583,3.121706594843553,0,0.0,,0,0.0,-0.029206040621126955,0.0,-0.2166013772838982,0.0
LlamaIndex,100,10.000419797657528,4.481124950415107,2,0.2707660832007274,,1,3.261500547645126,0.0200731094116077,0.31932966023875115,-0.23366644556258703,2.70777449897474
OpenAI,203,6.807962552352796,4.876809824044835,12,0.5448141795311606,,9,9.843801652892564,0.25459587870198924,1.4666119962511717,0.07755210767254336,3.709074532238955
Jupyter Notebook,10,1.8044235721860324,0.0021010668941076347,2,0.4885561936013126,,0,0.0,-0.03213475976493083,0.0,-0.0998342787321726,0.8815623120716913
NVIDIA NIM,0,0.0,-0.11884795989769552,0,0.0,,0,0.0,-0.0047370758509120165,,0.0,0.0
Semantic Search,61,7.789557759313857,2.9581568883709832,2,0.34574746008708274,,1,4.164685314685315,0.03324029009029109,0.5268939393939394,-0.14089938572212296,2.6932198104843934
Random Forest,9,2.667969138875062,0.29575705605866986,3,1.20394204851752,,0,0.0,-0.02506922072568447,0.0,-0.0947091532303139,3.212080230438766
XGBoost,33,5.025899050602563,1.4984856247233804,4,0.8247187121343257,,1,4.967055879899917,0.04301960286042788,0.9879261363636364,-0.03682217922877763,4.144952992330076
Gradient Boosting,11,2.6086809357889496,0.3082761150199681,0,0.0,,0,0.0,-0.02802910227474454,0.0,-0.10470924136722752,0.0
Decision Tree,10,1.6768380670819696,-0.05616219733092684,10,2.270059081379836,,0,0.0,-0.03333538040568928,0.0,-0.0998342787321726,3.806521482182836
Linear Regression,6,2.929534740725558,0.2990946399311567,2,1.3219755826859045,,0,0.0,-0.01953283606917197,0.0,-0.07732490023150973,3.87277339586927
Logistic Regression,3,0.9577325113910481,-0.2809459205057646,2,0.8643686502177069,,0,0.0,-0.024157093428457344,0.0,-0.05467356792561411,0.8278339581406948
Support Vector Machine,10,3.5320631625769146,0.536043194951866,2,0.9563227619429948,,0,0.0,-0.02296609564987939,0.0,-0.0998342787321726,3.377792398992664
K-Nearest Neighbors,1,2.3715281234444996,0.069058590461824,0,0.0,,0,0.0,-0.008862354688476837,0.0,-0.03156449318092742,0.0
Naive Bayes,2,6.6402787456446,0.47391976000358677,0,0.0,,0,0.0,-0.007490023890481495,0.0,-0.04463985779303767,0.0
Classification (ML),0,0.0,-0.16807709933948262,1,5.618396226415094,,0,0.0,-0.006699266323974615,,0.0,0.0
Clustering (ML),5,4.882557901209264,0.5661578154250054,0,0.0,,0,0.0,-0.013811285438673418,0.0,-0.07058619318290403,0.0
Weak Supervision,0,0.0,-0.2787284151653229,0,0.0,,0,0.0,-0.011109647083238704,,0.0,0.0
Talend,0,0.0,-0.8192622833848018,1,0.2365640516385303,,0,0.0,-0.0326547081700299,,0.0,0.0
Apache Beam,7,1.760679970436068,-0.014538379733219496,2,0.6810177244139509,,0,0.0,-0.02721625230631337,0.0,-0.0835221659573317,1.1990542668875934
Apache Hudi,6,4.527462781121318,0.5718555839132934,0,0.0,,0,0.0,-0.015711792945073244,0.0,-0.07732490023150973,0.0
Debezium,0,0.0,-0.4447125137485199,2,1.605256064690027,,0,0.0,-0.01772552643982872,,0.0,0.0
Prescriptive Analytics,4,1.8972224987555997,0.026469604006478267,2,1.2842048517520215,,0,0.0,-0.019818045548288563,0.0,-0.06313290437836663,2.4364223377550345
Text Mining,13,2.8395928846506515,0.41197673950617325,3,0.8871151936444885,,2,14.247607655502392,0.15706826624923614,5.747933884297521,0.36712120148946575,2.5190459917383747
Biostatistics,3,0.3434626937402379,-0.8163895222160358,31,4.80469746258946,1.524374717949424,2,7.467711598746082,0.09481259658395726,63.22727272727273,1.1611657060426288,1.650234333107862
Statistical Sampling,9,1.2450522648083624,-0.2804026347606589,1,0.1872798742138365,,0,0.0,-0.03670273808763267,0.0,-0.0947091532303139,0.23317323154296235
Logical Data Model,2,0.8513177879031538,-0.27433217452700115,3,1.7287373004354136,,0,0.0,-0.020920059574305167,0.0,-0.04463985779303767,1.4717048144723461
Physical Data Model,1,0.22134262485481998,-0.6370314291762708,3,0.8989433962264151,,0,0.0,-0.02901319567435057,0.0,-0.03156449318092742,0.1989744909166612
Vector Search,51,7.174877458217681,2.5440789858552817,5,0.9522705468500159,,4,18.352850539291218,0.2622389477825382,2.690522243713733,0.24761635421772382,6.832424480718803
Prompt Orchestration,50,9.540630381673274,3.0749945203604585,2,0.5166341357623075,,1,6.223092998955068,0.05601864363962528,0.6451762523191095,-0.10629792905225342,4.929015331863386
SAP S/4HANA,3,0.55335656213705,-0.5493066449381608,0,0.0,,0,0.0,-0.03178341010338075,0.0,-0.05467356792561411,0.0
HubSpot,13,1.1728753219209211,-0.3927316811877782,0,0.0,,0,0.0,-0.04545459395007308,0.0,-0.11383565712886706,0.0
Dagster,9,1.678722154797792,-0.05243121069172229,3,0.7575365698537205,,0,0.0,-0.03160627298528137,0.0,-0.0947091532303139,1.2716934228829657
DAX,11,0.6839238408435449,-0.846265733331085,5,0.42085364991873364,,0,0.0,-0.05476507188583735,0.0,-0.10470924136722752,0.2878318446854449
Power Query,4,0.3018308520747545,-1.034923723447556,2,0.20430531732418525,,0,0.0,-0.04970665567768272,0.0,-0.06313290437836663,0.06166564801136194
Semantic Modeling,15,1.8175945471654926,0.009640111850170111,6,0.9842445944084836,,0,0.0,-0.03921790004074361,0.0,-0.12228417144447762,1.7889576078739715
Quantitative Finance,3,0.5724378229003965,-0.5317045625552196,0,0.0,,0,0.0,-0.031248991283674987,0.0,-0.05467356792561411,0.0
Decision Automation,71,5.192288446484213,2.270970152162266,6,0.5940154600615077,,2,4.770124148978775,0.05764082211748025,0.9163372859025034,-0.0691464128301854,3.084299610310371
Transformer Architecture,16,4.354281144684983,0.893359971225345,8,2.947355397463656,,1,8.875558867362146,0.07796354454512676,2.1075757575757574,0.08362955085797005,12.833614033861513
RLHF,31,5.98397212543554,1.7101925486083969,0,0.0,,0,0.0,-0.03106881211525032,0.0,-0.17585279419398428,0.0
Model Quantization,25,4.882557901209264,1.266172199739948,1,0.2643951165371809,,1,6.36951871657754,0.057396397174179305,1.3172348484848486,0.008779613495358378,1.2909244652897567
DSPy,11,10.144870305845915,1.4989427198172207,0,0.0,,0,0.0,-0.014211726665996191,0.0,-0.10470924136722752,0.0
Delta Lake,22,2.4511096040969997,0.3627839929695313,8,1.206635431176396,,2,7.267236119585113,0.09244232988781835,3.1613636363636366,0.21352724186212838,2.957595694000189
Fivetran,9,1.195250174216028,-0.3120368434584514,2,0.35957735849056605,,0,0.0,-0.037459986426784116,0.0,-0.0947091532303139,0.42978490037998823
Dataform,2,2.2134262485482,0.07325726236086716,0,0.0,,0,0.0,-0.012973386694460331,0.0,-0.04463985779303767,0.0
Unity Catalog,13,2.664309373252463,0.354233138006397,6,1.6647099930118798,,1,6.684062850729518,0.060276228199219455,2.6344696969696972,0.12020767819886509,4.435302438128594
Adobe Analytics,4,0.603661704149509,-0.5825130233499751,0,0.0,,0,0.0,-0.03513942486776135,0.0,-0.06313290437836663,0.0
Microsoft Fabric,33,1.3833914053426248,-0.38203714679696654,15,0.8512721555174386,,0,0.0,-0.06671426187652411,0.0,-0.18144431944043427,1.1776425835503148
DataRobot,3,5.533565621370499,0.49576623568346645,0,0.0,,0,0.0,-0.010049009773760472,0.0,-0.05467356792561411,0.0
H2O.ai,5,5.187717770034843,0.6018283666571859,0,0.0,,0,0.0,-0.013398885574324408,0.0,-0.07058619318290403,0.0
Amplitude,2,0.46113046844754163,-0.5281183924563474,1,0.31213312368972745,,0,0.0,-0.028426822864213743,0.0,-0.04463985779303767,0.14393409354503847
Optical Character Recognition,16,3.5893398625105943,0.6945086524094979,3,0.9110912799592044,,0,0.0,-0.02881906203011308,0.0,-0.12629716261912385,3.270216249543372
Econometrics,17,1.9735094174118566,0.09528786504454087,4,0.6286317456128777,,0,0.0,-0.040068011685931076,0.0,-0.1301868293833602,1.2406106700510686
Counterfactual Analysis,2,1.2769766818547308,-0.12294424094373031,4,3.4574746008708277,,0,0.0,-0.01708066968124456,0.0,-0.04463985779303767,4.415114443417039
Linear Mixed-Effects Model,0,0.0,-0.08403802272700123,0,0.0,,0,0.0,-0.003349611104815141,,0.0,0.0
Conda,0,0.0,-0.23769890066485128,0,0.0,,0,0.0,-0.009474276477398206,,0.0,0.0
Signal Processing,11,1.4846151667091585,-0.1608880749133795,2,0.3654241448074858,,0,0.0,-0.03715893495811913,0.0,-0.10470924136722752,0.5425142276629172
Medical Imaging,3,0.6073425681992012,-0.501344603375704,15,4.111021629084216,,0,0.0,-0.030337412417587136,0.0,-0.05467356792561411,2.4967984341304716
Sensor Fusion,6,1.606519051365629,-0.06993458564760857,0,0.0,,0,0.0,-0.026378396123525563,0.0,-0.07732490023150973,0.0
MicroStrategy,1,0.35320631625769144,-0.46154738920151134,3,1.434484142914492,,0,0.0,-0.02296609564987939,0.0,-0.03156449318092742,0.5066688598488995
Teradata,3,0.7905093744814999,-0.3712633059462385,5,1.7836178496555855,,0,0.0,-0.026590332568071178,0.0,-0.05467356792561411,1.409966630645275
Azure Data Lake,7,0.9078506097560975,-0.46720011061628697,4,0.7022995283018868,,0,0.0,-0.037907090717143106,0.0,-0.0835221659573317,0.6375830550002877
Matillion,2,0.8737208875848157,-0.2643376310271464,2,1.1828202581926515,,2,28.495215311004785,0.2416034233424116,,0.0,1.0334547658413844
SSRS,5,0.5845315797222358,-0.6725960826096876,21,3.3235583311187877,,0,0.0,-0.039927580288638284,0.0,-0.07058619318290403,1.9427248015878626
Data Mesh,10,2.6350312482716665,0.301899674462232,4,1.4268942797244684,,0,0.0,-0.026590332568071178,0.0,-0.0998342787321726,3.759911015054066
Model Versioning,64,5.157498054869592,2.1418086615915577,14,1.5273310130060453,,2,5.256398940864961,0.06539094357752007,1.0197947214076246,-0.04494696795501051,7.877206728720682
Secoda,0,0.0,-0.08403802272700123,0,0.0,,0,0.0,-0.003349611104815141,,0.0,0.0
Probabilistic Graphical Models,1,1.2769766818547308,-0.08693225613441732,3,5.186211901306241,,0,0.0,-0.012077512710621324,0.0,-0.03156449318092742,6.622671665125559
Predictive Maintenance,11,2.5719389507778376,0.2964768536463455,0,0.0,,0,0.0,-0.02822866215306638,0.0,-0.10470924136722752,0.0
GraphRAG,9,8.300348432055749,1.1884092021357031,1,1.2485324947589098,,1,30.078282828282827,0.1762092036449547,3.9517045454545454,0.18993426751891604,10.36325473524277
NLP Preprocessing,14,3.468802329814343,0.6170500809135726,1,0.33542664038299075,,0,0.0,-0.02742172109697378,0.0,-0.11813528870690376,1.163528711642316
TF-IDF,2,4.743056246888999,0.3473215671924038,0,0.0,,0,0.0,-0.008862354688476837,0.0,-0.04463985779303767,0.0
Word2Vec,2,1.2296812491934441,-0.13668573258457317,0,0.0,,0,0.0,-0.017406083215267147,0.0,-0.04463985779303767,0.0
Visual Question Answering,0,0.0,-0.16807709933948262,0,0.0,,0,0.0,-0.006699266323974615,,0.0,0.0
Gaussian Splatting,0,0.0,-0.3030109998501842,1,1.7287373004354138,,0,0.0,-0.012077512710621324,,0.0,0.0
FHIR,13,1.622624505514658,-0.09388713103250179,34,5.745126968364307,1.8187292237179618,4,16.28298017771702,0.24283857466576325,14.05050505050505,0.9042930713241969,9.32218380616106
MySQL,18,0.8277355777119307,-0.8561769599917782,14,0.8715517691945853,,0,0.0,-0.06369294078256028,0.0,-0.13396391443706263,0.7214144071801354
Neo4j,21,6.704127579737337,1.5477268417341614,0,0.0,,0,0.0,-0.024157093428457344,0.0,-0.14470654902379285,0.0
Apache Impala,0,0.0,-0.2657565609548415,1,2.2473584905660378,,0,0.0,-0.010592609622473713,,0.0,0.0
Apache Iceberg,1,0.5928820308611249,-0.29652020464870793,0,0.0,,0,0.0,-0.01772552643982872,0.0,-0.03156449318092742,0.0
Parquet,8,1.9247184769984345,0.04762957315219858,1,0.3257041290675417,,0,0.0,-0.027828113128324776,0.0,-0.08929079855677721,0.6268887552509804
Google Bigtable,8,3.689043747580333,0.5108550662915835,0,0.0,,0,0.0,-0.020099210739385184,0.0,-0.08929079855677721,0.0
Azure Cosmos DB,6,1.9530231604837058,0.05019994787967098,1,0.4406585275619682,,1,10.615864527629235,0.08989316204836913,6.322727272727273,0.2782355064701651,0.8606163101931713
Azure Synapse Analytics,3,0.4115875255564834,-0.7103836953801815,1,0.18573210665835022,,0,0.0,-0.03685542980167199,0.0,-0.05467356792561411,0.07644501819590323
Datastage,1,0.6148406245967221,-0.2858179330034823,1,0.8323549965059398,,0,0.0,-0.017406083215267147,0.0,-0.03156449318092742,0.5117656659379144
Apache NiFi,2,1.2296812491934441,-0.13668573258457317,0,0.0,,0,0.0,-0.017406083215267147,0.0,-0.04463985779303767,0.0
Cognos,0,0.0,-0.7517830579221655,8,2.2473584905660378,,0,0.0,-0.0299650285617341,,0.0,0.0
Alteryx,9,0.8893230462916873,-0.5465091560632546,10,1.337713387241689,,0,0.0,-0.043431842497704244,0.0,-0.0947091532303139,1.1896593446069506
KNIME,0,0.0,-0.2787284151653229,0,0.0,,0,0.0,-0.011109647083238704,,0.0,0.0
Metabase,6,2.165308286623239,0.11342960728350975,1,0.4885561936013126,,0,0.0,-0.022720412020171478,0.0,-0.07732490023150973,1.0578747744860295
Redash,0,0.0,-0.11884795989769552,0,0.0,,0,0.0,-0.0047370758509120165,,0.0,0.0
ThoughtSpot,4,2.3715281234444996,0.13812365947819338,0,0.0,,0,0.0,-0.01772552643982872,0.0,-0.06313290437836663,0.0
Matplotlib,10,1.5514669966459342,-0.11813577212669363,3,0.6301005113736553,,0,0.0,-0.0346567102041386,0.0,-0.0998342787321726,0.9775801479659523
Plotly,8,1.5442508710801393,-0.10899245525290424,3,0.7839622641509433,,0,0.0,-0.03106881211525032,0.0,-0.08929079855677721,1.2106344093090524
Named Entity Recognition,15,4.788662556955241,0.9609821324840797,2,0.8643686502177069,,2,20.823426573426577,0.20056938029077515,4.863636363636364,0.32221520678279975,4.139169790703474
Natural Language Generation,11,8.300348432055749,1.3138493058410543,0,0.0,,0,0.0,-0.015711792945073244,0.0,-0.10470924136722752,0.0
Segmentation,36,1.144875645800793,-0.6917305073549138,26,1.119373960818333,0.008416446685714804,2,2.0743643329850228,-0.005204465131423738,1.8596256684491979,0.08982414027760838,1.2815439862844806
Few-Shot Learning,16,8.568101607283355,1.6197099199949156,2,1.449908703590992,,1,17.464809384164223,0.12702048474151087,2.1075757575757574,0.08362955085797005,12.422965093652104
Knowledge Distillation,10,4.743056246888999,0.7766861990010815,0,0.0,,0,0.0,-0.019818045548288563,0.0,-0.0998342787321726,0.0
Representation Learning,10,3.689043747580333,0.5711652058799033,4,1.9976519916142559,,2,24.062626262626264,0.21885640114883143,7.903409090909091,0.4577379993963129,7.369425589505971
Generalized Linear Model,0,0.0,-0.29112294344533735,2,3.74559748427673,,0,0.0,-0.011603673406908278,,0.0,0.0
Survey Methodology,0,0.0,-0.5822897011284803,3,1.4045990566037736,,0,0.0,-0.023209180834054512,,0.0,0.0
Great Expectations,4,1.1857640617222498,-0.21212073291796077,4,1.605256064690027,,0,0.0,-0.02506922072568447,0.0,-0.06313290437836663,1.903454951371121
Palantir Foundry,6,1.4229168740666998,-0.14521247959928466,0,0.0,,0,0.0,-0.02802910227474454,0.0,-0.07732490023150973,0.0
Google Model Garden,2,4.743056246888999,0.3473215671924038,2,6.421024258760108,,0,0.0,-0.008862354688476837,0.0,-0.04463985779303767,30.455279221937936
GitHub Copilot,37,4.583774507254668,1.4400516546169944,4,0.6708532807659815,,1,4.040366350067843,0.03158559568098933,0.8781565656565656,-0.05570179845093074,3.075040166483264
AIOps,12,5.107906727418922,0.9182343228951994,6,3.4574746008708273,,0,0.0,-0.020920059574305167,0.0,-0.10936749867519578,17.660457773668153
OpenShift,15,3.4111020953653766,0.622179881618652,0,0.0,,0,0.0,-0.02862361346745034,0.0,-0.12228417144447762,0.0
cuDNN,4,5.533565621370499,0.5724656882033959,0,0.0,,0,0.0,-0.011603673406908278,0.0,-0.06313290437836663,0.0
OCI,2,0.4150174216027875,-0.5761278876628869,3,0.8427594339622642,,0,0.0,-0.0299650285617341,0.0,-0.04463985779303767,0.34975984731444354
FastAPI,83,6.958877978390174,3.1703264965983045,5,0.567514770344959,,1,2.734389348025712,0.01076948300533358,0.38553215077605324,-0.19733061960344941,3.9492660377646924
R Shiny,2,0.6510077201612353,-0.38071544975684235,4,1.7626341102478729,,0,0.0,-0.023923633567936232,0.0,-0.04463985779303767,1.1474884135908952
Digital Twins,11,2.853244773519164,0.3829574645529897,3,1.0534492924528303,,0,0.0,-0.026800594931495246,0.0,-0.10470924136722752,3.005748687858499
Fraud Detection,13,1.5197821072778133,-0.15352554932871065,2,0.316529364868456,,1,3.812740076824584,0.028438841577727293,2.6344696969696972,0.12020767819886509,0.4810556651550899
Autonomous Vehicles,9,1.436598767086572,-0.1705613073779943,0,0.0,,0,0.0,-0.034167189404911764,0.0,-0.0947091532303139,0.0
Data Marts,4,0.721769428874413,-0.479554776273879,10,2.442780968006563,,0,0.0,-0.03213475976493083,0.0,-0.06313290437836663,1.7631246241433824
Geospatial Analysis,2,0.18972224987555997,-0.9930849948050368,3,0.3852614555256064,,0,0.0,-0.04432811997475225,0.0,-0.04463985779303767,0.07309267013265104
Variance Analysis,2,0.21147384540269426,-0.9276901930924984,13,1.8608700877298403,,0,0.0,-0.041984883203686936,0.0,-0.04463985779303767,0.3935253532470784
Small Language Models,20,7.7212543554006965,1.682647055932644,4,2.090566037735849,,1,12.59090909090909,0.10190859712857342,1.6638755980861244,0.045757817132743184,16.141792124120702
Image Processing,2,0.5724378229003965,-0.43410819682900176,0,0.0,,0,0.0,-0.025513070211427038,0.0,-0.04463985779303767,0.0
Dataiku,5,2.2433374140691216,0.12334248583234592,1,0.6073941866394696,,0,0.0,-0.020376499058539017,0.0,-0.07058619318290403,1.3625901039764052
LLM-as-a-Judge,43,9.646350880497222,2.8716997043486847,6,1.8221825599184087,,3,21.9490171990172,0.253670088459615,2.3710227272727273,0.17817729264240362,17.577412341295624
Medallion Architecture,5,1.152826171118854,-0.2535167014321134,1,0.31213312368972745,,0,0.0,-0.028426822864213743,0.0,-0.07058619318290403,0.3598352338625962
Sigma Computing,1,1.5091542603737726,-0.0443445111922018,0,0.0,,0,0.0,-0.011109647083238704,0.0,-0.03156449318092742,0.0
People Analytics,5,0.8557060239232731,-0.4306770012296998,7,1.6218050962847697,,0,0.0,-0.03299679649637951,0.0,-0.07058619318290403,1.3877883905203414
ELK Stack,0,0.0,-0.4202111922706397,0,0.0,,0,0.0,-0.016748937851624016,,0.0,0.0
Streamlit,18,1.6693438187374692,-0.08014654789078741,6,0.7533045219774428,,0,0.0,-0.04483225855661843,0.0,-0.13396391443706263,1.257524247390028
Slowly Changing Dimensions,1,0.5724378229003965,-0.30694192950588983,1,0.7749512036434613,,0,0.0,-0.01803931652747288,0.0,-0.03156449318092742,0.44361137986770477
Modern Data Stack,8,1.0137830146022289,-0.4160789792063971,7,1.200878582745211,,2,8.265787647467038,0.10381073457841636,10.537878787878789,0.5456635718547769,1.2174303097866923
AWS Aurora,1,0.8737208875848157,-0.18690731812521605,1,1.1828202581926515,,0,0.0,-0.014601193194949133,0.0,-0.03156449318092742,1.0334547658413844
Azure AI Services,44,7.939463717618542,2.5468849086363496,7,1.709946677604594,,2,11.769762845849803,0.13730396012425078,1.5054112554112555,0.042286379671600025,13.576059605904044
Robotic Process Automation,97,3.361727757450554,1.5471083177419624,19,0.8914365620199315,,3,3.3908711330423227,0.03838147022036366,1.0089458413926498,-0.058039927782526674,2.996767034548696
Row-Level Security,5,1.3175156241358332,-0.17647962380739007,3,1.0701707097933513,,1,8.593795093795094,0.07588113210347093,7.903409090909091,0.32363965683285,1.409966630645275
SSAS,12,1.4229168740666998,-0.2053927610718298,13,2.086832884097035,,0,0.0,-0.039645228945374394,0.0,-0.10936749867519578,2.9693897241389484
R,93,0.7575391601385523,-2.190535831053862,133,1.4666274742163055,0.5702338274713784,6,1.5939423677402087,-0.04309126070034117,2.1802507836990594,0.2186502993793596,1.1110277450539463
Web Scraping,4,2.7667828106852497,0.21542929081349357,1,0.9363993710691825,,0,0.0,-0.016410504565342876,0.0,-0.06313290437836663,2.5908136838106928
IoT,16,1.0137830146022289,-0.5885905263350563,7,0.6004392913726055,,0,0.0,-0.05424927117719477,0.0,-0.12629716261912385,0.6087151548933462
ELT,37,0.964247698543368,-0.976868509375323,34,1.1995320043837565,0.08055947365061042,1,0.8499357785072071,-0.05231527720686974,0.8781565656565656,-0.05570179845093074,1.1566459745561504
Speech Analytics,5,5.533565621370499,0.6400407355384202,0,0.0,,0,0.0,-0.012973386694460331,0.0,-0.07058619318290403,0.0
Cloud Composer,3,1.3833914053426248,-0.11509835441240504,1,0.6242662473794549,,0,0.0,-0.020099210739385184,0.0,-0.05467356792561411,0.8636045612702308
Dataflow,10,1.8652468386642134,0.028388795096239504,7,1.7675853296586814,,0,0.0,-0.03160627298528137,0.0,-0.0998342787321726,3.296982948215097
AWS Lambda,40,1.516045375717945,-0.2734199277358378,12,0.6157146549495993,,0,0.0,-0.07016947409019629,0.0,-0.19979257147247237,0.9334513553981102
Pub/Sub,14,3.3682573347472604,0.589051388935743,0,0.0,,0,0.0,-0.027828113128324776,0.0,-0.11813528870690376,0.0
TensorRT,10,2.8621891145019824,0.3676225799504611,0,0.0,,0,0.0,-0.025513070211427038,0.0,-0.0998342787321726,0.0
Survival Analysis,2,1.3833914053426248,-0.09397496046140413,4,3.74559748427673,,2,45.11742424242424,0.3118800152962886,,0.0,5.1816273676213855
spaCy,14,5.164661246612466,1.0027231119676006,1,0.49941299790356397,,1,12.031313131313132,0.09864078124044451,2.431818181818182,0.10697002065933234,2.5792989563270896
NLTK,3,1.7173134687011895,-0.020367758451490983,0,0.0,,0,0.0,-0.01803931652747288,0.0,-0.05467356792561411,0.0
Simulation,46,1.7635844243628847,-0.03448971895938843,15,0.7785306549304981,,1,1.2503674154944364,-0.030560194700860195,0.7025252525252526,-0.09210919617540585,1.3730045369244621
MapReduce,2,0.9765115802418528,-0.2220590943841279,3,1.9829633740288566,,0,0.0,-0.01953283606917197,0.0,-0.04463985779303767,1.936386697934635
OAuth2,30,3.1126306620209063,0.752842000929503,5,0.7022995283018868,,2,6.767613636363637,0.08631604743256632,2.258116883116883,0.13415690006615133,2.1859990457152723
LookML,9,3.830930045564192,0.5708585479991588,3,1.7287373004354136,,0,0.0,-0.020920059574305167,0.0,-0.0947091532303139,6.622671665125557
Multi-Armed Bandit,4,3.9060463209674112,0.3905267389825639,0,0.0,,0,0.0,-0.013811285438673418,0.0,-0.06313290437836663,0.0
SLAM,0,0.0,-0.2058524259172998,0,0.0,,0,0.0,-0.008204928091981145,,0.0,0.0
Lidar,1,0.46113046844754163,-0.3734076142248805,0,0.0,,0,0.0,-0.020099210739385184,0.0,-0.03156449318092742,0.0
Apple Silicon,0,0.0,-0.2058524259172998,0,0.0,,0,0.0,-0.008204928091981145,,0.0,0.0
Core ML,12,5.533565621370499,0.9915971508488203,1,0.6242662473794549,,0,0.0,-0.020099210739385184,0.0,-0.10936749867519578,3.454418245080923
Azure AI,69,6.435101593391535,2.7143738328900064,9,1.1363048547805807,,2,6.083248212461696,0.07734346763178448,0.9436906377204886,-0.06247253264066597,7.312237181577053
Copilot Studio,51,5.0394972623195615,1.8682041529023525,2,0.2675426774483378,,1,3.22267316017316,0.01943706032975666,0.6322727272727273,-0.10969266486253998,1.3482805905545439
Workday,30,1.4435388577488262,-0.3048526991902053,23,1.4982389937106917,,1,1.5693017127799738,-0.018352609359616953,1.0901253918495297,-0.021161638727452095,2.1627662056158825
Shopify,19,3.032819619404986,0.5704360421663007,1,0.21609216255442673,,0,0.0,-0.034167189404911764,0.0,-0.13763768659984327,0.6553685501947168
Polars,6,3.6890437475803326,0.4424042644427881,0,0.0,,0,0.0,-0.017406083215267147,0.0,-0.07732490023150973,0.0
LLMOps,38,7.50983905757425,2.272691667000794,2,0.5350853548966756,,1,6.44534632034632,0.058100373071343275,0.8544226044226044,-0.06012197413188799,4.018404897339034
PEFT,31,7.917255427499331,2.1333463318123638,0,0.0,,0,0.0,-0.027009222311196065,0.0,-0.17585279419398428,0.0
Electronic Health Records,10,0.7094314899192948,-0.7738881614201032,75,7.203072085147556,3.1383509456416103,7,16.195998445998445,0.3201942852375484,73.76515151515152,2.256893505558107,5.110086161362313
Stata,0,0.0,-0.6723927193093897,4,1.4045990566037736,,0,0.0,-0.026800594931495246,,0.0,0.0
SPSS,1,0.1729239256678281,-0.7432048216413325,10,2.340998427672956,,0,0.0,-0.03282619720658886,0.0,-0.03156449318092742,0.40481463809542073
GCP Dataproc,0,0.0,-0.5248589696855587,0,0.0,,0,0.0,-0.020920059574305167,,0.0,0.0
Data Contracts,10,2.1282944697578845,0.1328104895342757,3,0.8643686502177068,,0,0.0,-0.02958796504600152,0.0,-0.0998342787321726,1.8396310180904327
Multivariate Analysis,0,0.0,-0.3565558034203691,2,2.4970649895178196,,0,0.0,-0.014211726665996191,,0.0,0.0
Google Tag Manager,57,2.2160180825628935,0.39365713689673915,4,0.21052538553311828,,0,0.0,-0.06928107342573228,0.0,-0.23858308414254822,0.4665280611799147
ArcGIS,2,0.46113046844754163,-0.5281183924563474,0,0.0,,0,0.0,-0.028426822864213743,0.0,-0.04463985779303767,0.0
YOLO,0,0.0,-0.2058524259172998,0,0.0,,0,0.0,-0.008204928091981145,,0.0,0.0
Gurobi,1,0.6384883409273654,-0.274814104767651,0,0.0,,0,0.0,-0.01708066968124456,0.0,-0.03156449318092742,0.0
Health Informatics,6,0.8300348432055749,-0.49219607325120185,48,8.989433962264151,2.8673055099505977,3,13.53522727272727,0.1857296815038011,31.613636363636363,1.1337103958518784,7.461543409374794
Knowledge Representation,23,2.232842268272307,0.25899252554688856,11,1.4456692044576849,,0,0.0,-0.04381819955887636,0.0,-0.1514469157159614,3.2279513056527183
GCP Cloud Functions,11,4.057948122338367,0.6802350175425168,0,0.0,,0,0.0,-0.022472044719758017,0.0,-0.10470924136722752,0.0
Cloud Data Fusion,2,0.9486112493777998,-0.23300065433225003,0,0.0,,0,0.0,-0.019818045548288563,0.0,-0.04463985779303767,0.0
Model Monitoring,33,4.453845500127475,1.316924430067159,3,0.5481362172112287,,1,4.401699926090171,0.036281926754068924,0.9879261363636364,-0.03682217922877763,2.4413140244831273
Model Serving,33,4.935342310952066,1.4710293787743363,5,1.012323644399116,,4,19.51023751023751,0.2724932904582567,4.360501567398119,0.4155625290177217,4.996163714580151
Algorithmic Fairness,38,5.170708859313418,1.654203913865692,7,1.2894679863903495,,4,17.751117734724293,0.2567475525842505,3.7192513368983957,0.35855969507257,6.667463541029615
Model Interpretability,20,4.548136127153835,1.049494611911693,10,3.078573274747997,,3,22.249688667496883,0.2557667816781811,5.578877005347593,0.43970248035619824,14.001770330971654
Claude (Anthropic),192,6.478320727458145,4.556460766914333,12,0.5481362172112287,,4,4.401699926090171,0.07262292888670178,0.6726305609284332,-0.19924976996848376,3.5510022174300033
vLLM,22,6.8908553020840175,1.6191013350869718,0,0.0,,0,0.0,-0.024388320591818703,0.0,-0.1481149401725546,0.0
ONNX,11,3.3201393728222994,0.5099983292327643,0,0.0,,0,0.0,-0.024844325584110507,0.0,-0.10470924136722752,0.0
OpenCV,2,0.7064126325153829,-0.3476637204776882,2,0.9563227619429948,,1,11.519342359767892,0.0955610596205601,31.613636363636363,0.6545090189501455,0.6755584797985328
Pattern Recognition,3,0.7217694288744129,-0.41528622771959767,3,0.9771123872026249,,0,0.0,-0.027828113128324776,0.0,-0.05467356792561411,0.7052498496573528
Neural Network Architectures,6,3.3201393728222994,0.37663717118963447,0,0.0,,0,0.0,-0.01834774352678884,0.0,-0.07732490023150973,0.0
Descriptive Statistics,1,0.5724378229003965,-0.30694192950588983,7,5.424658425504229,,0,0.0,-0.01803931652747288,0.0,-0.03156449318092742,3.1052796590739336
Anaplan,1,0.5355063504552097,-0.3270170785977881,0,0.0,,0,0.0,-0.018651073502876495,0.0,-0.03156449318092742,0.0
AWS Trainium,3,1.7173134687011895,-0.020367758451490983,0,0.0,,0,0.0,-0.01803931652747288,0.0,-0.05467356792561411,0.0
Imitation Learning,4,3.3201393728223,0.3075159225181982,0,0.0,,0,0.0,-0.014980541015971452,0.0,-0.06313290437836663,0.0
Video Processing,4,1.5810187489629997,-0.06517318073451946,0,0.0,,0,0.0,-0.021709914780208655,0.0,-0.06313290437836663,0.0
Apache Pig,0,,0.0,0,,,0,,0.0,,0.0,
Github,162,2.8398235395840157,1.4574461629660838,55,1.3052240441513419,0.21283777782827656,12,6.860516463473169,0.21465627267688311,2.529090909090909,0.39412779886338195,3.7066059650120273
Git,109,1.4639773124499622,-0.5448531083557394,53,0.9636731391585761,-0.18051586677213252,6,2.62819947043248,0.02134048809312155,1.8415710503089142,0.15197805053675845,1.4107956123455907
