skill,F2022,W2023,F2023,W2024,F2024,F2025,W2026
.Net,1.3781255964878794,1.2026893097259796,1.9375557537912576,1.6131033627000868,1.4387151938733782,1.9088836508365856,1.854461417056536
A/B Testing,2.6111853407138765,2.3518067125599336,2.672613737734166,2.357612607023204,3.2938027435964163,3.0951736929556786,3.3087199143227557
Ab Experiments,0.0,0.0133929767230064,0.039250669045495,0.0041361624684617,0.0111528309602587,0.0038641369450133,0.0
Ab Testing,0.2824966596678755,0.2410735810141162,0.4424620874219447,0.2274889357653968,0.3345849288077623,0.1120599714053866,0.0676399301054055
Ability To Work Independently,5.83699179232678,6.613451905820588,6.665477252453167,7.076973983538073,6.99654262240232,6.526527300127516,6.437066681697762
Account Management,0.8360374117197938,0.7071491709747408,0.6993755575379126,1.1209000289531372,0.9108145284211308,1.0587735229336528,1.2287920635815344
Accounting,4.661194884519946,5.85005223260922,5.091882247992864,5.530049220333375,5.858953864455928,6.673364504038023,5.867763936643932
Active Directory,0.2824966596678755,0.4821471620282324,0.4103479036574487,0.5046118211523348,0.5018773932116436,0.676223965377333,0.5693027450538302
Adherence To Laws And Policies,0.0496277915632754,0.0428575255136206,0.0463871543264942,0.0579062745584646,0.0408937135209487,0.0579620541751999,0.0507299475790541
Administrative Support,0.332124451231151,0.4339324458254091,0.4781445138269402,0.4508417090623319,0.4163723558496598,0.4211909270064531,0.3832929372639648
Advanced Analytics,5.81026913533117,5.587549888838293,5.066904549509367,3.892128882822517,5.022491542436522,5.108389041307624,5.3210078349585705
Advanced Excel Skills,1.5270089711777055,1.8348378110518844,1.5593220338983051,1.8778177606816395,1.795605784601658,2.0789056764171723,2.2884843018995547
Advanced Incident Response,0.3970223325062035,0.3830391342779846,0.4388938447814451,0.7072837821069612,0.8141566600988884,1.4413230804899726,1.8826447212671211
Agentic Ai,0.072532926130941,0.0616076929258296,0.1106155218554861,0.1861273110807792,0.2267742295252611,5.347965531898451,7.761681979595288
Agentic Frameworks,0.0,0.0,0.0071364852809991,0.016544649873847,0.0334584928807762,1.0587735229336528,1.4993517840031565
Agile Delivery,0.4275625119297576,0.4714327806498272,0.5031222123104371,0.5087479836207967,0.4609836796906948,0.6916805131573863,1.2344287244236514
Agile Development Practices,0.591715976331361,0.5973267618460879,0.5566458519179304,0.4756586838731025,0.5799472099334547,0.6723598284323197,0.4565695282114875
Agile Environments,1.0879938919641152,1.0928669005973268,1.1275646743978591,1.2698018778177609,1.029778058663891,1.4065458479848525,1.82627811284595
Agile Methodologies,18.59515174651651,18.18498379449817,17.495093666369314,18.40592298465484,17.870552808654597,17.581823099810656,17.315822106983823
Agile Project Management,0.3588471082267608,0.3267886320413575,0.3068688670829616,0.3391653224138644,0.2676679430462099,0.2473047644808532,0.2705597204216222
Ai,18.19049436915442,17.167117563549674,23.05084745762712,23.336228647061255,25.0083646232202,40.73959581127555,46.12479567104448
Ai Agent Systems Architecture,0.0687154037029967,0.0991080277502477,0.0927743086529884,0.0868594118376969,0.0817874270418974,0.2202558058657598,0.4622061890536046
Ai Algorithms,1.5804542851689254,1.55626389521335,2.95807314897413,2.812590478553997,3.405331053199004,5.355693805788477,3.9794825545346937
Ai And Automation,0.5420881847680855,0.441968231859213,0.4995539696699375,0.4467055465938702,0.4832893416112123,1.6461223385756791,2.0235612423200497
Ai And Machine Learning,1.862950944836801,2.0437682479307853,2.4299732381801964,2.0887620465731893,2.226848581731663,2.017079485296959,1.7924581477932473
Ai Engineering,0.2099637335369345,0.184823078777489,0.2676181980374665,0.2150804483600115,0.2751031636863824,1.3022141504694926,1.6797249309509046
Ai Frameworks,0.0954380606986066,0.0750006696488361,0.3389830508474576,0.363982297224635,0.2490798914457786,1.2210672746242126,1.082238881686489
Ai Integration,0.0076350448558885,0.0750006696488361,0.1284567350579839,0.2026719609546263,0.2751031636863824,0.8501101279029328,0.8905924130545065
Ai Model Development,0.2443214353884329,0.2785739158385342,0.6351471900089206,0.6369690201431112,0.6840402988958697,1.2790293287994126,1.7530015218984274
Ai Solutions Development,0.0267226569956098,0.0241073581014116,0.1070472792149866,0.0909955743061587,0.1487044128034499,0.2047992580857065,0.3663829547376134
Ai Technologies,0.4542851689253674,0.4580398039268207,1.4986619090098128,1.629648012573934,1.6171604892375182,2.8285482437497587,2.8465137252691504
Ai Tools,0.3970223325062035,0.4446468272038143,0.7957181088314005,1.1746701410431402,1.0037547864232872,5.38274276440357,8.494447889070514
Ai-Powered Solutions,0.072532926130941,0.0723220743042348,0.3782337198929527,0.3929354345038673,0.5613591583330235,1.6036168321805324,1.5275350882137422
Ai/Genai Model Deployment,0.0,0.0,0.0321141837644959,0.0372254622161558,0.0631993754414662,0.0888751497353066,0.0845499126317569
Ai/Ml,5.638480626073679,5.00093750837061,5.962533452274755,5.525913057864913,6.160080300382914,11.654237026160208,11.160588467391918
Ai/Ml Governance,0.0381752242794426,0.0455361208582219,0.0677966101694915,0.1364933614592381,0.1412691921632774,0.595077089532053,0.9413223606335608
Ai/Ml Services,0.4161099446459247,0.3669675622103768,0.7457627118644068,0.7196922695123464,0.8513327632997509,2.6160207117740253,2.8746970294797363
Ai/Ml Solutions,1.9545714831074632,1.9018026946669169,3.607493309545049,3.027670926914009,3.847726681289267,6.83179411878357,7.057099374330647
Ai/Ml Techniques,0.2672265699560985,0.211609032223502,0.2604817127564674,0.2440335856392439,0.2751031636863824,0.537115035356853,0.524209458316893
Aiml,0.1908761213972132,0.2089304368789007,0.567350579839429,0.2812590478553997,0.1784452953641399,0.1159241083503999,0.1634631644213967
Airflow,3.263981675892346,3.3000294645487904,2.47992863514719,2.84154361583323,3.137663110152794,4.397387843425171,3.793472746744828
Algorithm Development,1.4048482534834892,1.2160822864489862,1.1061552185548618,0.9058195805931256,1.059518941224581,0.8191970323428263,0.6256693534750014
Algorithms,16.942164535216644,16.51086170412236,17.89830508474576,13.521115109401498,16.807316257109928,10.398392519030876,8.359168028859704
Ambiguity Management,0.0992555831265508,0.1633943160206787,0.0856378233719892,0.1778549861438557,0.1524220231235362,0.3941419683913598,0.7158559269488755
Analytical Modeling,1.0956289368200038,1.2267966678273914,1.024085637823372,0.8024155188815817,0.8624855942600097,0.6994087870474129,0.9807789865283806
Analytical Problem Solving,3.263981675892346,4.154501379476603,4.585191793041927,5.86921454274724,5.520651325328079,5.251362108273117,4.035849162955865
Analytical Skills,13.216262645543043,15.18495700854472,14.925958965209634,17.40083550481863,17.398416298003642,14.757138993005912,12.457020461078857
Analytical Thinking,1.8400458102691355,2.2044839686068625,2.4834968777876893,2.783637341274765,2.6803970407821853,3.547277715522238,3.7427427991657742
Analytical Tools,3.1112807787745758,3.150028125251118,2.672613737734166,2.8829052405178475,2.884865608386929,1.7349974883109858,2.209571050109915
Analytics Tools,5.993510211872494,5.62237162831811,5.273862622658341,5.898167680026472,6.643369641994126,5.591406159434291,6.04813708359168
Angular,1.2903225806451613,1.0473307797391047,2.0053523639607493,1.538652438267775,1.390386259712257,1.7775029947061325,1.3809819063186968
Anomaly Detection,1.213972132086276,1.1625103795569602,1.1132917038358607,0.6493775075484965,1.0372132793040634,1.2790293287994126,1.4993517840031565
Api Development,8.852834510402749,8.60900543754855,10.119536128456735,9.951606899118998,10.398156065281237,16.828316395533058,17.293275463615355
Api Integration,0.2710440923840427,0.3375030134197627,0.4710080285459411,0.483931008810026,0.6059704821740585,1.2906217396344526,1.211882081055183
Application Architecture/Design/Modernization Projects,0.0,0.0,0.0,0.0,0.0,0.0038641369450133,0.0112733216842342
Application Development,3.58083603741172,3.460745185224868,3.4754683318465656,3.528146585597882,3.3755901706383136,3.755941110552958,3.2748999492700523
Application Security,0.347394540942928,0.3294672273859588,0.3889384478144513,0.4177524093146378,0.4832893416112123,0.5062019397967464,0.5016628149484246
"Architecting Complex, Scalable, Secure Solutions",0.0076350448558885,0.0026785953446012,0.0035682426404995,0.0041361624684617,0.0185880516004312,0.2898102708759998,0.2423764162110366
Architecting Solutions,0.3054017942355411,0.4098250877239975,0.3532560214094558,0.4053439219092526,0.4015019145693148,0.4868812550716797,0.6763993010540555
Artificial General Intelligence (Agi),0.0076350448558885,0.0026785953446012,0.0142729705619982,0.0579062745584646,0.0408937135209487,0.2163916689207465,0.1240065385265768
Artificial Intelligence,10.020996373353691,10.596523183242708,11.750223015165032,8.623898746742771,10.294062976318822,11.047567525793117,14.074742122766471
Attention To Detail,11.990837946172936,13.968874722095732,13.744870651204282,15.31207345824544,15.472694152198969,13.775648208972529,12.806493433290118
Authentication,0.5649933193357511,0.5866123804676827,0.6101694915254238,0.8148240062869669,0.7955686084984572,1.5263340932802658,1.730454878529959
Autocad Civil 3D,0.2519564802443214,0.2785739158385342,0.2176628010704727,0.2233527732969351,0.2416446708056061,0.7612349781676263,0.4227495631587847
Automated Testing,1.8285932429853025,1.4678702488415074,2.08385370205174,2.188029945816272,2.3904234358154577,3.3154294988214383,3.133983428217124
Automating Security Assessments And Remediation Workflows,0.0,0.0,0.0,0.0,0.0,0.0231848216700799,0.0169099825263513
Automating Security Operations,0.0190876121397213,0.0133929767230064,0.0214094558429973,0.033089299747694,0.0446113238410349,0.1429730669654932,0.1521898427371625
Automation And Scripting,18.274479862569198,18.043018241234297,17.273862622658342,17.54560119121479,19.576935945574185,25.71583136906372,26.19919959416042
Automation Frameworks,0.2977667493796526,0.2169662229127045,0.2462087421944692,0.3474376473507879,0.4015019145693148,1.190154179064106,1.420438532213517
Aws,15.315899980912388,14.681381083759677,16.31400535236396,15.192124746660047,17.83709431577382,22.485412883032573,20.38216560509554
Aws Application Migration Service,0.0,0.0,0.0,0.0,0.0,0.2898102708759998,0.2536497378952708
Aws Cloud,1.2750524909333842,1.1062598773203332,1.2060660124888491,1.211895603259296,1.237964236588721,1.6577147494107192,1.736091539372076
Aws Glue,1.0498186676846726,1.2830471700640185,0.9348795718108832,1.178806303511602,1.1041302650656155,1.561111325785386,1.566991714108562
Aws Professional Level Certifications,0.2863141820958198,0.3294672273859588,0.4246208742194469,0.4756586838731025,0.5353358860924198,1.178561768229066,1.1160588467391916
Aws Services,15.709104790990647,15.01888409717944,16.62801070472792,15.43202216983083,18.02297483177813,22.609065265273003,20.52308212614847
Aws Solutions,0.0496277915632754,0.0696434789596335,0.1427297056199821,0.1158125491169293,0.0892226476820699,0.548707446191893,0.6313060143171185
Aws Step Functions,0.0610803588471082,0.1125010044732542,0.0463871543264942,0.0413616246846176,0.1003754786423287,0.1159241083503999,0.0958232343159912
Aws Technologies,1.649169688871922,1.593764230037768,1.6092774308652988,1.728915911817016,1.8588051600431243,2.295297345337919,2.170114424215095
Azure,9.898835655659475,10.390271341708408,11.768064228367528,11.779790710179096,12.874084538458678,17.2456431855945,16.194126599402512
Azure Certifications,0.0992555831265508,0.0964294324056464,0.1248884924174843,0.2026719609546263,0.1784452953641399,0.1854785733606399,0.1972831294740995
Azure Cloud Services,0.3626646306547051,0.3616103715211743,0.328278322925959,0.5831989080531084,0.3754786423287111,0.7689632520576529,0.7271292486331098
Azure Data Factory,1.0040083985493415,1.1276886400771435,0.7172167707404103,1.3401166397816109,1.1487415889066508,1.483828586885119,1.3302519587396426
Azure Devops,0.794044665012407,1.084831114563523,1.2738626226583407,1.265665715349299,1.0372132793040634,2.202558058657599,2.074291189899104
Azure/Aws,0.3397594960870395,0.3723247528995794,0.3818019625334523,0.3019398601977086,0.4609836796906948,0.8346535801228796,0.8285891437912181
B2B Marketing,0.1641534644016033,0.1285725765408619,0.1855486173059768,0.2853952103238615,0.2490798914457786,0.3748212836662931,0.3269263288427935
Backend Development,3.225806451612903,2.7803819676961403,4.289027653880464,4.417421516317161,4.42023867058255,6.708141736543143,6.797812975593258
Backup And Recovery,0.3932048100782592,0.4044678970347949,0.3175735950044603,0.3102121851346321,0.494442172571471,0.1429730669654932,0.304379685474325
Bash,1.099446459247948,1.3955481745372726,1.1561106155218557,1.4807461637093104,1.7138183575597603,2.051856717802079,1.6740882701087876
Bayesian Methods,0.332124451231151,0.3267886320413575,0.367528991971454,0.1737188236753939,0.2788207740064686,0.2357123536458132,0.1465531818950453
Benchmarking,1.1910669975186103,1.416976937294083,1.4023193577163249,1.3442528022500724,1.4275623629131196,1.750454036091039,1.910828025477707
Bi Tools,2.069097155945791,2.223234136019072,1.7305976806422836,1.836456135997022,1.988921521246143,3.006298543220372,3.212896680006764
Bias For Action,0.4962779156327543,0.4794685666836311,0.4674397859054415,0.5873350705215701,0.5204654448120748,0.958305962363306,1.048418916633786
Big Data Analytics,0.7329643061652987,0.7901856266573809,0.6387154326494202,0.5625180957107995,0.7286516227369048,0.4327833378414931,0.3889295981060819
Big Data Technologies,11.803779347203664,10.91259743390566,8.934879571810884,7.862844852545808,8.974311312688204,5.722786815564744,5.118088044642354
Bigquery,2.0576445886619585,2.244662898775882,1.7163247100802854,2.022583447077801,2.364400163574854,2.7358089570694384,3.071980158953836
Bioinformatics,1.649169688871922,1.6339431602067875,1.1418376449598573,0.8685941183769699,0.9479906316219934,0.6800881023223463,0.4622061890536046
Bitbucket,0.4695552586371445,0.5276832828864544,0.5958965209634255,0.5170203085577202,0.6059704821740585,0.653039143707253,0.5749394058959473
Budget Management,1.847680855125024,2.17769801516085,2.0731489741302407,2.53546759316706,2.87371277742667,3.029483364890452,2.7901471168479794
Build Processes,0.4657377362092002,0.5116117108188466,0.528099910793934,0.6369690201431112,0.6394289750548348,1.0549093859886394,1.172425455160363
Business Acumen,3.0998282114907427,3.1875284600755363,2.608385370205174,2.845679778301692,3.1488159411130527,2.940608215155145,3.179076714954061
Business Analysis,4.66501240694789,6.018803739319101,5.537912578055308,5.132977623361046,4.308710360979962,4.752888442366397,5.614114198748661
Business Case Development,0.5306356174842527,0.5973267618460879,0.4852809991079393,0.3681184596930967,0.5130302241719022,0.3825495575563198,0.6031227101065328
Business Development,2.931857224661195,2.665202367878285,2.2836752899197146,2.626463167473218,2.7956429607048587,3.1995053904710384,3.342539879375458
Business Intelligence,20.35884710822676,22.4037714622452,19.58965209634255,20.2382429581834,21.35395367857541,20.271262413539937,21.892790710782933
Business Intelligence Visualization Tool,0.1756060316854361,0.0133929767230064,0.0142729705619982,0.0248169748107705,0.0111528309602587,0.0425055063951466,0.0789132517896398
Business Judgment,0.3855697652223707,0.3375030134197627,0.3033006244424621,0.277122885386938,0.2974088256068999,0.3477723250511998,0.524209458316893
Business Process Analysis,7.3296430616529875,8.750970990812418,7.932203389830509,8.22269098730198,7.450091081452842,6.677228640983037,6.950002818330421
Business Process Mapping/Reengineering,0.3206718839473182,0.5303618782310556,0.5209634255129348,0.3308929974769409,0.4015019145693148,0.4405116117315197,0.3945662589481991
Business Requirements,9.833937774384424,10.91259743390566,10.55486173059768,11.65156967365678,10.383285624000893,9.652614088643302,9.81906318696804
Business Savvy,0.1870585989692689,0.1392869579192671,0.1391614629794826,0.1571741738015469,0.1747276850440536,0.1004675605703466,0.0338199650527027
Business To technical Requirements Translation,1.0803588471082268,1.1357244261109474,1.088314005352364,1.4352483765562312,1.1710472508271683,1.8625140074964257,2.164477763372978
C#,3.0387478526436342,2.4321645728979724,3.3077609277430864,3.197253588120941,2.988958697349344,2.716488272344372,2.3561242320049605
C++,7.615957243748807,6.739345887016849,6.858162355040143,6.018116391611862,7.003977843042493,4.258278913404691,3.737106138323657
Cad software,0.6298912006108036,0.8544719149278118,1.8483496877787688,2.481697481077057,3.2268857578348635,3.609103906642452,5.47883433853785
Capacity Planning,0.6489788127505249,0.5464334502986634,0.5066904549509367,0.4922033337469496,0.6728874679356109,0.7264577456625063,0.9356856997914436
Career Development,3.344149646879176,3.8062839846784335,3.7966101694915255,3.532282748066344,4.230640544258151,4.405116117315198,4.582605264641226
Causal Inference,1.183431952662722,1.0473307797391047,1.3309545049063336,0.8230963312238905,1.0669541618647531,1.3679044785347192,1.516261766529508
Cdn,0.0572628364191639,0.101786623094849,0.0927743086529884,0.0744509244323117,0.1338339715231049,0.2241199428107732,0.1578265035792796
Change Management,2.8211490742508114,3.9348565612192967,3.207850133809099,3.813541795921744,3.591211569203316,3.8641369450133314,4.796798376641678
Chemistry,1.3781255964878794,1.2348324538611952,1.5307760927743086,0.8975472556562022,0.8253094910591472,1.3369913829746127,0.7891325178963982
Ci/Cd,3.752624546669212,3.9964642541451263,4.485280999107939,4.859990900442569,5.613591583330235,11.051431662738128,11.825714446761738
Ci/Cd Pipelines,0.9696506966978432,0.9428655612996544,1.552185548617306,1.699962774537784,1.9220045354845905,5.432976544688744,5.980497153486275
Ci/Cd Tools,0.4008398549341477,0.487504352717435,0.5209634255129348,0.5666542581792613,0.6766050782556973,1.1746976312840527,1.0371455949495518
Cissp,0.2252338232487115,0.4285752551362066,0.3710972346119536,0.3474376473507879,0.4089371352094873,0.7496425673325863,0.5636660842117129
Civil Engineering Concepts,0.1259782401221607,0.0991080277502477,0.1498661909009812,0.1364933614592381,0.1412691921632774,0.3245875033811198,0.174736486105631
Client Communication,0.4657377362092002,0.5116117108188466,0.4032114183764496,0.4591140339992555,0.4981597828915573,0.664631554542293,0.8004058395806324
Client Engagement,0.3550295857988165,0.3803605389333833,0.3247100802854594,0.380526947098482,0.3048440462470724,0.745778430387573,0.8060425004227496
Client Relationship Management,1.488833746898263,1.4517986767738995,1.1882247992863515,1.4600653513670017,1.661771813078553,2.075041539472159,2.254664336846852
Clinical Laboratory Testing,0.087803015842718,0.0883936463718426,0.1570026761819803,0.0413616246846176,0.0446113238410349,0.2009351211406932,0.2085564511583338
Clinical Trial Design And Execution,1.488833746898263,1.636621755551389,1.12042818911686,0.8065516813500434,0.9182497490613034,0.641446732872213,0.7496758920015782
Cloud Adoption,0.072532926130941,0.0669648836150322,0.1213202497769848,0.190263473549241,0.1338339715231049,0.4443757486765331,0.4847528324220732
Cloud Architecture Implementation,0.6375262454666921,0.7875070313127795,0.727921498661909,0.6286966952061877,0.821591880739061,1.2751651918543994,1.4429851755819851
Cloud Automation Scripting,0.0458102691353311,0.0535719068920258,0.0570918822479928,0.0248169748107705,0.0706345960816387,0.1004675605703466,0.0620032692632884
Cloud Certifications,0.1145256728383279,0.1446441486084697,0.2033898305084746,0.1943996360177027,0.2304918398453474,0.4134626531164264,0.4058395806324333
Cloud Computing,6.638671502195075,6.985776658720167,7.211418376449599,7.2093311825288495,7.96683891594483,8.126279995363035,7.429118989910377
Cloud Data Warehouses,0.3588471082267608,0.377681943588782,0.1891168599464763,0.4177524093146378,0.3345849288077623,0.5757564048069863,0.8398624654754523
Cloud Deployment,0.217598778392823,0.211609032223502,0.2711864406779661,0.1654464987384704,0.2602327224060374,0.5564357200819197,0.3100163463164421
Cloud Economics,0.0076350448558885,0.0080357860338038,0.0,0.0124084874053852,0.0037176103200862,0.0115924108350399,0.0676399301054055
Cloud Environments,2.324871158618057,2.36519968928294,2.64049955396967,2.365884931960128,2.658091378861668,3.6013756327524247,3.506003043796855
Cloud Infrastructure,1.603359419736591,1.7035866391664212,1.8768956289027652,2.3121148198701245,2.2826127365329567,3.4468101549518915,3.111436784848656
Cloud Migration,0.2405039129604886,0.2866097018723381,0.2533452274754683,0.2853952103238615,0.3494553700881073,0.711001197882453,0.6031227101065328
Cloud Platforms,3.8556976522237063,4.020571612246538,5.216770740410348,5.459734458369525,6.245585337744898,11.059159936628154,11.47060481370836
Cloud Security,0.1794235541133804,0.2651809391155278,0.3175735950044603,0.4177524093146378,0.4015019145693148,0.780555662892693,0.7158559269488755
Cloud Solutions,25.161290322580644,25.70915811748319,26.258697591436217,26.5872523472722,29.38027435964162,34.05463889640249,33.14920241249084
Cloud Strategy Development,0.0,0.0,0.0,0.0,0.0074352206401724,0.0,0.0
Cloud Transformation Activities,0.072532926130941,0.0482147162028232,0.0606601248884924,0.0744509244323117,0.0780698167218112,0.1545654778005332,0.1803731469477481
Cloud-Native Engineering,1.0421836228287842,0.9776873007794712,1.1882247992863515,1.0960830541423667,1.122718316666047,2.3532593995131186,2.2433910151626177
Cloudformation,0.2824966596678755,0.4258966597916053,0.4567350579839429,0.3970715969723291,0.5911000408937135,1.3485837938096523,1.1047855250549574
Cnn,1.0345485779728956,0.8357217475156028,0.8278322925958965,0.5211564710261819,0.9182497490613034,0.5062019397967464,0.3889295981060819
Co-Branded Content Creation,0.0,0.0026785953446012,0.0,0.0,0.0,0.0038641369450133,0.0
Coaching,5.512502385951517,5.2795114242091445,4.688670829616414,5.455598295901063,6.052269601100413,6.59994590208277,7.671495406121414
Code Quality,0.6680664248902463,0.5169689015080492,1.0490633363068689,1.1870786284485255,1.078106992825012,2.345531125623092,2.361760892847077
Code Reviews,3.0883756442069097,2.724131465459513,4.060660124888493,4.15684328080407,4.5577902524257405,6.46083697206229,7.0458260526464125
Coding Standards,0.5840809314754725,0.5330404735756569,0.9776984834968778,1.087810729205443,1.1078478753857022,1.762046446926079,1.736091539372076
Collaboration Skills,1.8553158999809125,2.2687702568772936,3.1578947368421053,4.007941431939447,3.691587047845645,4.1462189419993045,3.4834564004283863
Collaboration With Stakeholders,0.3397594960870395,0.3669675622103768,0.4531668153434433,0.5583819332423378,0.5353358860924198,1.004675605703466,0.9469590214756778
Collaborative Work,4.348158045428517,4.682184662363057,5.031222123104371,5.223973197667204,5.528086545968252,4.718111209861277,3.601826278112846
Commissioning,0.2672265699560985,0.2517879623925214,0.2283675289919714,0.3184845100715556,0.3011264359269861,0.7419142934425597,0.4678428498957218
Communication Skills,39.33956861996564,41.81823051991535,41.36663693131133,43.66960334201927,43.815755232536524,41.064183314656674,37.77690096386901
Community Engagement,0.2939492269517083,0.3080384646291484,0.431757359500446,0.4053439219092526,0.628276144094576,0.6143977742571197,1.1160588467391916
Compliance And Risk Management,0.0916205382706623,0.1607157206760774,0.1284567350579839,0.1447656863961616,0.0817874270418974,0.0811468758452799,0.1127332168423426
Comptia Security+,0.0648978812750524,0.1098224091286529,0.1498661909009812,0.1737188236753939,0.1487044128034499,0.1507013408555199,0.0394566258948199
Computational Biology,1.0383661004008398,1.0285806123268957,0.6529884032114184,0.4467055465938702,0.5687943789731961,0.4366474747865064,0.3156530071585592
Computer Architecture,0.2977667493796526,0.275895320493933,0.4745762711864407,0.3060760226661703,0.4572660693706086,0.3052668186560531,0.2761963812637393
Computer Science Fundamentals,0.4084748997900362,0.2919668925615407,0.3033006244424621,0.2688505604500145,0.2899736049667273,0.4327833378414931,0.2761963812637393
Computer Skills,1.7140675701469743,2.2044839686068625,1.9589652096342551,1.7868221863754807,1.5205026209152757,1.433594806599946,1.1386054901076603
Computer Vision,4.008398549341478,4.012535826212734,4.046387154326494,2.9656284898870826,3.739915982006766,3.079717145175625,2.2772109802153206
Concurrency,0.2137812559648788,0.2035732461896981,0.3247100802854594,0.1737188236753939,0.2602327224060374,0.3439081881061865,0.4114762414745505
Configuration Management,0.7138766940255774,0.9053652264752364,0.913470115967886,0.9554535302146668,0.9628610729023384,1.039452838208586,1.008962290738966
Conflict Resolution,0.4886428707768658,0.5491120456432647,0.4924174843889384,0.641105182611573,0.6468641956950073,0.4057343792263997,0.4678428498957218
Confluence,1.7980530635617484,1.9553746015589424,2.041034790365745,2.0019026347354925,2.044685676047437,2.3880366320182387,2.5421340397948256
Consensus Building,0.274861614811987,0.3026812739399458,0.3033006244424621,0.2316250982338586,0.2527975017658649,0.2125275319757332,0.2367397553689194
Construction Management,0.1641534644016033,0.16607291136528,0.2105263157894736,0.1364933614592381,0.1970333469645711,0.4868812550716797,0.3325629896849106
Consultative Expertise,0.1030731055544951,0.0964294324056464,0.1320249776984835,0.1819911486123175,0.1078106992825012,0.1584296147455466,0.1352798602108111
Consulting,10.444741362855506,10.848311145635227,10.048171275646745,10.170823509947471,10.498531543923566,10.889137911047568,11.025308607181106
Consumer Insights,1.0345485779728956,0.9107224171644388,0.7671721677074042,1.1333085163585226,0.9368378006617346,1.0819583446037329,1.426075193055634
Container Orchestration,0.3664821530826493,0.4392896365146117,0.4995539696699375,0.6659221574223435,0.643146585374921,1.5417906410603193,1.1386054901076603
Containerization,1.1452567283832793,1.1812605469691693,1.6271186440677967,1.6916904496008602,2.048403286367523,4.072800340044052,3.511639704638972
"Containerization Tools (Docker, Kubernetes)",0.4199274670738691,0.5089331154742454,0.7029438001784122,0.7817347065392729,0.7695453362578535,1.5572471888403725,1.1498788117918946
Containers,0.9581981294140104,0.9455441566442556,1.152542372881356,0.8768664433138934,1.0892598237852709,1.166969357394026,1.211882081055183
Content Creation,0.2710440923840427,0.3241100366967562,0.5138269402319358,0.7569177317285023,0.6840402988958697,0.6800881023223463,0.6594893185277042
Content Development,0.1832410765413246,0.1339297672300645,0.1855486173059768,0.293667535260785,0.2044685676047436,0.3129950925460798,0.3438363113691449
Contextual Reasoning,0.0076350448558885,0.0026785953446012,0.0,0.0,0.0,0.0347772325051199,0.0507299475790541
Continuous Improvement,5.165107845008589,5.617014437628908,6.5013380909901874,8.276461099391984,7.903639540503365,11.998145214266394,12.834676737500704
Continuous Integration,15.060125978240125,16.087643639675353,17.20606601248885,18.612731108077924,18.785084947395813,24.564318559449745,23.042669522574823
Continuous Integration/Continuous Delivery (Ci/Cd),0.0916205382706623,0.0723220743042348,0.1784121320249777,0.2233527732969351,0.2936912152868136,0.3014026817110398,0.1972831294740995
Continuous Learning,2.1759877839282304,2.2955562103233063,3.314897413024086,3.9376266699755966,3.844009070969181,6.07828741450597,5.34355447832704
Contract Management,0.4390150792135904,0.4151822784132001,0.3639607493309545,0.4467055465938702,0.3494553700881073,0.4598322964565864,0.3607462938954963
Conversational Ai,0.4466501240694789,0.2892882972169394,0.3853702051739518,0.4177524093146378,0.4089371352094873,0.6143977742571197,0.7947691787385153
Cost Analysis,0.4351975567856461,0.5892909758122841,0.6851025869759143,0.5418372833684907,0.7100635711364734,0.641446732872213,0.5354827800011274
Creative Problem-Solving,1.229242221798053,1.2294752631719923,1.1489741302408565,1.075402241800058,1.271422729469497,0.9119363190231462,0.7891325178963982
Creative Thinking,0.7329643061652987,0.7339351244207537,0.6886708296164139,0.8272324936923522,0.7249340124168184,0.5564357200819197,0.4509328673693704
Critical Thinking,5.390341668257301,6.2223769855088,6.183764495985727,5.782355130909542,6.070857652700844,4.4244368020402645,4.374048813482893
Crm,2.4890246230196604,3.064313074223877,3.093666369313113,3.656367622120197,3.632105282724265,5.282275203833224,5.59720421622231
Crm Tools,0.3626646306547051,0.4901829480620362,0.6208742194469223,0.7196922695123464,0.7918509981783709,1.1167355771088527,1.0766022208443715
Cross-Functional Collaboration,1.1032639816758922,1.775908713470656,5.68064228367529,8.42949911072507,7.50213762593405,8.798639823795355,6.053773744433798
Cross-Functional Team Leadership,0.1870585989692689,0.2035732461896981,0.3068688670829616,0.3929354345038673,0.4089371352094873,0.5912129525870397,0.7214925877909926
Css,1.9965642298148505,1.3928695791926713,2.7582515611061558,2.498242130950904,2.349529722294509,2.1136829089222924,1.7079082351614905
Cuda,0.5955334987593052,0.5142903061634478,0.8064228367528992,0.4467055465938702,0.7583925052975947,0.7264577456625063,0.524209458316893
Customer Advocacy,0.0305401794235541,0.0294645487906142,0.0428189116859946,0.103404061711544,0.0594817651213799,0.0463696433401599,0.0676399301054055
Customer Collaboration,0.015270089711777,0.0241073581014116,0.0249776984834968,0.033089299747694,0.0371761032008624,0.0540979172301866,0.0676399301054055
Customer Engagement,1.114716548959725,0.937508370610452,0.9562890276538804,1.2863465276916075,1.182200081787427,1.6152092430155724,1.476805140634688
Customer Focus,1.6911624355793091,1.8160876436396756,1.7484388938447817,1.6751457997270134,1.6654894233986393,1.6383940646856523,1.736091539372076
Customer Interaction,0.5688108417636953,0.5946481665014867,0.6208742194469223,0.6617859949538818,0.7509572846574222,0.6259901850921596,0.6031227101065328
Customer Needs Analysis,0.0992555831265508,0.0696434789596335,0.0856378233719892,0.1116763866484675,0.0892226476820699,0.1043316975153599,0.0789132517896398
Customer Obsession,0.2290513456766558,0.2892882972169394,0.2355040142729705,0.4177524093146378,0.3308673184876761,0.4559681595115731,0.6031227101065328
Customer Relationship Management,0.6451612903225806,0.7017919802855382,0.6351471900089206,0.7817347065392729,0.5762295996133685,0.6028053634220797,0.5862127275801815
Customer Satisfaction,1.3361328497804923,1.2750113840302146,1.6449598572702944,2.2955701699962776,1.7807353433213131,1.8161443641562656,1.78682148695113
Customer Service,6.757014697461347,7.0634559237136045,7.036574487065121,7.93729577697812,6.4091601918286925,8.153328953978129,7.964601769911504
Customer-Centric Mindset,0.1488833746898263,0.1285725765408619,0.2818911685994648,0.3887992720354055,0.3345849288077623,0.4018702422813864,0.3607462938954963
Customer-Facing Experience,5.997327734300439,5.421476977473013,5.555753791257805,5.914712329900318,6.345960816387226,6.2830866725916765,6.724536384645736
Customer-Facing Role,0.3893872876503149,0.1553585299868748,0.1534344335414808,0.2398974231707821,0.1970333469645711,0.1854785733606399,0.2367397553689194
Cybersecurity,2.30960106890628,2.595558888918651,2.583407671721677,3.2262067254001736,2.896018439347188,4.068936203099038,3.635646243165549
Dashboard Development,14.823439587707576,15.281386440950364,14.201605709188224,15.212805559002357,14.981969589947582,17.036979790563777,18.606617439828646
Data Analysis,24.07329643061653,26.87166849704015,27.257805530776093,27.12495346817223,25.0083646232202,18.153715367672632,17.287638802773238
Data Analysis Automation,0.3512120633708723,0.2785739158385342,0.2604817127564674,0.2481697481077056,0.2974088256068999,0.2859461339309865,0.3100163463164421
Data Analysis Tools,4.142011834319527,4.529504727720783,4.506690454950936,4.67386358936179,5.09312613851816,3.5781908110823446,3.2354433233752324
Data Analytics,48.8222943309792,45.0191519567139,41.02765388046387,42.15990404103073,45.54072642105655,38.59113566984814,41.61546699735077
Data Annotation,0.1527008971177705,0.1419655532638684,0.1819803746654772,0.1943996360177027,0.1710100747239674,0.2125275319757332,0.1352798602108111
Data Architecture,3.710631799961825,4.320574290841883,3.1935771632471006,3.610869834967117,3.9295141083311647,3.941419683913598,4.560058621272758
Data Center Operations,0.2099637335369345,0.2035732461896981,0.3568242640499554,0.3391653224138644,0.3345849288077623,0.6028053634220797,0.8624091088439209
Data Cleansing,1.1223515938156137,1.3285832909222404,1.1882247992863515,1.141580841295446,1.0632365515446671,0.6491750067622396,0.5805760667380644
Data Collection,6.512693262072915,7.200064286288271,7.5682426404995535,6.952889109484221,6.502100449830849,4.080528613934078,3.725832816639423
Data Curation,0.3359419736590952,0.2973240832507433,0.2497769848349687,0.2150804483600115,0.2490798914457786,0.3091309556010665,0.2367397553689194
Data Engineering,8.654323344149647,8.783114134947633,7.500446030330062,8.52463084749969,8.825606899884754,10.10471811120986,11.74116453412998
Data Entry,0.9505630845581218,1.232153858516594,1.527207850133809,1.2573933904123753,0.8030038291386297,0.9428494145832528,0.9356856997914436
Data Exploration,1.2254246993701088,1.1384030214555487,1.313113291703836,0.9389088803408198,1.029778058663891,0.7303218826075196,0.8285891437912181
Data Extraction And Processing,1.9278488261118532,2.025018080518576,2.0588760035682427,2.0887620465731893,2.018662403806833,1.9668457050117856,1.995377938109464
Data Governance,4.096201565184195,4.842900383039134,4.727921498661909,5.563138520081068,5.200936837800661,7.434599482205649,7.823685248858576
Data Infrastructure,2.5539225042947127,2.523236814614416,2.087421944692239,2.9697646523555443,2.773337298784341,3.497043935237065,3.821656050955414
Data Ingestion,1.8095056308455808,1.684836471754212,1.2595896520963423,1.7950945113124044,1.632030930517863,2.612156574829012,2.812693760216448
Data Integration,3.4128650505821723,3.7232475289957945,3.429081177520072,4.098937006245605,4.193464441057288,4.432165075930291,3.9682092328504592
Data Integrity,3.0883756442069097,3.908070607773284,3.718108831400535,4.50841709062332,3.7770920852076286,5.633911665829437,5.512654303590553
Data Interpretation,0.6947890818858561,0.6375056920151073,0.727921498661909,0.7196922695123464,0.6171233131343172,0.5680281309169597,0.7158559269488755
Data Lakes,3.3212445123115097,3.792891007955428,2.80107047279215,3.3296107871117178,3.546600245362281,4.169403763669385,4.086579110534919
Data Management,12.937583508303112,15.08317038544987,12.699375557537913,13.355668610663027,13.074835495743336,9.679663047258394,8.635364410123444
Data Manipulation,1.717885092574919,2.041089652586184,2.544157002676182,2.6595524672209123,2.598609613740288,2.206422195602612,2.085564511583338
Data Mapping,1.0307310555449514,1.3660836257466584,1.1239964317573594,1.0340406171154404,0.9628610729023384,1.0510452490436262,0.907502395580858
Data Migration,1.2177896545142202,1.4142983419494817,1.134701159678858,1.1994871158539109,1.2082233540280307,1.5301982302252792,1.5388084098979764
Data Mining,8.161862950944837,8.330431521710015,7.932203389830509,5.873350705215701,6.502100449830849,3.2806522663163182,3.2241700016909984
Data Modeling,11.845772093911052,12.63493424048429,11.371989295272078,12.056913595566034,12.528346778690658,11.569226013369914,13.35324953497548
Data Pipelines,8.822294330979194,9.200975008705434,7.957181088314005,10.009513173677462,9.79962080374735,12.674369179643726,13.105236457922327
Data Platforms,2.7677037602595917,2.4884150751345997,2.08028545941124,2.4155188815816686,2.420164318376148,4.293056145909811,5.405557747590327
Data Preparation,0.923840427562512,1.0285806123268957,0.9099018733273864,0.6990114571700377,0.8699208149001821,0.9505776884732796,1.0935122033707232
Data Preprocessing,0.1183431952662721,0.1285725765408619,0.6066012488849242,0.5459734458369525,0.5799472099334547,0.7148653348274663,0.524209458316893
Data Privacy,1.0421836228287842,1.2294752631719923,1.6449598572702944,2.216983083095504,1.9331573664448487,2.588971753158932,2.525224057268474
Data Processing,5.096392441305593,5.172367610425093,4.727921498661909,5.364602721594904,5.606156362690063,5.842575060860157,5.585930894538076
Data Quality,8.169497995800725,9.597407119706428,8.610169491525424,10.290772221532862,9.279155358935276,10.216778082615248,12.41192717434192
Data Querying Languages,1.3972132086276008,1.6714434950312056,1.6984834968777878,1.4600653513670017,1.390386259712257,1.0008114687584528,0.9356856997914436
Data Reporting,2.366863905325444,2.600916079607853,2.4763603925066904,2.6554163047524506,2.260307074612439,1.5920244213454924,1.5500817315822106
Data Science,31.44111471654896,29.79133742265556,28.83496877787689,22.3145965173512,29.25387560875869,18.6096835271842,18.0654979989854
Data Security,1.9163962588280208,2.2955562103233063,2.740410347903657,3.466104148570956,3.241756199115209,3.558870126357278,3.6525562256919
Data Storytelling,0.5649933193357511,0.4580398039268207,0.5459411239964318,0.380526947098482,0.5539239376928511,0.8423818540129062,1.0315089341074348
Data Strategy,2.069097155945791,2.600916079607853,2.223015165031222,2.212846920627042,2.4350347596564927,2.4189497275783456,2.699960543374105
Data Structures,6.046955525863715,5.413441191439209,5.370205173951828,5.16606692310874,5.208372058440834,4.582866416785811,4.886984950115552
Data Transformation,1.950753960679519,2.2044839686068625,1.9482604817127565,2.2087107581585803,2.271459905572698,2.5039607403686386,2.739417169268925
Data Trend Analysis,0.6184386333269708,0.7125063616639434,0.6601248884924175,0.6080158828638789,0.6840402988958697,0.6453108698172263,0.8849557522123894
Data Validation,8.177133040656614,8.033107438459272,8.499553969669938,7.676717541465028,7.7400646864195695,10.77707793964218,13.263062961501609
Data Visualization,23.210536361901127,23.83949856695149,22.96877787689563,21.516317160938083,22.380014126919217,16.279608949341164,15.917930218138777
Data Warehouse Architecture,0.5726283641916396,0.5758979990892776,0.3889384478144513,0.483931008810026,0.5539239376928511,0.3516364619962131,0.3945662589481991
Data Warehouses/Sql,6.436342813514029,6.634880668577398,4.777876895628903,5.443189808495678,5.312465147403249,3.5975114958074115,4.018939180429514
Data Warehousing,5.2719984729910285,5.734872632791364,4.745762711864407,5.831989080531083,6.130339417822224,5.823254376135091,5.817033989064878
Data-Driven Analysis,10.96774193548387,11.04117001044652,12.97413024085638,14.642015138354637,15.643704226922932,14.4634645851849,11.972267628656784
Data-Driven Decision Making,2.557740026722657,2.828596683898964,3.621766280107048,4.9261694999379575,4.88493996059333,4.571274005950771,3.7032861732709534
Data-Driven Insights,2.832601641534644,3.06967026491308,4.24620874219447,4.913761012532572,5.386817353804974,4.536496773445651,4.154219040640324
Database Design,2.370681427753388,2.3035919963571105,1.91971454058876,2.225255408032428,2.1933900888508866,1.7929595424861855,1.6346316442139677
Database Technologies,4.844435961061271,4.644684327538639,4.413916146297948,4.599412664929479,4.840328636752296,4.1230341203292245,3.3030832534806382
Databricks,3.8480626073678175,4.106286663273779,4.089206066012489,4.355379079290235,4.606119186586862,5.792341280574983,6.341243447381771
Dataops,0.3664821530826493,0.3508959901427691,0.2997323818019625,0.3267568350084791,0.3197144875274174,0.606669500367093,0.6594893185277042
Dbt,1.2597824012216072,1.4892990115983178,1.3987511150758252,1.8654092732762544,2.0112271831666604,3.195641253526025,3.4552730962178004
Debugging,4.336705478144684,3.613425119867142,5.2631578947368425,4.504280928154858,4.717647496189449,5.711194404729704,5.732484076433121
Decision Making,8.76503149456003,9.072402432164573,7.507582515611062,7.598130454564255,7.862745826982415,5.031106302407357,5.591567555380193
Deep Learning,8.658140866577591,8.234002089304369,9.502230151650313,6.03466104148571,8.684337707721477,6.11306464701109,4.954624880220957
Deep Learning Frameworks,1.1948845199465548,1.1169742586987383,1.52007136485281,1.0133598047731316,1.4089743113126882,1.0201321534835197,0.7102192661067583
Demand Planning,0.3741171979385378,0.3883963249671872,0.3853702051739518,0.5252926334946437,0.5427711067325923,0.5062019397967464,0.5749394058959473
Design And Architecture,15.51441114716549,16.32871722068947,16.756467439785904,16.755594159738596,18.3835830328265,22.419722554967347,25.105687390789697
Design Patterns,1.4926512693262073,1.344654862989848,1.855486173059768,1.6875542871323983,1.6208780995576044,2.7242165462343984,2.959246942111493
Designing And Architecting,1.664439778583699,1.8348378110518844,1.7769848349687778,1.8654092732762544,1.966615859325625,2.4112214536883187,2.694323882531988
Detail-Oriented,4.668829929375836,5.137545870945276,4.567350579839429,5.559002357612607,5.327335588683594,6.85497894045365,4.588241925483343
Developing Strategic Insights,0.8703951135712922,0.800900008035786,0.7528991971454059,0.9637258551515904,1.0743893825049258,1.340855519919626,1.2344287244236514
Devops,5.077304829165872,5.630407414351914,5.68064228367529,5.7988997807833895,6.572735045912488,9.610108582248154,9.266670424440562
Devsecops,0.4695552586371445,0.5169689015080492,0.6066012488849242,0.5087479836207967,0.643146585374921,1.1012790293287995,1.0709655600022547
Digital Accessibility,3.4014124832983392,7.816141215546567,5.4344335414808205,4.669727426893329,11.580356147068663,6.623130723752849,7.851868553069162
Digital Marketing,1.7407902271425844,1.5026919883213243,1.552185548617306,2.006038797203954,2.3235064500539053,1.912747787781599,1.775548165266896
Digital Transformation,2.397404084748998,2.4321645728979724,2.5013380909901874,2.638871654878604,2.438752369976579,3.1995053904710384,2.8070570993743305
Dimensional Modeling,0.794044665012407,0.846436128894008,0.6672613737734165,0.7031476196384994,0.8141566600988884,0.7071370609374397,1.127332168423426
Disaster Recovery,0.9429280397022332,0.7687568639005705,0.6529884032114184,0.7858708690077346,0.9294025800215622,1.1940183160091191,0.8849557522123894
Distributed Systems,3.4815804542851687,3.4741381619478746,3.8287243532560216,3.557099722877114,3.7324807613665936,5.73051508945477,5.918493884222986
Distributed Training,0.1870585989692689,0.1285725765408619,0.296164139161463,0.1654464987384704,0.2453622811256924,0.6569032806522663,0.5298461191590103
Docker,4.600114525672838,4.717006401842873,5.259589652096342,4.649046614551019,5.513216104687906,7.6587194250164226,6.20596358717096
Documentation Skills,1.156709295667112,1.3955481745372726,1.1775200713648528,1.249121065475452,1.1190007063459608,1.5070134085551992,1.1836987768445972
Drafting,0.6986066043138004,0.846436128894008,0.8884924174843889,0.9637258551515904,0.8662032045800959,0.9969473318134394,0.8849557522123894
Dynamodb,0.7024241267417446,0.782149840623577,0.6851025869759143,0.6576498324854201,0.7212164020967322,1.0008114687584528,0.9356856997914436
E-Commerce,1.878221034548578,1.9312672434575309,1.9090098126672612,2.2045745956901186,2.5056693557381315,1.974573978901812,1.815004791161716
Economics,9.162053827066234,9.099188385610583,8.506690454950936,8.073789138437357,9.015205026209152,7.3341319216353025,8.195704864438307
Edge Computing,0.2099637335369345,0.1955374601558942,0.1534344335414808,0.1489018488646234,0.1784452953641399,0.3748212836662931,0.2761963812637393
Eks,0.2634090475281542,0.3267886320413575,0.3532560214094558,0.293667535260785,0.3568905907282799,0.9312570037482129,0.8567724480018037
Elasticsearch,1.1070815041038369,1.4116197466048803,1.173951828724353,1.0505852669892874,1.2305290159485482,1.0549093859886394,0.822952482949101
Electrical Engineering,2.893682000381752,2.5928802935740496,2.754683318465656,2.361748769491665,2.4350347596564927,2.9560647629351986,2.0291979031621667
Electrical Systems,0.0839854934147738,0.0616076929258296,0.0892060660124888,0.1282210365223146,0.1078106992825012,0.2898102708759998,0.219829772842568
Embedded Systems,0.6527963351784691,0.5035759247850428,0.6458519179304193,0.6576498324854201,0.6691698576155247,0.9544418254182928,0.7553125528436954
Emerging Technologies,1.76369536171025,1.9821605550049557,2.9794826048171275,3.879720395417132,3.576341127922971,5.224313149658024,4.481145369483119
Emr,1.6415346440160337,1.8053732622612704,1.256021409455843,1.402159076808537,1.4312799732332058,1.4065458479848525,1.33588861958176
Encryption,0.49246039320481,0.5035759247850428,0.5566458519179304,0.6452413450800347,0.6096880924941448,1.2287955485142394,1.0596922383180205
Engineering Best Practices,1.851498377552968,1.7330511879570354,1.7912578055307762,1.7247797493485544,1.7695825123610542,3.419761196336798,3.911842624429288
Engineering Collaboration,0.1259782401221607,0.147322743953071,0.2212310437109723,0.277122885386938,0.1970333469645711,0.6221260481471463,0.7665858745279297
Engineering Degree,0.5191830502004199,0.6107197385690943,0.5245316681534344,0.570790420647723,0.5279006654522473,0.6259901850921596,0.6256693534750014
Engineering Or Computer Science,0.274861614811987,0.2705381298047304,0.2283675289919714,0.2233527732969351,0.2453622811256924,0.2047992580857065,0.1240065385265768
Enterprise Architecture,0.8894827257110135,0.9910802775024776,1.1097234611953612,0.7734623816023494,1.2602698985092382,1.271301054909386,1.6120850008454992
Enterprise Cloud Transformation Initiatives,0.0,0.0,0.0,0.0,0.0,0.0115924108350399,0.0169099825263513
Enterprise Security Solutions,0.0038175224279442,0.0026785953446012,0.0035682426404995,0.0,0.0,0.0270489586150933,0.0338199650527027
Entrepreneurial Mindset,0.3702996755105936,0.3535745854873704,0.3461195361284567,0.5418372833684907,0.5539239376928511,0.5602998570269331,0.4903894932641903
Entrepreneurial Spirit,4.6879175415155565,4.7973642621809125,4.067796610169491,4.4463746535963935,4.948139336034797,4.7490243054213845,4.0640324671664505
Equipment Maintenance,0.0534453139912197,0.0482147162028232,0.0963425512934879,0.033089299747694,0.0446113238410349,0.0811468758452799,0.0394566258948199
Erp Systems,1.0001908761213971,1.3875123885034688,1.2346119536128457,1.3277081523762253,1.271422729469497,2.8517330654198383,2.947973620427259
Ethical Ai Practices,0.1030731055544951,0.0776792649934374,0.2783229259589652,0.2481697481077056,0.3494553700881073,1.213339000734186,1.302068654529057
Etl,9.669784309982822,10.43848605791123,7.960749330954504,9.562807627083592,9.583999405182348,9.729896827543568,9.599233414125472
Etl Pipelines,1.1948845199465548,1.111617068009536,0.592328278322926,1.1209000289531372,0.9740139038625972,2.194829784767572,2.3279409277943746
Etl Processes,1.2330597442259974,1.591085634693167,1.7234611953612846,2.812590478553997,2.401576266775717,2.844004791529812,2.773237134321628
Event-Driven Architectures,0.1068906279824394,0.1178581951624568,0.1926851025869759,0.2109442858915498,0.2081861779248299,0.7496425673325863,0.8060425004227496
Excel,21.76369536171025,24.552004928615435,21.462979482604812,22.409728254125824,21.81865496858619,20.32149619382511,20.48362550025365
Excellent Communication,7.157854552395495,8.764363967535424,11.004460303300624,13.086818050213012,12.234655563403845,14.482785269909966,11.70170790823516
Executive Communication,0.1221607176942164,0.0883936463718426,0.1391614629794826,0.1530380113330851,0.1040930889624149,0.3941419683913598,0.7722225353700468
Experience In Financial Services,0.3588471082267608,0.4500040178930169,0.335414808206958,0.3846631095669438,0.449830848730436,0.6143977742571197,0.6707626402119384
Experiment Design,0.927657949990456,0.8491147242386092,1.0669045495093663,0.6866029697646524,0.8550503736198372,0.7573708412226129,1.0709655600022547
Experimentation,3.672456575682382,3.0562772881900733,3.5967885816235503,3.2137982379947885,3.817985798728577,5.819390239190077,7.18674257369934
Feature Delivery Trade-Offs,0.0687154037029967,0.0562505022366271,0.0642283675289919,0.0827232493692352,0.0594817651213799,0.2859461339309865,0.4283862240009018
Feature Engineering,1.5270089711777055,1.443762890740096,1.816235504014273,1.1167638664846755,1.5613963344362245,2.063449128637119,2.254664336846852
Finance,13.578927276197748,14.48316502825918,13.245316681534344,14.460023989742318,15.758950146845608,16.78581088913791,17.8343949044586
Financial Analysis,1.4697461347585417,1.7544799507138455,1.712756467439786,1.720643586880093,2.200825309491059,2.179373236987519,1.9841046164252296
Financial Management,0.5764458866195838,0.7928642220019821,0.8349687778768956,0.9099557430615874,0.988884345142942,0.7071370609374397,0.8398624654754523
Financial Modeling,0.7635044855888529,0.9000080357860338,0.7100802854594113,0.8561856309715845,1.360645377151567,1.5301982302252792,1.4880784623189225
Financial Planning Model Design,0.9581981294140104,1.1464388074893526,1.0205173951828723,1.2698018778177609,1.6283133201977769,1.634529927740639,1.7191815568457245
"Financial Planning, Budgeting, Forecasting",0.1679709868295476,0.1607157206760774,0.1855486173059768,0.2688505604500145,0.2527975017658649,0.3670930097762664,0.1972831294740995
Financial Reporting,0.794044665012407,1.111617068009536,1.1810883140053523,1.125036191421599,1.5428082828357932,1.831600911936319,1.8713713995828871
Financial Services,5.088757396449704,5.274154233519942,4.6672613737734165,4.677999751830252,5.89612996765679,6.99408787047413,7.017642748435827
Firehose,0.0190876121397213,0.0482147162028232,0.0285459411239964,0.0579062745584646,0.0297408825606899,0.0656903280652266,0.1803731469477481
Firmware Development,0.4466501240694789,0.4553612085822194,0.5388046387154326,0.5128841460892584,0.5055950035317298,0.8385177170678929,0.6538526576855871
Flink,0.5459057071960298,0.6241127152921008,0.4852809991079393,0.6700583198908053,0.6245585337744898,0.8307894431778662,0.7102192661067583
Flow Cytometry,0.1565184195457148,0.147322743953071,0.1070472792149866,0.0454977871530793,0.0631993754414662,0.1584296147455466,0.090186573473874
Forecasting,8.341286505058218,8.426860954115662,7.864406779661017,7.048020846258841,8.702925759321907,8.137872406198076,8.037878360859027
Foundation Models,0.0267226569956098,0.0776792649934374,0.5744870651204282,0.6286966952061877,0.5911000408937135,1.329263109084586,1.1216955075813089
Full-Stack Development,0.6604313800343578,0.5946481665014867,0.9170383586083852,0.8148240062869669,0.836462322019406,1.680899571080799,1.3246152978975254
Fullstack Development,0.0038175224279442,0.0053571906892025,0.0321141837644959,0.0372254622161558,0.0371761032008624,0.0231848216700799,0.045093286736937
Functional Specifications,3.019660240503913,3.460745185224868,3.393398751115076,3.172436613310171,2.836536674225808,3.087445419065652,3.4101798094808635
Gans,0.1565184195457148,0.1687515067098813,0.2212310437109723,0.190263473549241,0.2527975017658649,0.2859461339309865,0.1972831294740995
Gap Analysis,0.664248902462302,1.0634023518067126,1.0276538804638715,0.72796459444927,0.7249340124168184,0.7264577456625063,0.9695056648441464
Gcp,5.329261309410192,5.638443200385717,5.834076717216771,5.534185382801836,6.725157069036023,9.803315429498822,8.748097626965786
Gdpr,0.4542851689253674,0.5223260921972518,0.5994647636039251,0.9058195805931256,0.9368378006617346,1.9050195138915724,1.8431880953723012
Genai,0.0,0.0,0.6779661016949152,0.9968151548992844,1.0149076173835458,3.7018431933227713,4.655881855588749
Genai Technologies,0.0,0.0,0.0107047279214986,0.0206808123423088,0.0111528309602587,0.1468372039105066,0.1352798602108111
Genai/Ml Applications,0.0,0.0,0.0,0.0,0.0,0.0,0.0
Genai/Ml Solutions,0.0,0.0,0.0,0.0041361624684617,0.0,0.0463696433401599,0.0169099825263513
Generative Ai,0.3015842718075969,0.506254520129644,4.842105263157895,5.029573561649501,5.267853823562215,9.826500251168902,10.782932190970069
Github Actions,3.004390150792136,2.9732408325074333,3.3327386262265835,3.2096620755263268,3.784527305847801,4.891997372386878,5.208274618116228
Gitlab,8.024432143538844,8.04917901052688,9.03122212310437,8.317822724076601,9.386966058217778,10.796398624367248,10.495462488022095
Go-To-Market Strategies,0.461920213781256,0.3375030134197627,0.328278322925959,0.6162882078008024,0.4721365106509536,0.7071370609374397,0.7722225353700468
Golang,0.606986066043138,0.6401842873597086,0.727921498661909,0.8561856309715845,0.7658277259377672,1.1051431662738127,0.8849557522123894
Google Ads,1.1719793853788891,1.167867570246163,1.2310437109723462,1.3277081523762253,1.4870441280344997,1.7349974883109858,2.2208443717941493
Google Cloud,2.859324298530254,3.018776953365655,3.100802854594112,2.791909666211689,3.8663147328896974,3.628424591367518,3.1170734456907727
Gpu,1.385760641343768,1.2750113840302146,2.112399643175736,1.3525251271869958,1.7621472917208818,1.9088836508365856,1.6853615917930218
Gpu Programming,0.1756060316854361,0.1392869579192671,0.2390722569134701,0.1489018488646234,0.2490798914457786,0.2782178600409598,0.2592863987373879
Grant Proposal Preparation,0.0419927467073869,0.0589290975812284,0.0214094558429973,0.033089299747694,0.0223056619205174,0.0772827389002666,0.1070965560002254
Graph Databases,0.3435770185149838,0.4339324458254091,0.3496877787689563,0.2481697481077056,0.3791962526487973,0.3980061053363731,0.4396595456851361
Graphql,0.5306356174842527,0.5785765944338789,0.8278322925958965,0.7569177317285023,0.6840402988958697,1.2519803701843193,1.200608759370949
Growth Mindset,1.1490742508112235,1.1437602121447512,1.5093666369313112,2.030855772014725,1.6877950853191568,1.6268016538506125,1.7417282002141932
Grpc,0.1527008971177705,0.1767872927436852,0.3211418376449598,0.2812590478553997,0.2527975017658649,0.5062019397967464,0.4565695282114875
Hadoop,6.111853407138767,5.638443200385717,4.770740410347904,3.916945857633288,4.364474515781256,2.967657173770238,2.339214249478609
Hardware Engineering,0.1946936438251574,0.2464307717033187,0.2997323818019625,0.3391653224138644,0.2751031636863824,0.3516364619962131,0.4452962065272532
Healthcare Experience,0.9123878602786792,0.7392923151099563,0.7707404103479036,0.7403730818546552,0.6245585337744898,0.4752888442366397,0.693309283580407
Healthcare Knowledge,0.1603359419736591,0.1285725765408619,0.1462979482604817,0.103404061711544,0.1040930889624149,0.0734186019552533,0.1014598951581083
High-Performance Computing,0.98492078640962,0.9910802775024776,1.1989295272078502,0.8437771435661993,0.9442730213019072,0.6491750067622396,0.5523927625274787
Hipaa,1.0345485779728956,1.159831784212359,1.0918822479928636,1.2532572279439136,1.1190007063459608,2.442134549248425,2.4463108054788343
Hive,3.683909142966215,3.150028125251118,2.529884032114184,2.101170533978575,2.468493252537269,1.294485876579466,1.1498788117918946
Html,3.176178660049628,2.73752444218252,3.889384478144514,3.672912271994044,3.64697572400461,2.8865102979249584,2.8070570993743305
Hugging Face,0.274861614811987,0.2705381298047304,0.6708296164139161,0.5087479836207967,0.6951931298561285,1.8161443641562656,1.33588861958176
Human-Centered Design,0.1756060316854361,0.1687515067098813,0.167707404103479,0.1282210365223146,0.0855050373619837,0.1429730669654932,0.1409165210529282
Human-Robotic Interaction,0.0,0.0026785953446012,0.0071364852809991,0.016544649873847,0.0148704412803449,0.0309130955601066,0.0281833042105856
Hybrid Cloud Integrations,0.3359419736590952,0.5330404735756569,0.5637823371989296,0.4632501964677172,0.6319937544146622,0.7264577456625063,0.6989459444225241
Iam,0.3893872876503149,0.5357190689202582,0.5388046387154326,0.5914712329900319,0.5650767686531097,1.549518914950346,1.5331717490558594
Iam Roles And Permissions,0.015270089711777,0.018750167412209,0.039250669045495,0.0579062745584646,0.0334584928807762,0.1468372039105066,0.2311030945268023
Iat Level Ii Certification,0.0267226569956098,0.018750167412209,0.0321141837644959,0.033089299747694,0.0371761032008624,0.0618261911202133,0.0507299475790541
Identity Management,0.2595915251002099,0.4125036830685988,0.4674397859054415,0.4715225214046408,0.5055950035317298,0.711001197882453,0.7665858745279297
Immunology,0.4581026913533117,0.4741113759944285,0.3211418376449598,0.3019398601977086,0.2565151120859511,0.3902778314463465,0.3945662589481991
Implementing Security Policies In Code,0.0,0.0,0.0,0.0,0.0,0.0231848216700799,0.0169099825263513
Incident Management,0.3893872876503149,0.441968231859213,0.5709188224799286,0.5087479836207967,0.4721365106509536,0.7612349781676263,0.8004058395806324
Independent Research,0.3893872876503149,0.4178608737578014,0.3532560214094558,0.277122885386938,0.3829138629688836,0.3207233664361065,0.349472972211262
Independent Work,8.589425462874594,9.613478691774034,9.884032114183764,9.827522025065145,9.69181010446485,8.16492136481317,7.846231892227045
Industry Knowledge,1.84386333269708,1.960731792248145,1.616413916146298,1.7082350994747073,1.955463028365367,1.549518914950346,1.482441801476805
Industry Standards,1.1643443405230005,1.360726435057456,1.52007136485281,1.9646771725193368,2.033532845087178,2.275976660612852,1.8826447212671211
Industry Trends,1.9125787364000764,2.3116277823909144,3.807314897413024,5.68308723166646,4.948139336034797,4.401251980370184,3.911842624429288
Inference Engines,0.0572628364191639,0.0401789301690193,0.0356824264049955,0.0289531372792323,0.0297408825606899,0.1468372039105066,0.1183698776844597
Influencing Skills,0.7711395304447414,0.6080411432244931,0.4424620874219447,0.4715225214046408,0.4423956280902635,0.3902778314463465,0.5523927625274787
Informatica Dq,0.0076350448558885,0.0267859534460129,0.0178412132024977,0.016544649873847,0.0111528309602587,0.0309130955601066,0.0507299475790541
Information Retrieval,1.1452567283832793,0.9723301100902688,1.334522747546833,1.2201679281962194,1.2528346778690658,1.5301982302252792,1.7022715743193733
Information Security,1.168161862950945,1.2803685747194171,1.1454058876003568,1.3649336145923812,1.6469013717982082,1.4451872174349858,1.4937151231610395
Infrastructure Architecture,16.98415728192403,17.04925936838722,17.466547725245317,18.14948091161021,19.9784378601435,24.850264693380733,26.36829941942393
Infrastructure As Code (Iac),0.5077304829165872,0.6160769292582969,0.8706512042818911,1.0836745667369814,1.1933529127476858,2.2102863325476254,1.995377938109464
Infrastructure Management,0.2405039129604886,0.3026812739399458,0.3532560214094558,0.4549778715307937,0.3606082010483661,0.7728273890026662,0.8173158221069838
Infrastructure Security,0.1221607176942164,0.1339297672300645,0.1320249776984835,0.1613103362700086,0.2007509572846574,0.1545654778005332,0.2141931120004509
Infrastructure-As-Code,0.2328688681046001,0.2866097018723381,0.3960749330954505,0.4136162468461761,0.4684189003308673,1.1978824529541328,1.132968829265543
Innovative Solutions,3.924413055926704,4.3018241234296735,4.645851917930419,4.831037763163337,5.297594706122904,5.363422079678504,5.2646412265374
Insurance Industry Knowledge,0.0572628364191639,0.08303645568264,0.0677966101694915,0.0454977871530793,0.0557641548012937,0.1236523822404266,0.045093286736937
Integrating Aws Ai/Ml Services,0.0038175224279442,0.0107143813784051,0.0107047279214986,0.016544649873847,0.0037176103200862,0.0540979172301866,0.0845499126317569
Interdisciplinary Teamwork,0.0458102691353311,0.0642862882704309,0.0570918822479928,0.0537701120900028,0.0408937135209487,0.0540979172301866,0.0394566258948199
Interpersonal Communication,1.3552204619202135,1.1276886400771435,1.009812667261374,1.108491541547752,0.9517082419420796,0.8617025387379729,0.6425793360013528
Interpersonal Skills,8.116052681809506,9.297404441111082,9.170383586083856,10.104644910452082,10.14907617383546,7.3573167433053825,6.042500422749563
Inventory Management,0.8016797098682955,1.0339378030160984,0.863514719000892,0.9058195805931256,1.0074723967433734,1.1515128096139726,0.918775717265092
Issue Resolution,1.309410192784883,1.5964428253823697,1.4915254237288136,1.5138354634570046,1.316034053310532,1.561111325785386,1.7642748435826616
Java,10.807405993510212,9.739372672970294,10.412132024977698,9.844066674938992,10.740176214729171,10.170408439275088,8.703004340228848
Java/Kotlin,0.0534453139912197,0.0428575255136206,0.0606601248884924,0.0868594118376969,0.0408937135209487,0.1081958344603732,0.0676399301054055
Javascript,5.6155754915060125,4.29378833739587,6.512042818911686,6.17529056541341,6.34224320606714,6.024189497275783,5.529564286116904
Jax,0.2824966596678755,0.2625023437709265,0.39964317573595,0.4177524093146378,0.494442172571471,0.7535067042775996,0.7665858745279297
Jira,4.103836610040084,4.516111750997776,4.610169491525424,4.6159573148033255,4.379344957061601,5.1972641910429305,5.140634688010822
Judgment And Stress Management,0.0,0.0,0.0,0.0,0.0,0.0,0.0
Kafka,3.3556022141630084,3.294672273859588,2.547725245316681,2.9035860528601565,2.8067957916651176,4.010974148923838,3.257989966743701
Kibana,0.3359419736590952,0.4125036830685988,0.4388938447814451,0.3143483476030938,0.3457377597680211,0.1932068472506665,0.1409165210529282
Kinesis,0.6947890818858561,0.7607210778667667,0.4603033006244424,0.5294287959631054,0.509312613851816,0.8346535801228796,0.738402570317344
Knowledge Sharing,0.7405993510211872,0.782149840623577,1.5022301516503125,1.6710096372585517,1.557678724116138,2.4691835078635185,2.175751085057212
Kotlin,0.4695552586371445,0.3696461575549781,0.495985727029438,0.570790420647723,0.3791962526487973,0.6221260481471463,0.7214925877909926
Kpi Development,0.0687154037029967,0.1125010044732542,0.1070472792149866,0.0785870869007734,0.1040930889624149,0.1738861625255999,0.2141931120004509
Kpis,4.684100019087612,4.738435164599684,4.827832292595897,5.939529304711089,6.048551990780326,7.430735345260636,8.060425004227495
Kubeflow,0.6757014697461348,0.6107197385690943,0.6244424620874219,0.3681184596930967,0.6542994163351797,0.7998763476177596,0.5693027450538302
Kubernetes,4.321435388432907,4.43843248600434,5.216770740410348,4.901352525127187,5.568980259489201,8.504965415974342,6.989459444225241
Laboratory Experience,0.1488833746898263,0.1339297672300645,0.231935771632471,0.0992678992430822,0.0594817651213799,0.2550330383708798,0.2423764162110366
Laboratory Procedures,0.1336132849780492,0.1258939811962607,0.2569134701159679,0.0744509244323117,0.0594817651213799,0.2125275319757332,0.2987430246322078
Langchain,0.0,0.0053571906892025,0.6458519179304193,0.5418372833684907,0.583664820253541,2.901966845705012,3.0945268023223043
Large Language Models,0.6566138576064134,0.8678648916508183,4.927743086529884,4.599412664929479,4.95557455667497,10.807991035202289,11.493151457076827
Large-Scale software Development,0.0190876121397213,0.0160715720676077,0.0071364852809991,0.0124084874053852,0.0185880516004312,0.0077282738900266,0.0056366608421171
Large-Scale System Design,0.2595915251002099,0.230359199635711,0.2533452274754683,0.2853952103238615,0.2527975017658649,0.3129950925460798,0.4002029197903162
Leadership Skills,2.7486161481198703,2.92502611630461,2.933095450490633,3.598461347561732,3.6990222684858174,3.288380540206345,2.55340736147906
Lean,2.1454476045046764,2.2044839686068625,2.08385370205174,2.3245233072755096,2.107885051488903,2.3493952625681054,2.7901471168479794
Lean Six Sigma,0.8742126359992365,1.0285806123268957,0.7885816235504014,0.9471812052777432,0.8030038291386297,0.9814907840333862,1.144242150949777
Learning Agility,1.778965451422027,1.9205528620791257,2.090990187332739,1.8819539231501008,2.39785865645563,2.2373352911627187,2.384307536215546
Licensed Professional Engineer,0.0992555831265508,0.1794658880882865,0.1534344335414808,0.0868594118376969,0.1561396334436224,0.4675605703466131,0.2029197903162166
Linux,5.413246802824967,5.078616773364048,5.03835860838537,4.504280928154858,5.435146287966095,4.675605703466131,4.0583958063243335
Linux Administration,0.0801679709868295,0.0616076929258296,0.071364852809991,0.0868594118376969,0.0669169857615524,0.1197882452954132,0.090186573473874
Llm Architectures,0.0,0.0,0.0356824264049955,0.0372254622161558,0.0483289341611212,0.3593647358862398,0.6313060143171185
Llms,0.0496277915632754,0.2705381298047304,3.8608385370205176,3.859039583074823,3.799397747128146,10.761621391862128,12.349923905078631
Logistics,2.5920977285741555,2.965205046473629,2.915254237288136,2.874632915580924,2.751031636863824,3.8680010819583446,3.381996505270278
Looker,2.7944264172552016,2.6919883213242977,2.4906333630686888,2.721594904247839,3.2566266403955537,3.4854515244020248,3.506003043796855
Lstm,0.3435770185149838,0.2410735810141162,0.3068688670829616,0.190263473549241,0.2490798914457786,0.1584296147455466,0.1409165210529282
Machine Learning,32.80397022332506,33.09940267323815,34.526315789473685,26.409397361128345,32.785605412840624,24.03493179798292,22.653739924468745
Machine Learning (Ml),2.5233823248711587,2.4991294565130047,2.8046387154326493,1.6958266120693222,2.6803970407821853,1.7890954055411723,1.5388084098979764
Machine Learning Frameworks,0.939110517274289,0.9964374681916804,1.712756467439786,1.1622616536377548,1.6394661511580355,1.1746976312840527,0.9244123781072092
Machine Learning Model Development,0.4657377362092002,0.506254520129644,0.7957181088314005,0.3929354345038673,0.6357113647347485,0.5912129525870397,0.8060425004227496
Machine Learning Projects,0.5573582744798625,0.5464334502986634,0.7350579839429081,0.380526947098482,0.6914755195360422,0.3709571467212798,0.3776562764218477
Machine Translation,0.0992555831265508,0.0937508370610451,0.1248884924174843,0.0951317367746205,0.0743522064017249,0.1236523822404266,0.1183698776844597
Maintenance Of Laboratory Equipment,0.0305401794235541,0.0214287627568103,0.0356824264049955,0.016544649873847,0.0111528309602587,0.0231848216700799,0.0056366608421171
Manufacturing Processes,0.2977667493796526,0.3642889668657756,0.3746654772524532,0.4301608967200231,0.3643258113684524,0.5100660767417597,0.3269263288427935
Market Research,2.126359992364955,2.062518415342994,2.0731489741302407,2.9284030276709268,2.855124725826239,2.720352409289385,2.773237134321628
Marketing Strategy,0.9620156518419546,0.827685961481799,1.056199821587868,1.5469247632046987,1.7101007472396743,1.1592410835039997,1.2231554027394171
Mathematics,17.56442069097156,18.40730720810007,16.96342551293488,13.401166397816109,15.94483066284992,10.247691178175357,10.15162617665295
Matlab,2.763886237831647,2.6571665818444807,2.408563782337199,1.7537328866277868,1.970333469645712,1.2094748637891728,0.8905924130545065
Mentorship And Career Growth,0.1527008971177705,0.2678595344601291,0.360392506690455,0.537701120900029,0.539053496412506,1.109007303218826,1.657178287582436
Metadata Management,2.6188203855697654,2.8098465164867545,2.24085637823372,2.361748769491665,2.401576266775717,2.8981027087599984,3.4439997745335664
Metrics Development,0.2595915251002099,0.2330377949803123,0.3068688670829616,0.293667535260785,0.2416446708056061,0.2936744078210132,0.4622061890536046
Microservices,1.7102500477190303,1.8991240993223155,2.3621766280107046,1.8860900856185632,2.479646083497528,4.262143050349704,3.782199425060594
Microsoft Office,8.547432716167208,10.931347601317867,9.562890276538806,9.579352276957438,8.583962229079148,7.894431778662236,7.519305563384251
Microsoft Office Proficiency,1.3666730292040463,1.6607291136528004,1.5057983942908115,1.6048310377631634,1.464738466113982,1.619073379960586,1.877008060425004
Microsoft Outlook,2.5806451612903225,3.1768140786971317,2.925958965209634,2.874632915580924,2.758466857503997,2.391900768963252,2.350487571162843
Microsoft Word,1.3628555067761023,1.609835802105376,1.52007136485281,1.265665715349299,1.0446484999442358,0.8810232234630395,0.9638690040020292
Migration Strategies,2.355411338041611,2.825918088554362,2.422836752899197,2.365884931960128,2.6357857169411503,3.802310753893118,3.900569302745054
Ml,15.159381561366674,13.8992312431361,16.32114183764496,12.416759730322209,16.100970296293543,20.35240928938521,20.139789188884503
Ml Frameworks,0.7329643061652987,0.6589344547719176,0.9776984834968778,0.6080158828638789,1.048366110264322,2.0982263611422387,2.0686545290569867
Ml Pipelines,1.2635999236495514,1.1303672354217449,1.4736842105263157,0.8272324936923522,1.4275623629131196,1.7195409405309323,1.6853615917930218
Ml Solutions Deployment,0.0343577018514983,0.0428575255136206,0.0214094558429973,0.016544649873847,0.0483289341611212,0.0772827389002666,0.0563666084211713
Mlflow,0.7253292613094102,0.7125063616639434,0.9884032114183764,0.6080158828638789,0.9628610729023384,1.738861625255999,1.476805140634688
Mlops,2.4355793090284403,2.496450861168403,3.1650312221231043,2.11357902138396,3.383025391278486,5.444568955523784,4.898258271799786
Mlops Best Practices,0.087803015842718,0.1312511718854632,0.1498661909009812,0.1613103362700086,0.2676679430462099,1.2403879593492793,1.1555154726340116
Mlops Tools,0.1527008971177705,0.1714301020544826,0.167707404103479,0.119948711585391,0.2416446708056061,0.6916805131573863,0.6707626402119384
Mobile,6.06986066043138,5.825944874507808,6.451382694023193,7.060429333664226,6.25302055838507,6.433788013447197,5.817033989064878
Mobile Development,0.1946936438251574,0.1714301020544826,0.2676181980374665,0.2523059105761674,0.2044685676047436,0.3052668186560531,0.304379685474325
Model Architecture Design,0.0916205382706623,0.0776792649934374,0.0963425512934879,0.0454977871530793,0.1040930889624149,0.2550330383708798,0.2085564511583338
Model Deployment,1.1185340713876697,0.8759006776846222,1.2167707404103478,0.7569177317285023,1.3123164429904457,2.272112523667839,1.9615579730567607
Model Development,2.8822294330979195,2.4000214287627566,3.1257805530776093,2.200438433221657,3.2529090300754677,3.3154294988214383,3.00434022884843
Model Evaluation,0.2977667493796526,0.2678595344601291,0.6601248884924175,0.4384332216569467,0.6171233131343172,1.4258665327099191,1.5613550532664449
Model Optimization,0.6375262454666921,0.7714354592451719,0.727921498661909,0.5997435579269553,0.6989107401762147,0.9351211406932262,0.7947691787385153
Model Training,1.1490742508112235,1.087509709908124,1.6663693131132915,1.4104314017454609,1.8662403806832968,3.102901966845705,2.6661405783214023
Modern Frameworks,0.0763504485588852,0.0669648836150322,0.1070472792149866,0.1116763866484675,0.0966578683222424,0.4482398856215464,0.5354827800011274
Modern Web Technologies,0.5382706623401412,0.4312538504808079,0.5994647636039251,0.6328328576746495,0.6617346369753523,0.5332508984118397,0.4960261541063074
Mongodb,1.7751479289940828,1.8241234296734792,1.623550401427297,1.4683376763039253,1.8439347187627797,1.843193322771359,1.5782650357927963
Monitoring And Troubleshooting,0.1259782401221607,0.1205367905070581,0.0892060660124888,0.0951317367746205,0.1524220231235362,0.1043316975153599,0.090186573473874
Multi-Agent Systems,0.015270089711777,0.0267859534460129,0.0785013380909901,0.0537701120900028,0.0929402580021562,0.5177943506317864,0.64821599684347
Multimodal Learning,0.015270089711777,0.018750167412209,0.1248884924174843,0.1695826612069322,0.1078106992825012,0.3091309556010665,0.4114762414745505
Multimodal Systems,0.0229051345676655,0.0133929767230064,0.071364852809991,0.0372254622161558,0.0408937135209487,0.2434406275358398,0.1690998252635139
Multithreading,0.0954380606986066,0.0642862882704309,0.0999107939339875,0.103404061711544,0.0966578683222424,0.1429730669654932,0.1690998252635139
Mxnet,0.4733727810650887,0.4821471620282324,0.4745762711864407,0.1861273110807792,0.3606082010483661,0.3129950925460798,0.3381996505270278
Natural Language Processing,7.722847871731246,7.159885356119252,8.667261373773417,6.063614178764942,7.658277259377672,6.80860929711349,6.273603517276365
Natural Language Understanding,0.6375262454666921,0.5651836177108724,0.5709188224799286,0.3515738098192497,0.6022528718539722,0.4405116117315197,0.4002029197903162
Negotiation Skills,0.4466501240694789,0.6000053571906891,0.7136485280999108,0.6245605327377259,0.7546748949775085,0.7419142934425597,0.6538526576855871
Nemo,0.0343577018514983,0.0107143813784051,0.0535236396074933,0.0248169748107705,0.0483289341611212,0.1738861625255999,0.0958232343159912
Network Security,0.2214163008207673,0.3187528460075536,0.367528991971454,0.3763907846300203,0.4238075764898323,0.6723598284323197,0.5354827800011274
Networking,3.168543615193739,3.222350199555353,4.1177520071364855,4.098937006245605,4.364474515781256,5.019513891572317,5.14627134885294
Networking Protocols,0.2595915251002099,0.2196448182573058,0.3710972346119536,0.3391653224138644,0.4312427971300048,0.676223965377333,0.524209458316893
Neural Networks,3.4892154991410576,2.970562237162832,2.672613737734166,1.939860197708566,2.732443585263393,1.236523822404266,1.008962290738966
Neural/Deep Learning Methods,0.0,0.0,0.0,0.0,0.0,0.0,0.0
Next.Js,0.1374308074059935,0.1071438137840516,0.3532560214094558,0.363982297224635,0.3345849288077623,0.745778430387573,0.7496758920015782
Nlp,4.924603932048101,4.588433825302012,5.5129348795718105,3.788724821110973,5.070820476597644,5.278411066888211,4.9095315934840205
Nlp Techniques,0.5878984539034167,0.653577264082715,0.913470115967886,0.6907391322331141,0.8290271013792334,0.8114687584527995,0.6763993010540555
Nlp/Nlu Ivr Chat Solutions,0.0,0.0,0.0,0.0,0.0,0.0,0.0
Node.Js,1.2941401030731057,1.1464388074893526,1.7413024085637825,1.6379203375108575,1.527937841555448,2.704895861509332,2.311030945268023
Nosql,4.080931475472418,4.098250877239975,3.83942908117752,3.259296025147868,4.007583925052976,4.053479655318984,3.08325348063807
Object Storage,0.072532926130941,0.0776792649934374,0.0499553969669937,0.119948711585391,0.0855050373619837,0.1507013408555199,0.304379685474325
Object-Oriented Design,1.645352166443978,1.3848337931588677,1.5343443354148083,1.3732059395293048,1.524220231235362,1.004675605703466,0.7045826052646412
Objective-C,0.1297957625501049,0.1151795998178555,0.1534344335414808,0.1406295239276998,0.0780698167218112,0.0656903280652266,0.0563666084211713
Observability,0.5649933193357511,0.653577264082715,0.9705619982158786,1.335980477313149,1.1896353024275996,4.691062251246184,5.7493940589594725
Observability Tools,0.0916205382706623,0.0616076929258296,0.0856378233719892,0.206808123423088,0.1895981263243986,0.9737625101433596,0.9920523082126148
Open Source Contributions,0.1603359419736591,0.1205367905070581,0.135593220338983,0.1116763866484675,0.2156213985650024,0.513930213686773,0.3720196155797305
Open Source Frameworks,12.616911624355794,12.2411807248279,15.91436217662801,14.86536791165157,16.781292984869324,26.32250086943081,28.17203088890141
Open Source software,3.3136094674556213,3.0616344788792755,2.8367528991971454,2.4279273689870537,2.7956429607048587,2.731944820124425,1.860098077898653
Opensearch,0.072532926130941,0.0883936463718426,0.0749330954504906,0.0744509244323117,0.0855050373619837,0.479152981181653,0.3663829547376134
Operating Laboratory Equipment,0.2214163008207673,0.1687515067098813,0.3639607493309545,0.1654464987384704,0.1078106992825012,0.2743537230959465,0.2423764162110366
Operating Systems,1.5384615384615383,1.4517986767738995,1.8483496877787688,1.8447284609339452,1.8290642774824344,1.483828586885119,1.2795220111605885
Operational Efficiency,1.893491124260355,2.0089465084509683,2.205173951828725,2.944947677544774,3.007546748949775,4.814714633486611,4.9320782368524885
Operational Excellence,1.4964687917541517,1.242868239894999,1.2595896520963423,1.853000785870869,1.6134428789174318,3.786854206113065,4.531875317062172
Operational Support,0.9009352929948464,1.1464388074893526,1.024085637823372,1.021632129710055,1.0743893825049258,1.2326596854592526,1.5106251056873907
Operations Automation,0.0839854934147738,0.0589290975812284,0.0428189116859946,0.0082723249369235,0.0557641548012937,0.0734186019552533,0.0732765909475226
Operations Research,3.466310364573392,3.495566924704685,3.607493309545049,2.2872978450593537,2.591174393100115,1.924340198616639,2.0122879206358157
Opportunity Identification,0.1145256728383279,0.0937508370610451,0.1070472792149866,0.1364933614592381,0.1449868024833636,0.1816144364156265,0.2367397553689194
Optimization,13.094101927848826,12.195644603969678,13.36663693131133,13.430119535095338,14.781218632662924,20.30990378299007,21.10929485372865
Oracle,5.241458293567475,5.287547210242948,4.574487065120429,4.276791992389461,4.464849994423584,4.656285018741064,4.396595456851362
Oracle Analytics Cloud,0.0419927467073869,0.0294645487906142,0.0785013380909901,0.0454977871530793,0.0483289341611212,0.0347772325051199,0.0732765909475226
Orchestration Tools,2.0538270662340143,2.255377280154287,2.2551293487957182,2.7298672291847623,2.940629763188223,7.736002163916689,8.75937094865002
Organizational Skills,6.424890246230197,7.285779337315511,6.472792149866191,6.406915663647268,6.238150117104725,5.64936821360949,5.2646412265374
Parallel And Distributed Computing,0.1756060316854361,0.3026812739399458,0.3496877787689563,0.1406295239276998,0.2825383843265548,0.3400440511611731,0.3381996505270278
Partner/Channel Marketing,0.0038175224279442,0.0,0.0,0.0,0.0,0.0,0.0
Partnership Development,0.4237449895018133,0.3160742506629523,0.3140053523639607,0.3226206725400173,0.4089371352094873,0.4173267900614398,0.524209458316893
Patents And Publications,0.75205191830502,0.6321485013259047,0.5388046387154326,0.4053439219092526,0.6171233131343172,0.8501101279029328,0.7947691787385153
Payment Processing,0.3359419736590952,0.3000026785953446,0.4531668153434433,0.4301608967200231,0.3791962526487973,0.513930213686773,0.6989459444225241
Payroll Experience,0.0038175224279442,0.0160715720676077,0.0214094558429973,0.0579062745584646,0.0185880516004312,0.0231848216700799,0.0338199650527027
Penetration Testing,0.0916205382706623,0.1633943160206787,0.1534344335414808,0.2357612607023204,0.2304918398453474,0.2588971753158932,0.2649230595795051
Performance Management,1.515556403893873,1.3928695791926713,1.3095450490633362,1.5179716259254663,1.5056321796349306,1.5572471888403725,2.034834564004284
Performance Metrics,5.417064325252911,5.930410092947258,6.108831400535236,7.30446291930347,7.171270307446373,7.299354689130182,7.812411927174342
Performance Optimization,0.5955334987593052,0.4794685666836311,0.9562890276538804,0.9389088803408198,1.0632365515446671,2.646933807334132,2.8859703511639703
Performance Tracking,1.2597824012216072,1.0901883052527257,1.0740410347903655,1.2698018778177609,1.3829510390720845,2.4807759186985585,2.953610281269376
Performance Tuning,1.6720748234395877,1.3848337931588677,1.0276538804638715,1.2243040906646814,1.6134428789174318,2.565786931488852,2.6323206132687
Perl,0.954380606986066,0.9803658961240724,0.8706512042818911,0.7486454067915788,0.9405554109818208,0.548707446191893,0.5185727974747759
Personalization,1.5957243748807024,1.2750113840302146,1.295272078501338,1.2532572279439136,1.643183761478122,2.075041539472159,2.1081111549518066
Phd Or Master'S Degree,0.1259782401221607,0.16607291136528,0.1712756467439785,0.1447656863961616,0.1895981263243986,0.2473047644808532,0.2029197903162166
Php,0.939110517274289,0.7633996732113679,1.1382694023193578,1.021632129710055,1.0966950444254433,0.8307894431778662,0.5693027450538302
Physics,5.046764649742317,5.00093750837061,5.020517395182872,3.883856557885594,4.453697163463326,3.4622667027319447,2.947973620427259
Pipeline Management,0.5688108417636953,0.4312538504808079,0.5102586975914363,0.6162882078008024,0.687757909215956,1.422002395764906,1.4993517840031565
Pl/Sql,0.7749570528726857,0.680363217528728,0.5744870651204282,0.5997435579269553,0.5279006654522473,0.5873488156420263,0.5580294233695958
Policy Development,0.4657377362092002,0.5544692363324673,0.7029438001784122,0.5501096083054142,0.6096880924941448,0.3825495575563198,0.434022884843019
Postgresql,3.4052300057262834,3.4741381619478746,3.029438001784121,3.664639947057121,3.7176103200862487,4.420572665095251,3.562369652218026
Power Bi,8.284023668639053,9.905445584335574,9.452274754683318,9.947470736650535,10.30521580727908,12.438656825997914,12.896680006763994
Powerbi,4.058026340904753,4.644684327538639,4.292595896520964,4.144434793398685,4.405368229302205,2.442134549248425,2.339214249478609
Powerpoint,7.299102882229433,8.046500415182278,6.768956289027654,7.035612358853456,6.8143797167180935,5.541172379149117,5.647934163801364
Powershell,0.8474899790036267,0.8812578683738248,0.7564674397859055,1.1912147909169872,1.3643629874716532,1.820008501101279,1.364071923792345
Predictive Analytics,2.7677037602595917,2.683952535290494,2.7653880463871543,2.150804483600116,2.304918398453474,2.287569071447892,1.9897412772673468
Predictive Modeling,7.596869631609086,6.758096054429058,7.011596788581624,5.269470984820284,6.230714896464552,4.443757486765331,4.385322135167127
Presentation Skills,5.329261309410192,5.7268368467575606,5.4986619090098126,5.451462133432601,5.780884047734117,3.802310753893118,3.816019390113297
Pricing Strategy,0.3206718839473182,0.423218064447004,0.4745762711864407,0.5997435579269553,0.6319937544146622,1.0201321534835197,0.9638690040020292
Prioritization,4.3443405230005725,4.055393351726354,3.5325602140945582,4.276791992389461,3.643258113684524,3.813903164728158,5.574657572853841
Problem-Solving,24.80244321435389,27.03238421771623,28.87421944692239,31.32729453612938,31.61084055169337,28.16183005525716,22.557916690152755
Problem-Solving Skills,11.380034357701852,13.272439932499395,14.86886708296164,17.020308557720146,17.082419420796313,14.455736311294872,10.60255904402232
Process Automation,1.664439778583699,1.4598344628077036,1.687778768956289,1.4972908135831575,1.6877950853191568,1.9088836508365856,2.0066512597936983
Process Design,1.6797098682954763,2.145554871025634,1.7948260481712757,1.869545435744716,1.9071340942042452,1.9977588005718925,2.0179245814779323
Process Documentation,0.6718839473181905,0.8571505102724132,0.856378233719893,0.7403730818546552,0.7992862188185434,0.9351211406932262,1.0258722732653176
Process Improvement,6.852452758159954,7.8964990758846065,7.082961641391615,8.272324936923523,6.951931298561285,8.106959310637968,8.674821036018264
Process Optimization,0.5802634090475282,0.5892909758122841,0.7457627118644068,0.901683418124664,0.955425852262166,1.3872251632597858,1.302068654529057
Product Delivery,0.4428326016415346,0.4767899713390298,0.431757359500446,0.6824668072961906,0.5130302241719022,0.6491750067622396,1.0540555774759033
Product Design,0.9963733536934528,0.9884016821578764,0.8884924174843889,1.3649336145923812,0.9702962935425108,1.0549093859886394,1.0709655600022547
Product Development,6.222561557549151,5.292904400932152,5.305976806422836,6.638540761881127,5.680508569091788,5.552764789984157,5.118088044642354
Product Launch,0.2863141820958198,0.1687515067098813,0.2140945584299732,0.4012077594407908,0.2230566192051749,0.3207233664361065,0.3945662589481991
Product Lifecycle Management,1.633899599160145,1.5803712533147618,1.320249776984835,1.919179385366257,1.7212535781999332,3.214961938251092,4.238768953272082
Product Management,4.836800916205383,3.90003482173948,3.957181088314005,5.501096083054143,4.602401576266776,4.946095289617064,6.093230370328618
Product Marketing,0.5726283641916396,0.4125036830685988,0.4067796610169492,0.7693262191338875,0.5427711067325923,0.7071370609374397,0.7778591962121639
Product Roadmap Development,0.0381752242794426,0.0294645487906142,0.0178412132024977,0.0206808123423088,0.0408937135209487,0.0734186019552533,0.0620032692632884
Product Strategy,1.6224470318763122,1.2107250957597837,1.3595004460303302,1.9522686851139512,1.5019145693148443,2.357123536458132,2.8972436728482047
Professional And technical Standards,0.1641534644016033,0.2196448182573058,0.1570026761819803,0.2481697481077056,0.1784452953641399,0.3825495575563198,0.3776562764218477
Professional Development,7.325825539225043,7.746497736586933,8.667261373773417,8.305414236671217,8.491021971076991,8.976390123265968,7.716588692858351
Professional Engineer (Pe) License,0.015270089711777,0.0080357860338038,0.0356824264049955,0.0289531372792323,0.0334584928807762,0.0966034236253332,0.0732765909475226
Professional Oral And Written Communication Skills,2.6913533117007065,2.9759194278520344,2.2194469223907225,2.221119245563966,2.137625934049593,1.503149271610186,1.516261766529508
Program Management,1.8247757205573585,1.7651943320922507,1.8055307760927743,2.436199693923977,1.7547120710807094,2.005487074461919,2.2772109802153206
"Programming In Java, C++, Or Python",0.1641534644016033,0.1821444834328878,0.3211418376449598,0.3019398601977086,0.3197144875274174,0.3361799142161598,0.5298461191590103
Programming Languages,8.230578354647834,8.986687381137331,10.312221231043711,9.691028663605907,10.82196364177107,7.859654546157116,6.589256524434925
Project Coordination,0.2290513456766558,0.2705381298047304,0.2854594112399643,0.3474376473507879,0.2788207740064686,0.5216584875767997,0.4734795107378389
Project Delivery,0.9772857415537316,1.1919749283475745,0.9562890276538804,1.2615295528808372,1.2082233540280307,2.0982263611422387,2.040471224846401
Project Leadership,0.6451612903225806,0.5223260921972518,0.6708296164139161,0.5128841460892584,0.6096880924941448,0.711001197882453,0.7214925877909926
Project Lifecycle Management,0.6337087230387478,0.7794712452789757,0.760035682426405,0.8603217934400463,0.7249340124168184,1.2287955485142394,1.2231554027394171
Project Management,13.872876503149456,15.35102991991,13.983942908117752,15.50233693179468,14.175248150488866,12.50434715406314,12.220280705709936
Prompt Engineering,0.0076350448558885,0.0562505022366271,0.7243532560214094,0.72796459444927,0.6394289750548348,2.859461339309865,3.776562764218477
Proof-Of-Concept Development,0.1297957625501049,0.1125010044732542,0.1748438893844781,0.206808123423088,0.1710100747239674,0.2704895861509332,0.2029197903162166
Proposal Development,0.2939492269517083,0.3883963249671872,0.2676181980374665,0.2853952103238615,0.3531729804081936,0.5409791723018664,0.4960261541063074
Public Cloud Providers,1.4353884329070434,1.5857284440039645,1.784121320249777,1.3566612896554575,1.8141938362020893,1.5456547780053325,1.3246152978975254
Public Speaking,0.3244894063752624,0.358931776176573,0.3211418376449598,0.3557099722877114,0.3866314732889698,0.2318482167007999,0.2254664336846852
Publication Record,0.4199274670738691,0.358931776176573,0.3782337198929527,0.2688505604500145,0.4312427971300048,0.3439081881061865,0.3438363113691449
Pyspark,11.124260355029586,10.781346262020197,9.634255129348796,8.702485833643545,9.814491245027696,9.045944588276209,8.44371794149146
Python,44.470318763122734,42.44502183055206,43.48617305976806,40.35240104231294,49.74906130339418,40.86711233046099,38.31802040471225
Pytorch,6.130941019278488,5.860766613987625,8.335414808206957,5.666542581792613,7.862745826982415,7.724409753081649,6.098867031170735
Qlik,1.7980530635617484,1.9714461736265505,1.3737734165923283,1.4972908135831575,1.405256700992602,1.0317245643185595,0.8004058395806324
Qualitative Research,0.98492078640962,0.9321511799212492,1.0740410347903655,1.0133598047731316,0.9182497490613034,0.5796205417519997,0.7102192661067583
Quality Assurance,4.401603359419736,4.6527201135724425,5.4344335414808205,5.674814906729536,4.858916688352727,4.486262993160477,4.30077222253537
Quality Control,3.0387478526436342,3.626818096590148,3.471900089206066,3.263432187616329,2.7175731439830475,3.114494377680745,2.8803336903218533
Quantitative Analysis,2.859324298530254,2.576808721506442,2.305084745762712,2.2997063324647398,2.6989850923826166,1.6036168321805324,1.7191815568457245
Quantum Computing,0.2366863905325443,0.3428602041089653,0.4032114183764496,0.2316250982338586,0.479571731291126,0.2202558058657598,0.2029197903162166
Query Optimization,0.4581026913533117,0.4687541853052259,0.3104371097234611,0.4549778715307937,0.5018773932116436,0.8964797712430929,0.907502395580858
Quicksight,0.3626646306547051,0.4312538504808079,0.4674397859054415,0.4922033337469496,0.4684189003308673,0.6491750067622396,0.7045826052646412
Rdbms,1.126169116243558,1.05804516111751,0.8849241748438894,0.918228067998511,0.9331201903416484,0.9312570037482129,0.5129361366326588
Rds,0.954380606986066,0.8946508450968312,0.760035682426405,0.8230963312238905,0.9814491245027696,1.3601762046446926,1.172425455160363
React,2.8784119106699757,2.3571639032491363,4.003568242640499,3.648095297183273,3.3049555745566748,5.1122531782526375,4.926441576010372
React Native,0.2099637335369345,0.1205367905070581,0.3247100802854594,0.2564420730446292,0.2081861779248299,0.4636964334015998,0.2931063637900907
Real-Time Data Processing,0.1259782401221607,0.101786623094849,0.1534344335414808,0.1737188236753939,0.2416446708056061,0.4134626531164264,0.2085564511583338
Real-Time Data Streaming,0.4504676464974231,0.4339324458254091,0.3175735950044603,0.4591140339992555,0.4200899661697461,0.618261911202133,0.3832929372639648
Real-Time Systems,0.1336132849780492,0.1312511718854632,0.135593220338983,0.0413616246846176,0.1189635302427599,0.2550330383708798,0.2141931120004509
Recommendation Systems,1.633899599160145,1.4785846302199126,1.5307760927743086,1.145717003763908,1.643183761478122,1.5224699563352526,1.6628149484245534
Redshift,2.729528535980149,2.750917418905526,2.1088314005352364,2.510650618356289,2.948064983828395,2.6314772595540785,2.559044022321177
Regex,0.0954380606986066,0.0562505022366271,0.0892060660124888,0.0868594118376969,0.0929402580021562,0.1120599714053866,0.1352798602108111
Regulatory Knowledge,0.0839854934147738,0.0428575255136206,0.0749330954504906,0.0454977871530793,0.0446113238410349,0.1004675605703466,0.090186573473874
Regulatory Requirements,1.8744035121206335,2.2366271127420783,1.976806422836753,2.361748769491665,2.3718353842150264,3.265195718536265,3.4045431486387465
Regulatory Standards Compliance,0.0114525672838327,0.018750167412209,0.0,0.0041361624684617,0.0074352206401724,0.0463696433401599,0.090186573473874
Reinforcement Learning,1.649169688871922,1.655371922963598,1.6699375557537912,1.1291723538900609,1.8141938362020893,2.190965647822559,1.6797249309509046
Reinforcement Learning (Rl),0.0572628364191639,0.0723220743042348,0.0428189116859946,0.033089299747694,0.0631993754414662,0.0772827389002666,0.1127332168423426
Relational Databases,5.268180950563084,5.630407414351914,4.849241748438894,4.529097902965629,4.914680843154021,4.038023107538932,3.680739529902486
Relationship Building,2.351593815613666,2.3866284520397505,1.955396966993756,2.3700210944285893,2.386705825495372,2.148460141427412,2.2264810326362663
Relationship Management,1.4621110899026533,1.537513727801141,1.3595004460303302,1.6379203375108575,1.5837019963567418,1.5417906410603193,1.5726283749506793
Reliability And Scaling,0.1259782401221607,0.0937508370610451,0.2818911685994648,0.3184845100715556,0.3048440462470724,0.9119363190231462,0.9807789865283806
Remote Work,5.073487306737927,5.14558165697908,5.841213202497769,5.616908632171072,5.661920517491357,4.691062251246184,4.875711628431318
Report Generation,1.198702042374499,1.1732247609353654,1.166815343443354,1.075402241800058,1.0260604483438045,0.8887514973530662,0.9356856997914436
Report Preparation,0.8589425462874595,1.012509040259288,0.9884032114183764,1.0174959672415933,1.0037547864232872,0.6337184589821864,0.7214925877909926
Report Writing,1.1719793853788891,1.3848337931588677,1.2381801962533452,1.1002192166108284,0.9963195657831146,0.5873488156420263,0.4396595456851361
Reporting And Analytics,3.599923649551441,3.586639166421129,2.911685994647636,3.437151011291724,3.494553700881074,3.0140268171103983,3.6581928865340174
Reporting Tools,3.3021569001717883,3.5464602362521096,2.9723461195361285,3.424742523886338,3.2938027435964163,3.7288921519378646,4.22185897074573
Requirement Analysis,3.70681427753388,4.154501379476603,4.035682426404995,4.098937006245605,3.416483884159262,3.759805247497972,3.754016120850008
Requirements Management,0.5153655277724757,0.6026839525352905,0.6137377341659233,0.5459734458369525,0.5018773932116436,0.5293867614668264,0.6369426751592356
Research And Analysis,1.4964687917541517,1.692872257788016,1.7734165923282783,1.6337841750423956,1.5465258931558794,0.9467135515282662,0.9864156473704976
Research And Development,2.634090475281542,2.890204376824793,2.786797502230152,2.361748769491665,2.6134800550206325,1.924340198616639,1.5444450707400936
Research Publication,1.8095056308455808,1.9312672434575309,1.6342551293487957,1.5510609256731605,1.5613963344362245,1.4451872174349858,1.2907953328448227
Resource Management,0.6604313800343578,0.7660782685559693,0.9313113291703836,0.7196922695123464,0.8662032045800959,0.8076046215077862,0.6425793360013528
Responsible Ai,0.1565184195457148,0.1285725765408619,0.3461195361284567,0.4094800843777144,0.4461132384103498,1.6383940646856523,2.6266839524265824
Rest,4.848253483489216,4.679506067018456,5.823371989295272,5.807172105720313,6.096880924941448,7.766915259476796,7.3051124513838
Restful Apis,2.088184768085513,1.850909383119492,2.454950936663693,2.4196550440501303,2.66552659950184,4.061207929209012,3.9851192153768102
Retrieval-Augmented Generation (Rag),0.0,0.0026785953446012,0.360392506690455,0.6907391322331141,0.717498791776646,4.1346265311642645,5.202637957274111
Revenue Growth,1.6682573010116435,1.9098384807007205,2.165923282783229,3.0359432518509326,2.7882077400646863,3.388848100776692,3.61309959979708
Risk Analysis,1.488833746898263,1.454477272118501,1.4380017841213202,1.4228398891508458,1.7101007472396743,1.630665790795626,1.5951750183191478
Risk Management,3.1112807787745758,3.811641175367637,3.093666369313113,3.5943251850932705,4.435109111862895,4.745160168476371,5.18572797474776
Risk Mitigation,0.549723229623974,0.672327431494924,0.656556645851918,0.8355048186292757,0.9070969181010446,1.0780942076587194,1.347161941265994
Rnn,0.6413437678946364,0.5812551897784801,0.5566458519179304,0.3060760226661703,0.598535261533886,0.3245875033811198,0.2141931120004509
Roadmap Strategy Definition,0.1527008971177705,0.1258939811962607,0.1498661909009812,0.1654464987384704,0.1263987508829324,0.2898102708759998,0.5072994757905417
Robotics,1.6682573010116435,1.6821578764096108,1.391614629794826,1.2615295528808372,1.557678724116138,2.1523242783724257,1.5444450707400936
Root Cause Analysis,1.9889291849589616,2.006267913106367,1.8697591436217664,2.080489721636266,1.810476225882003,2.5116890142586654,2.643593934952934
Ruby On Rails,1.0154609658331744,0.9428655612996544,1.0704727921498662,1.0836745667369814,1.3085988326703597,1.1051431662738127,1.0033256298968491
Rust,0.4275625119297576,0.3750033482441807,0.463871543264942,0.5046118211523348,0.5353358860924198,0.8694308126279995,0.7158559269488755
Saas,3.828974995228097,3.543781640907508,3.807314897413024,5.575547007486454,4.810587754191606,6.634723134587889,6.532889916013754
Safety Compliance,0.202328688681046,0.2383949856695149,0.3033006244424621,0.380526947098482,0.2379270604855199,0.6143977742571197,0.5749394058959473
Safety Procedures,0.8856652032830693,0.7500066964883615,0.6208742194469223,0.4053439219092526,0.4684189003308673,0.8191970323428263,0.5862127275801815
Sagemaker,1.5537316281733156,1.5241207510781347,1.655664585191793,0.9844066674938992,1.5056321796349306,2.148460141427412,1.854461417056536
Sales,12.781065088757396,13.044759328208288,12.688670829616417,15.460975307110065,15.286813636194656,16.210054484330925,17.766754974353194
Sales Enablement,0.1870585989692689,0.1955374601558942,0.2069580731489741,0.4177524093146378,0.2936912152868136,0.5255226245218131,0.6651259793698213
Sales Processes,0.8780301584271808,0.699113384940937,0.695807314897413,1.2698018778177609,0.9479906316219934,1.224931411569226,1.4993517840031565
Sales Skills,0.0954380606986066,0.0696434789596335,0.0856378233719892,0.1447656863961616,0.1040930889624149,0.1429730669654932,0.1296431993686939
Sales Strategies,0.2366863905325443,0.377681943588782,0.4032114183764496,0.6204243702692642,0.6096880924941448,0.6028053634220797,0.6143960317907672
Sales Strategy Execution,0.2099637335369345,0.1821444834328878,0.1855486173059768,0.3226206725400173,0.2825383843265548,0.3902778314463465,0.4509328673693704
Sales Support,0.2939492269517083,0.2357163903249136,0.1855486173059768,0.363982297224635,0.2639503327261236,0.3709571467212798,0.479116171579956
Salesforce,3.122733346058408,3.375030134197627,3.182872435325602,3.9955329445340615,3.524294583441764,4.428300938985277,4.864438306747083
Sap,2.4050391296048863,3.147349529906517,2.7725245316681533,2.7505480415270718,2.8067957916651176,3.102901966845705,3.1001634631644213
Sap S/Hana,0.2557740026722657,0.2142876275681033,0.1248884924174843,0.1571741738015469,0.1821629056842262,0.0772827389002666,0.1014598951581083
Sas,8.215308264936057,7.71703318779632,6.597680642283676,4.950986474748728,5.453734339566527,2.623748985664052,2.7901471168479794
Scala,4.4665012406947895,4.885757908552755,3.486173059768064,3.3337469495801795,3.788244916167888,2.8517330654198383,2.3223042669522576
Scalability,3.0425653750715784,3.1982428414539417,4.56378233719893,5.761674318567233,5.520651325328079,10.25541945206538,10.050166281494842
Scalable Solutions,0.8742126359992365,0.7848284359681783,0.9884032114183764,1.0629937543946726,1.211940964348117,2.218014606437652,2.316667606110141
Scalable Systems,0.2634090475281542,0.1928588648112929,0.2925958965209634,0.3391653224138644,0.3122792668872449,1.1012790293287995,1.008962290738966
Scalable Tools,0.087803015842718,0.0642862882704309,0.0642283675289919,0.0413616246846176,0.0297408825606899,0.1120599714053866,0.1014598951581083
Schema Design,0.4122924222179805,0.441968231859213,0.431757359500446,0.4177524093146378,0.6096880924941448,0.780555662892693,0.8905924130545065
Scientific Thinking,0.0381752242794426,0.0428575255136206,0.0535236396074933,0.0372254622161558,0.0334584928807762,0.0579620541751999,0.0958232343159912
Scikit-Learn,3.657186485970605,3.4794953526370773,3.853702051739518,2.643007817347065,3.821703409048664,3.8409521233432513,3.038160193901133
Scipy,1.0345485779728956,1.0339378030160984,1.0133809099018734,0.5583819332423378,0.8736384252202685,0.5912129525870397,0.5749394058959473
Scripting And software Development Methodologies,0.0076350448558885,0.0053571906892025,0.0071364852809991,0.0041361624684617,0.0037176103200862,0.0077282738900266,0.0112733216842342
Scripting Languages,3.6151937392632174,3.227707390244556,2.95807314897413,2.874632915580924,3.5131417524815047,2.809227559024692,2.51395073558424
Scrum,4.474136285550678,4.625934160126429,4.599464763603925,5.013028911775654,4.349604074500911,4.339425789249971,4.751705089904741
Sdlc,2.2065279633517845,2.2714488522218947,2.190900981266726,2.498242130950904,2.145061154689765,2.681711039839252,2.6210472915844654
Security And Compliance Standards,0.923840427562512,1.0232234216376932,1.487957181088314,1.8075029987177895,1.7918881742815718,3.8911859036284246,3.8780226593765854
Security Assessments,0.0763504485588852,0.08303645568264,0.1106155218554861,0.1695826612069322,0.1301163612030187,0.2241199428107732,0.1803731469477481
Security Certifications,0.1030731055544951,0.1125010044732542,0.1891168599464763,0.190263473549241,0.1635748540837949,0.2511689014258665,0.3212896680006764
Security Clearance,3.4586753197175035,4.853614764417539,4.802854594112399,3.7308185465525088,3.2938027435964163,4.273735461184744,2.998703568006313
Security Engineering,0.1030731055544951,0.0750006696488361,0.1462979482604817,0.2192166108284733,0.1412691921632774,0.3400440511611731,0.3889295981060819
Security Frameworks,0.0763504485588852,0.1098224091286529,0.1284567350579839,0.1695826612069322,0.2081861779248299,0.5100660767417597,0.3607462938954963
Security Services Best Practices,0.274861614811987,0.3294672273859588,0.5316681534344335,0.761053894196964,0.8290271013792334,1.634529927740639,1.3133419762132912
Security Tooling,0.0916205382706623,0.1633943160206787,0.1784121320249777,0.3102121851346321,0.3940666939291423,0.4559681595115731,0.3776562764218477
Self-Motivated,5.020041992746707,5.480406075054241,4.460303300624442,4.826901600694876,4.8626342986728135,3.265195718536265,2.260300997688969
Self-Starter,5.424699370108799,5.764337181581978,4.781445138269403,5.244654010009513,5.3793821331648015,3.242010896866185,2.559044022321177
Server Systems,0.1717885092574919,0.1928588648112929,0.3140053523639607,0.293667535260785,0.3048440462470724,0.3129950925460798,0.3381996505270278
Serverless,0.6108035884710823,0.6857204082179306,0.7671721677074042,0.7403730818546552,0.8699208149001821,1.1978824529541328,1.1160588467391916
Service-Oriented Architecture,0.7062416491696889,0.6830418128733292,0.5780553077609277,0.7072837821069612,0.6728874679356109,0.5757564048069863,0.6087593709486501
Servicenow,0.5649933193357511,0.7151849570085447,0.8099910793933988,0.9099557430615874,0.8922264768206997,1.143784535723946,1.3415252804238769
Sharepoint,1.656804733727811,2.2741274475664963,1.9875111507582517,2.18389378334781,1.7138183575597603,2.299161482282932,2.378670875373429
Shell Scripting,1.5079213590379843,1.604478611416173,1.2774308652988404,1.1912147909169872,1.7249711885200194,1.190154179064106,0.9638690040020292
software Architecture,2.141630082076732,2.0089465084509683,2.4585191793041927,2.4320635314555155,2.5763039518197703,3.497043935237065,3.460909757059918
software Design,2.4546669211681618,1.9821605550049557,2.312221231043711,2.1342598337262686,2.119037882449162,2.1986939217125854,1.78682148695113
software Development,13.40332124451231,12.010821525192188,14.47279214986619,14.096041692517682,14.283058849771368,13.435604157811351,12.440110478552503
software Development And Modernization Initiatives,0.0,0.0,0.0,0.0,0.0,0.0038641369450133,0.0112733216842342
software Development Life Cycle,2.6226379079977096,2.6625237725336834,3.0829616413916145,3.362700086859412,3.2677794713558126,3.512500483017118,3.393269826954512
software Development Tools And Methodologies,0.0076350448558885,0.0133929767230064,0.0321141837644959,0.0041361624684617,0.0185880516004312,0.0463696433401599,0.045093286736937
software Engineering Best Practices,1.0612712349685054,0.9910802775024776,1.1097234611953612,0.918228067998511,0.988884345142942,1.294485876579466,1.3415252804238769
software Engineering Principles,0.2519564802443214,0.3348244180751614,0.431757359500446,0.4425693841254084,0.3531729804081936,0.5062019397967464,0.5805760667380644
software Solutions Implementation,2.702805878984539,2.7750247770069376,3.4362176628010705,3.399925549075568,3.394178222238745,3.357935005216585,3.049433515585368
software Testing,0.8894827257110135,0.9053652264752364,1.0526315789473684,1.1043553790792902,0.988884345142942,1.2558445071293327,0.9864156473704976
Solution Architecture,0.4810078259209773,0.551790640987866,0.4531668153434433,0.4342970591884849,0.643146585374921,0.8887514973530662,0.9695056648441464
Solution Deployment,0.0534453139912197,0.0589290975812284,0.0463871543264942,0.0785870869007734,0.0706345960816387,0.1197882452954132,0.0845499126317569
Solution Design,1.733155182286696,2.0544826293091902,1.976806422836753,2.0970343715101127,2.1116026618089894,2.7358089570694384,3.252353305901584
Source Control Management,1.0574537125405612,0.9026866311306352,1.031222123104371,1.0423129420523638,1.048366110264322,1.3138065613045329,1.5331717490558594
Spark Mllib,0.0954380606986066,0.1232153858516593,0.1748438893844781,0.0413616246846176,0.1226811405628462,0.3052668186560531,0.3269263288427935
Specimen Collection,0.0076350448558885,0.0080357860338038,0.0071364852809991,0.0041361624684617,0.0148704412803449,0.0270489586150933,0.0394566258948199
Speech Recognition,0.4504676464974231,0.4366110411700104,0.4246208742194469,0.2812590478553997,0.4423956280902635,0.1970709841956799,0.2254664336846852
Splunk,0.5688108417636953,0.6964347895963356,0.5709188224799286,0.7072837821069612,0.7769805568980259,0.8037404845627729,0.6143960317907672
Spotfire,0.606986066043138,0.5437548549540621,0.5173951828724354,0.363982297224635,0.4015019145693148,0.2395764905908265,0.174736486105631
Spring,1.3246802824966597,1.1544745935231564,1.584299732381802,1.2780742027546843,1.1115654857057884,1.634529927740639,1.347161941265994
Spring Boot,0.3855697652223707,0.377681943588782,0.6636931311329171,0.4922033337469496,0.3754786423287111,0.8501101279029328,0.783495857054281
Sql,43.05020041992746,42.45305761658586,40.20338983050848,38.036150059974354,41.49596639280271,34.83133042235017,34.83456400428386
Sql Databases,20.648978812750524,20.91715104599148,18.829616413916145,18.43487612193407,18.66240380683297,14.343676339889486,12.94177329350093
Sql Server,5.890437106317999,5.965231832427075,4.952720785013381,5.120569135955661,5.316182757723335,4.316240967579891,4.0527591454822165
Sql/Nosql Databases,0.4886428707768658,0.6080411432244931,0.5138269402319358,0.4549778715307937,0.5687943789731961,0.5873488156420263,0.3776562764218477
Ssis,1.656804733727811,1.9018026946669169,1.352363960749331,1.3277081523762253,1.5651139447563107,0.9273928668031995,0.8905924130545065
Stakeholder Management,2.1836228287841197,2.2393057080866794,2.308652988403211,2.6057823551309096,2.8328190639057214,6.6463155454229295,8.128064934332901
Statistical Analysis,10.792135903798435,11.16170680095358,10.768956289027654,8.810026057823551,9.241979255734414,5.363422079678504,5.3773744433797415
Statistical Methodologies,4.031303683909143,3.846462914847454,3.818019625334523,2.9284030276709268,2.9220417115877915,1.4374589435449592,1.3302519587396426
Statistical Modeling,5.585035312082458,5.437548549540621,5.591436217662801,3.813541795921744,4.948139336034797,3.234282622976158,3.111436784848656
Statistical/Mathematical software,1.7675128841381944,1.738408378646238,1.5593220338983051,1.4517930264300782,1.2825755604297555,0.6491750067622396,0.6594893185277042
Statistics,26.963160908570337,26.405592907079527,25.341659232827837,20.118294246598005,23.32800475854121,13.748599250357431,13.482892734344174
Storage Systems,0.404657377362092,0.4687541853052259,0.5566458519179304,0.6204243702692642,0.5427711067325923,0.5796205417519997,0.6143960317907672
Storytelling,2.271425844626837,2.0812685827552038,2.1159678858162354,2.1590768085370398,2.587456782780029,3.524092893852158,4.278225579166902
Strategic Leadership,0.2099637335369345,0.230359199635711,0.328278322925959,0.3846631095669438,0.5502063273727648,0.9312570037482129,0.9413223606335608
Strategic Planning,23.11128077877457,23.105563442530737,22.230151650312223,25.49944161806676,25.744451466597276,29.038989141775183,29.727749281325742
Strategic Thinking,1.805688108417637,1.7035866391664212,1.834076717216771,2.2955701699962776,2.245436633332094,2.7937710112446386,2.6886872216898707
Strategic Vision,1.3208627600687155,1.0044732542254842,0.9741302408563782,1.4435207014931546,1.2677051191494109,1.4451872174349858,1.5444450707400936
Strategy Development,0.794044665012407,0.846436128894008,0.8349687778768956,1.0547214294577492,1.1784824714673408,0.9003439081881062,0.913139056422975
Streaming Technologies,0.4962779156327543,0.4794685666836311,0.39964317573595,0.5418372833684907,0.4870069519312985,0.7766915259476795,0.6989459444225241
Stress Management,0.0648978812750524,0.08303645568264,0.0677966101694915,0.0620424370269264,0.0929402580021562,0.0540979172301866,0.1014598951581083
Subject Matter Expertise,1.7522427944264172,1.960731792248145,1.8661909009812667,1.9026347354924105,1.914569314844418,1.317670698249546,1.2344287244236514
Supervised Fine-Tuning,0.0,0.0,0.0,0.016544649873847,0.0111528309602587,0.0618261911202133,0.0676399301054055
Supervisory Skills,1.0574537125405612,1.2294752631719923,0.9562890276538804,1.145717003763908,0.8624855942600097,0.7921480737277329,0.9695056648441464
Supplier Management,0.145065852261882,0.1392869579192671,0.1141837644959857,0.1323571989907763,0.1115283096025874,0.1584296147455466,0.1972831294740995
Supply Chain Management,3.958770757778202,4.492004392896365,4.010704727921499,4.657318939487944,4.21205249265772,4.652420881796051,4.762978411588975
Swift,0.5153655277724757,0.4982187340958401,0.5102586975914363,0.6783306448277289,0.4870069519312985,0.5873488156420263,0.8004058395806324
System Administration,0.6604313800343578,0.7366137197653551,0.7493309545049064,1.0174959672415933,0.8550503736198372,1.0549093859886394,0.7665858745279297
System Integration,1.3246802824966597,1.3767980071250636,1.5771632471008028,1.728915911817016,1.4573032454738095,2.936744078210132,2.761963812637393
Systems Analysis,1.500286314182096,1.8964455039777144,1.891168599464764,1.728915911817016,1.5837019963567418,1.4761003129950925,1.2907953328448227
Systems Design,2.133995037220844,2.472343503066992,2.422836752899197,2.696777929437068,2.4870813041377,4.142354805054291,4.785525054957443
Systems Development,1.7560603168543616,1.9821605550049557,1.9661016949152543,1.778549861438557,1.6840774749990706,1.7156768035859191,1.4711684797925708
Systems Engineering,1.0956289368200038,1.3580478397128546,1.462979482604817,1.418703726682384,1.2193761849882896,1.773638857761119,1.690998252635139
T-Sql,1.1643443405230005,1.1571531888677578,0.9455842997323818,1.0257682921785167,0.8847912561805271,0.6684956914873064,0.5298461191590103
Tableau,17.560603168543615,17.118902847346853,15.218554861730595,14.596517351201555,15.442953269638275,11.766296997565592,11.80316780339327
Tcp/Ip,0.2672265699560985,0.24910936704792,0.3389830508474576,0.5170203085577202,0.5018773932116436,0.6684956914873064,0.6538526576855871
Team Building,1.1719793853788891,1.379476602469665,1.3702051739518286,1.2573933904123753,1.319751663630618,1.166969357394026,1.1780621160024802
Team Development,0.3512120633708723,0.2973240832507433,0.3710972346119536,0.4177524093146378,0.5539239376928511,0.595077089532053,0.8116791612648667
Team Management,1.2674174460774956,0.97500870543487,1.0383586083853702,1.5014269760516192,1.4424328041934644,1.1862900421190927,1.1216955075813089
Team Player,5.184195457148311,6.332199394637452,5.891168599464764,5.029573561649501,6.200974013903863,4.227365817844585,3.359449861901809
technical Architecture,0.6871540370299676,0.551790640987866,0.7350579839429081,0.5459734458369525,0.8624855942600097,0.8037404845627729,1.0202356124232006
technical Communication,0.2252338232487115,0.2276806042911097,0.2283675289919714,0.206808123423088,0.2490798914457786,0.2357123536458132,0.304379685474325
technical Customer-Facing Engagements,0.0038175224279442,0.0,0.0035682426404995,0.0124084874053852,0.0074352206401724,0.0038641369450133,0.0112733216842342
technical Depth,0.1946936438251574,0.1607157206760774,0.1534344335414808,0.1778549861438557,0.2193390088850886,0.8926156342980796,1.0371455949495518
technical Design,1.3743080740599352,1.4410842953954943,1.623550401427297,1.5841502254208546,1.7993233949217442,1.8045519533212255,2.175751085057212
technical Excellence,0.6184386333269708,0.5544692363324673,0.6779661016949152,0.8189601687554288,0.7806981672181122,2.8749178870899184,2.733780508426808
technical Expertise,6.447795380797862,6.803632175287279,6.793933987511151,6.824668072961906,6.725157069036023,8.265388925383515,7.727862014542585
technical Expertise In Security Solutions,0.0190876121397213,0.0401789301690193,0.0249776984834968,0.0124084874053852,0.0334584928807762,0.0579620541751999,0.090186573473874
technical Guidance,0.7787745753006299,1.0526879704283074,1.2381801962533452,1.331844314844687,1.5167850105951894,2.245063565052745,2.4970407530578886
technical Leadership,2.095819812941401,1.9473388155251383,2.24442462087422,2.047400421888572,2.2082605301312315,4.2196375439545575,4.441688743588299
technical Presentations,11.967932811605268,13.181367690782954,12.196253345227476,11.643297348719855,12.033904606119188,8.617025387379728,8.330984724649118
technical Problem Solving,0.1221607176942164,0.0937508370610451,0.1106155218554861,0.0951317367746205,0.0817874270418974,0.1468372039105066,0.1014598951581083
technical Proficiency,0.7673220080167971,0.7660782685559693,0.9705619982158786,1.0009513173677462,1.2453994572288931,1.394953437149813,1.364071923792345
technical Roadmaps,0.1145256728383279,0.147322743953071,0.135593220338983,0.0909955743061587,0.1933157366444849,0.2550330383708798,0.3776562764218477
technical Sales,0.0992555831265508,0.1500013392976723,0.2247992863514719,0.1861273110807792,0.1635748540837949,0.2782178600409598,0.3832929372639648
technical Solutions,2.9394922695170838,2.997348190608845,3.3006244424620874,3.5695082102825,3.52801219376185,4.779937400981491,4.751705089904741
technical Specifications,2.2866959343386144,2.429485977553371,2.7082961641391616,3.12280266368863,2.7435964162236512,2.936744078210132,2.8859703511639703
technical Strategy,0.7329643061652987,0.6642916454611202,0.7528991971454059,0.6824668072961906,0.8253094910591472,1.4606437652150392,1.781184826109013
technical Support,2.6951708341286507,2.686631130635095,2.8367528991971454,3.118666501220168,2.8997360496672737,3.798446616948105,2.6266839524265824
technical Training,0.4428326016415346,0.4339324458254091,0.463871543264942,0.4425693841254084,0.3085616565671586,0.5525715831369064,0.3438363113691449
technical Writing,1.137621683527391,1.1276886400771435,1.223907225691347,0.9885428299623608,0.9740139038625972,0.958305962363306,0.738402570317344
Telemetry,0.4962779156327543,0.4339324458254091,0.5138269402319358,0.4591140339992555,0.5316182757723336,1.085822481548746,1.392255228002931
Tensorflow,7.509066615766367,7.017919802855382,8.820695807314898,5.583819332423378,8.104390497788021,6.851114803508636,5.388647765063976
Terraform,1.2368772666539416,1.7223368065786302,1.834076717216771,2.006038797203954,2.420164318376148,4.482398856215465,3.5567329913759087
Test Plans Creation,2.126359992364955,2.3544853079045347,2.301516503122212,2.361748769491665,1.988921521246143,2.245063565052745,1.8319147736880672
Test-Driven Development (Tdd),0.6108035884710823,0.5919695711568853,0.727921498661909,0.72796459444927,0.6505818060150935,0.5525715831369064,0.4002029197903162
Testing Frameworks,0.3435770185149838,0.2812525111831355,0.463871543264942,0.4922033337469496,0.509312613851816,1.394953437149813,1.2738853503184713
Thought Leadership,2.4928421454476046,2.418771596174966,2.08028545941124,2.026719609546263,2.527975017658649,2.3609876734031454,2.6830505608477537
Threat Intelligence,0.1756060316854361,0.1553585299868748,0.1320249776984835,0.1985357984861645,0.2416446708056061,0.3748212836662931,0.2987430246322078
Threat Modeling,0.0648978812750524,0.1232153858516593,0.1320249776984835,0.2192166108284733,0.2044685676047436,0.2782178600409598,0.3720196155797305
Time Management,5.275815995418973,6.05898266948812,5.552185548617306,5.674814906729536,5.316182757723335,4.733567757641331,3.601826278112846
Top Secret Clearance,0.2634090475281542,0.3482173947981678,0.3853702051739518,0.2026719609546263,0.1747276850440536,0.3323157772711465,0.1578265035792796
Training And Development,1.3933956861996564,1.6875150670988135,1.7734165923282783,1.7371882367539395,1.7212535781999332,1.7195409405309323,1.815004791161716
Transformer Models,0.0992555831265508,0.1098224091286529,0.1605709188224799,0.1943996360177027,0.2453622811256924,0.2936744078210132,0.2367397553689194
Transformers,0.7596869631609086,0.5946481665014867,0.9991079393398752,0.8189601687554288,0.8885088665006134,1.762046446926079,1.4937151231610395
Troubleshooting,5.890437106317999,6.040232502075911,6.337198929527208,7.2796459444926995,6.661957693594557,8.504965415974342,7.863141874753396
Tssci Security Clearance,0.0267226569956098,0.0964294324056464,0.1141837644959857,0.0661785994953881,0.0557641548012937,0.2009351211406932,0.1860098077898652
Typescript,1.317045237640771,1.1250100447325422,2.0124888492417483,1.853000785870869,1.8662403806832968,3.825495575563198,3.8780226593765854
Ui Design,0.5268180950563085,0.551790640987866,0.5459411239964318,0.7817347065392729,0.539053496412506,0.7766915259476795,0.7102192661067583
Unix,2.5539225042947127,2.2607344708434898,2.112399643175736,1.790958348843943,2.182237257890628,1.9050195138915724,1.645904965898202
Unstructured Data,4.329070433288796,4.151822784132001,3.9143621766280106,3.093849526409397,3.1339454998327074,2.693303450674292,2.5759540048475285
Unsupervised Learning,1.1528917732391677,1.3098331235100311,1.320249776984835,0.8106878438185052,1.059518941224581,0.7496425673325863,0.7271292486331098
Us Citizenship,0.9925558312655088,1.0366163983606995,1.0704727921498662,1.1746701410431402,0.7769805568980259,1.1592410835039997,0.4960261541063074
Us Government Security Clearance (Ts/Sci With Polygraph),0.0,0.0026785953446012,0.0035682426404995,0.0,0.0,0.0,0.0
User Experience Design,3.638098873830884,3.388423110920633,4.139161462979483,4.686272076767176,4.189746830737202,4.443757486765331,4.334592187588073
User Research,0.591715976331361,0.5276832828864544,0.6208742194469223,0.8230963312238905,0.6766050782556973,0.687816376212373,0.7553125528436954
Ux Design,0.3092193166634854,0.3321458227305601,0.3710972346119536,0.4591140339992555,0.4238075764898323,0.5564357200819197,0.3776562764218477
Valid Driver'S License,0.4084748997900362,0.5464334502986634,0.495985727029438,0.5625180957107995,0.3606082010483661,0.5216584875767997,0.4002029197903162
Vba,1.3246802824966597,1.6634077089974018,1.5022301516503125,1.3938867518716136,1.6692070337187257,1.503149271610186,1.4035285496871652
Vector Databases,0.0305401794235541,0.0241073581014116,0.2818911685994648,0.3143483476030938,0.2936912152868136,1.9397967463966923,2.4463108054788343
Vendor Management,0.5649933193357511,0.7098277663193422,0.6779661016949152,0.6700583198908053,0.732369233056991,0.9814907840333862,1.0766022208443715
Verbal And Written Communication,17.113953044474137,17.90373128331503,15.77163247100803,15.605740993506226,15.714338823004573,13.354457281966074,12.659940251395074
Version Control Systems,2.931857224661195,2.8553826373449764,3.6966993755575377,3.3668362493278736,3.896055615450389,5.251362108273117,4.847528324220732
Virtualization,0.7482343958770757,0.800900008035786,0.9848349687778768,0.8561856309715845,0.8736384252202685,0.958305962363306,0.7271292486331098
Visualization Tools,5.966787554876885,6.350949562049661,6.88314005352364,6.828804235430368,7.279081006728875,5.645504076664477,5.022264810326362
Vmware,0.3359419736590952,0.3910749203117885,0.4388938447814451,0.4591140339992555,0.4684189003308673,0.5448433092468797,0.4734795107378389
Vue,0.6909715594579118,0.6160769292582969,0.9348795718108832,0.8520494685031228,0.9219673593813896,1.2674369179643727,1.4429851755819851
Vulnerability Management,0.1297957625501049,0.147322743953071,0.135593220338983,0.277122885386938,0.3011264359269861,0.2666254492059198,0.3381996505270278
Warehousing,3.985493414773812,4.462539844105751,3.957181088314005,4.859990900442569,4.936986505074538,4.331697515359944,4.328955526745956
Web Content Accessibility Guidelines (Wcag) Aa Standards,0.0076350448558885,0.0133929767230064,0.0321141837644959,0.033089299747694,0.0446113238410349,0.2395764905908265,0.2818330421058564
Web Development,1.2177896545142202,1.012509040259288,1.648528099910794,1.4435207014931546,1.527937841555448,1.2210672746242126,1.048418916633786
Web Services,2.6188203855697654,2.2366271127420783,2.633363068688671,2.4858336435455186,2.472210862857356,2.963793036825225,3.381996505270278
Willingness To Travel,0.7291467837373544,0.8062571987249886,0.6529884032114184,0.7817347065392729,0.7249340124168184,1.259708644074346,1.0709655600022547
Work Ethic,1.9278488261118532,1.960731792248145,1.8590544157002675,1.840592298465484,1.9182869251645045,1.4490513543799992,1.0709655600022547
Work-Life Balance,2.294330979194503,2.705381298047304,3.04014272970562,3.4867849609132646,3.3607197293579687,3.350206731326558,2.6830505608477537
Workflow Automation,0.2710440923840427,0.3000026785953446,0.3818019625334523,0.3515738098192497,0.4609836796906948,1.4761003129950925,2.294120962741672
Writing Skills,1.6415346440160337,1.7035866391664212,1.7056199821587867,1.4311122140877697,1.4758912970742406,1.166969357394026,1.0991488642128404
Xml,1.733155182286696,1.7866230948490611,1.5593220338983051,1.4062952392769987,1.3383397152310494,1.224931411569226,1.048418916633786
Snowflake,4.993319335751098,5.499156242466451,4.585191793041927,5.385283533937213,5.706531841332391,7.082963020209436,7.417845668226143
Vertex AI,0.1374308074059935,0.1955374601558942,0.3033006244424621,0.2647143979815527,0.494442172571471,1.0626376598786662,0.9751423256862636
AWS Bedrock,0.0,0.0,0.0642283675289919,0.0703147619638499,0.0743522064017249,0.664631554542293,0.6707626402119384
GPT-4,0.0,0.1044652184394503,0.4674397859054415,0.5501096083054142,0.5725119892932823,0.9428494145832528,1.1611521334761288
BERT,0.4084748997900362,0.3642889668657756,0.6137377341659233,0.3102121851346321,0.4832893416112123,0.2588971753158932,0.2311030945268023
Llama,0.0,0.0080357860338038,0.2854594112399643,0.2853952103238615,0.3829138629688836,0.6259901850921596,0.5129361366326588
Mistral,0.0,0.0,0.039250669045495,0.0413616246846176,0.0966578683222424,0.2434406275358398,0.2536497378952708
Gemini,0.0343577018514983,0.0589290975812284,0.0321141837644959,0.103404061711544,0.1635748540837949,0.7689632520576529,1.3189786370554084
LangGraph,0.0,0.0,0.0,0.0,0.0,1.004675605703466,1.3584352629502283
CrewAI,0.0,0.0,0.0,0.0,0.0,0.3593647358862398,0.6256693534750014
AutoGen,0.0,0.0,0.0142729705619982,0.033089299747694,0.0297408825606899,0.4675605703466131,0.5974860492644157
Pinecone,0.0038175224279442,0.0,0.0927743086529884,0.0992678992430822,0.0855050373619837,0.815332895397813,0.7947691787385153
Weaviate,0.0038175224279442,0.0,0.039250669045495,0.033089299747694,0.0557641548012937,0.5796205417519997,0.5580294233695958
ChromaDB,0.0,0.0,0.0035682426404995,0.0206808123423088,0.0297408825606899,0.0540979172301866,0.0845499126317569
Qdrant,0.0,0.0,0.0,0.0082723249369235,0.0,0.1854785733606399,0.1972831294740995
SHAP,0.0572628364191639,0.0401789301690193,0.0356824264049955,0.0289531372792323,0.0408937135209487,0.0425055063951466,0.1240065385265768
Diffusion Models,0.015270089711777,0.0482147162028232,0.1462979482604817,0.1695826612069322,0.1672924644038811,0.4327833378414931,0.2987430246322078
Stable Diffusion,0.0038175224279442,0.0160715720676077,0.0785013380909901,0.0620424370269264,0.0483289341611212,0.1081958344603732,0.0169099825263513
Vision Language Models,0.0076350448558885,0.0053571906892025,0.0535236396074933,0.0496339496215411,0.0297408825606899,0.3400440511611731,0.2649230595795051
Weights & Biases,0.0496277915632754,0.0589290975812284,0.0749330954504906,0.0579062745584646,0.0929402580021562,0.2395764905908265,0.174736486105631
Feature Stores,0.145065852261882,0.1205367905070581,0.1141837644959857,0.0951317367746205,0.1635748540837949,0.595077089532053,0.7553125528436954
Data Drift Monitoring,0.0,0.0,0.0035682426404995,0.0,0.0,0.0077282738900266,0.0
ML Embeddings,0.0229051345676655,0.0241073581014116,0.0285459411239964,0.0496339496215411,0.0371761032008624,0.0154565477800533,0.0112733216842342
Milvus,0.015270089711777,0.0214287627568103,0.0142729705619982,0.0537701120900028,0.0631993754414662,0.3168592294910932,0.2592863987373879
Pandas,4.100019087612139,3.7553906731310094,4.092774308652988,2.924266865202465,3.844009070969181,3.010162680165385,2.4970407530578886
NumPy,3.2487115861805687,2.665202367878285,3.090098126672613,2.0722173966993425,2.866277556786497,2.275976660612852,1.9841046164252296
AWS S3,0.3015842718075969,0.3080384646291484,0.335414808206958,0.2978036977292468,0.2788207740064686,0.3902778314463465,0.2367397553689194
Redis,0.8436724565756824,0.8250073661371976,0.7636039250669046,0.8272324936923522,0.9479906316219934,1.340855519919626,1.0371455949495518
AWS Athena,0.072532926130941,0.0669648836150322,0.0677966101694915,0.0661785994953881,0.0817874270418974,0.0193206847250666,0.0338199650527027
Jenkins,1.805688108417637,1.8080518576058715,2.0124888492417483,1.8571369483393307,2.1748020372504557,2.318482167007999,1.86573473874077
Helm,0.1756060316854361,0.2223234136019071,0.3318465655664585,0.3722546221615585,0.3680434216885386,0.6221260481471463,0.4396595456851361
Grafana,0.3626646306547051,0.3267886320413575,0.4495985727029438,0.4549778715307937,0.4758541209710398,1.1940183160091191,1.082238881686489
Prometheus,0.2214163008207673,0.2464307717033187,0.3068688670829616,0.4012077594407908,0.3829138629688836,1.0201321534835197,0.7553125528436954
Datadog,0.217598778392823,0.3187528460075536,0.2533452274754683,0.4591140339992555,0.4126547455295736,1.0317245643185595,0.64821599684347
Arize AI,0.0,0.0026785953446012,0.0,0.0,0.0037176103200862,0.0038641369450133,0.0
Anthropic,0.0114525672838327,0.0080357860338038,0.071364852809991,0.1571741738015469,0.0817874270418974,0.7148653348274663,1.1047855250549574
Cohere,0.0229051345676655,0.0214287627568103,0.0820695807314897,0.103404061711544,0.1115283096025874,0.1043316975153599,0.1014598951581083
Flask,0.7062416491696889,0.5758979990892776,0.8884924174843889,0.6452413450800347,0.8624855942600097,0.9080721820781328,0.738402570317344
Ray,0.2519564802443214,0.2892882972169394,0.3389830508474576,0.2440335856392439,0.3345849288077623,0.7303218826075196,0.6651259793698213
Knowledge Graphs,0.2710440923840427,0.2464307717033187,0.2604817127564674,0.1861273110807792,0.2416446708056061,0.5255226245218131,0.5411194408432445
Data Lineage,0.5878984539034167,0.7258993383869499,0.5709188224799286,0.6659221574223435,0.7732629465779397,1.0124038795934929,1.0371455949495518
Segment Anything Model (SAM),0.0,0.0,0.0,0.0,0.0,0.0038641369450133,0.0
Microsoft Power Platform,0.606986066043138,0.8705434869954196,0.9348795718108832,1.1167638664846755,0.955425852262166,1.688627844970826,2.113747815793924
ControlNet,0.0076350448558885,0.0053571906892025,0.0035682426404995,0.0041361624684617,0.0037176103200862,0.0347772325051199,0.0169099825263513
IP-Adapter,0.0,0.0,0.0,0.0,0.0,0.0038641369450133,0.0112733216842342
FAISS,0.015270089711777,0.0053571906892025,0.0285459411239964,0.0413616246846176,0.0371761032008624,0.4946095289617064,0.4227495631587847
LlamaIndex,0.0,0.0,0.1748438893844781,0.1654464987384704,0.1933157366444849,0.7998763476177596,0.918775717265092
OpenAI,0.1221607176942164,0.1339297672300645,0.6636931311329171,0.7403730818546552,0.7658277259377672,2.299161482282932,2.745053830111042
Jupyter Notebook,1.5193739263218171,1.4571558674631024,1.4701159678858162,0.9761343425569756,1.360645377151567,0.8076046215077862,0.5185727974747759
NVIDIA NIM,0.015270089711777,0.0214287627568103,0.0035682426404995,0.0,0.0037176103200862,0.0309130955601066,0.0281833042105856
Semantic Search,0.0839854934147738,0.0508933115474245,0.1712756467439785,0.1613103362700086,0.1598572437637087,0.5796205417519997,0.7271292486331098
Random Forest,1.4277533880511548,1.205367905070581,0.9669937555753793,0.5459734458369525,0.7992862188185434,0.2859461339309865,0.3156530071585592
XGBoost,0.8360374117197938,0.6294699059813034,0.7457627118644068,0.467386358936179,0.7286516227369048,0.6955446501023996,0.6087593709486501
Gradient Boosting,0.7482343958770757,0.5892909758122841,0.6280107047279215,0.2895313727923232,0.5502063273727648,0.3323157772711465,0.3663829547376134
Decision Tree,2.069097155945791,1.6580505183081993,1.4487065120428189,0.8768664433138934,1.316034053310532,0.606669500367093,0.5467561016853616
Linear Regression,1.137621683527391,0.993758872847079,0.9313113291703836,0.5873350705215701,0.643146585374921,0.2511689014258665,0.1916464686319824
Logistic Regression,1.1032639816758922,0.7982214126911847,0.856378233719893,0.4425693841254084,0.6022528718539722,0.3207233664361065,0.2931063637900907
Support Vector Machine,0.7825920977285742,0.6133983339136957,0.567350579839429,0.3515738098192497,0.5353358860924198,0.1893427103056532,0.2536497378952708
K-Nearest Neighbors,0.3435770185149838,0.2919668925615407,0.3496877787689563,0.1943996360177027,0.3308673184876761,0.0811468758452799,0.0394566258948199
Naive Bayes,0.2366863905325443,0.1794658880882865,0.2033898305084746,0.0868594118376969,0.2044685676047436,0.0579620541751999,0.0281833042105856
Classification (ML),0.0419927467073869,0.0267859534460129,0.0214094558429973,0.0248169748107705,0.0334584928807762,0.0231848216700799,0.0225466433684685
Clustering (ML),0.404657377362092,0.3267886320413575,0.2925958965209634,0.1323571989907763,0.2565151120859511,0.1081958344603732,0.0958232343159912
Weak Supervision,0.0267226569956098,0.0267859534460129,0.0071364852809991,0.0124084874053852,0.0111528309602587,0.0347772325051199,0.0620032692632884
Talend,0.4008398549341477,0.551790640987866,0.2676181980374665,0.3060760226661703,0.4163723558496598,0.7032729239924262,0.5354827800011274
Apache Beam,0.2863141820958198,0.3187528460075536,0.2925958965209634,0.2481697481077056,0.3717610320086248,0.2357123536458132,0.3720196155797305
Apache Hudi,0.0267226569956098,0.0535719068920258,0.0535236396074933,0.0620424370269264,0.0706345960816387,0.1236523822404266,0.1183698776844597
Debezium,1.1185340713876697,1.0526879704283074,0.5816235504014273,0.5170203085577202,0.5650767686531097,0.4714247072916264,0.3945662589481991
Prescriptive Analytics,0.7864096201565184,0.7526852918329628,0.7100802854594113,0.5501096083054142,0.5911000408937135,0.2434406275358398,0.1916464686319824
Experimental Design,2.340141248329834,2.2366271127420783,2.176628010704728,1.5841502254208546,1.6654894233986393,1.854785733606399,1.696634913477256
Text Mining,1.347585417064325,1.3660836257466584,1.1882247992863515,0.5997435579269553,0.9405554109818208,0.5448433092468797,0.4227495631587847
Mathematical Optimization,15.083031112807788,14.161733586907026,15.44335414808207,14.848823261777722,16.320309305178633,21.28753043007844,22.09007384025703
Biostatistics,2.324871158618057,2.209841159296065,1.4380017841213202,0.8810026057823551,1.1598944198669094,0.6105336373121063,0.7891325178963982
Statistical Sampling,1.126169116243558,1.1544745935231564,1.2346119536128457,0.7734623816023494,0.9145321387412172,0.5100660767417597,0.6651259793698213
Logical Data Model,0.3893872876503149,0.3937535156563898,0.4103479036574487,0.2440335856392439,0.3866314732889698,0.2666254492059198,0.2141931120004509
Physical Data Model,0.591715976331361,0.551790640987866,0.4139161462979482,0.4053439219092526,0.5725119892932823,0.3825495575563198,0.4114762414745505
Vector Search,0.0190876121397213,0.018750167412209,0.0785013380909901,0.0909955743061587,0.0892226476820699,0.4714247072916264,0.6651259793698213
Prompt Orchestration,0.0,0.0,0.0,0.0041361624684617,0.0074352206401724,0.2975385447660265,0.4847528324220732
SAP S/4HANA,0.1221607176942164,0.2035732461896981,0.135593220338983,0.1489018488646234,0.1710100747239674,0.4366474747865064,0.4734795107378389
HubSpot,0.2328688681046001,0.2839311065277368,0.2604817127564674,0.5749265831161848,0.5725119892932823,1.016268016538506,0.9807789865283806
Dagster,0.1030731055544951,0.184823078777489,0.1748438893844781,0.2440335856392439,0.2156213985650024,0.5409791723018664,0.4960261541063074
DAX,0.8360374117197938,0.9803658961240724,0.8064228367528992,0.8934110931877404,0.9219673593813896,1.3215348351945593,1.4486218364241024
Power Query,0.4810078259209773,0.6455414780489112,0.4888492417484389,0.5583819332423378,0.6840402988958697,1.0510452490436262,1.2231554027394171
Semantic Modeling,0.1183431952662721,0.1098224091286529,0.0856378233719892,0.1447656863961616,0.1226811405628462,0.3207233664361065,0.7553125528436954
GPU Computing,0.7444168734491315,0.6214341199474995,1.0383586083853702,0.5914712329900319,0.8885088665006134,0.9776266470883728,0.7440392311594611
Quantitative Finance,3.1303683909142968,3.147349529906517,2.7618198037466546,2.808454316085536,3.762221643927284,2.8749178870899184,2.981793585479961
Decision Automation,0.3932048100782592,0.2866097018723381,0.3532560214094558,0.2481697481077056,0.3234320978475036,0.9312570037482129,1.2400653852657686
Transformer Architecture,0.7825920977285742,0.6160769292582969,1.1489741302408565,0.9140919055300492,1.0074723967433734,2.028671896131999,1.775548165266896
RLHF,0.0305401794235541,0.0508933115474245,0.1926851025869759,0.2647143979815527,0.2044685676047436,0.641446732872213,0.4847528324220732
Graph Neural Networks,0.2977667493796526,0.3000026785953446,0.296164139161463,0.2481697481077056,0.3011264359269861,0.2820819969859732,0.1634631644213967
Model Quantization,0.1374308074059935,0.1044652184394503,0.2854594112399643,0.1737188236753939,0.1635748540837949,0.513930213686773,0.479116171579956
DSPy,0.0,0.0,0.0,0.0082723249369235,0.0148704412803449,0.1236523822404266,0.1014598951581083
Delta Lake,0.2366863905325443,0.2678595344601291,0.296164139161463,0.3763907846300203,0.3085616565671586,0.8578384017929596,0.822952482949101
Fivetran,0.347394540942928,0.4044678970347949,0.3104371097234611,0.4218885717830996,0.3643258113684524,0.5912129525870397,0.7045826052646412
Dataform,0.0381752242794426,0.0321431441352154,0.0428189116859946,0.0537701120900028,0.0483289341611212,0.0734186019552533,0.0845499126317569
Unity Catalog,0.0,0.0080357860338038,0.0499553969669937,0.0951317367746205,0.0446113238410349,0.3748212836662931,0.4452962065272532
Adobe Analytics,0.809314754724184,0.7151849570085447,0.5816235504014273,0.6948752947015758,0.7881333878582847,0.5641639939719464,0.6087593709486501
Microsoft Fabric,0.5115480053445314,0.5276832828864544,0.5423728813559322,0.8603217934400463,0.7769805568980259,1.630665790795626,2.1870244067414464
DataRobot,0.217598778392823,0.1767872927436852,0.0927743086529884,0.0248169748107705,0.0966578683222424,0.0618261911202133,0.0281833042105856
H2O.ai,0.3168543615193739,0.2866097018723381,0.1819803746654772,0.0951317367746205,0.1672924644038811,0.2086633950307199,0.090186573473874
Amplitude,0.2863141820958198,0.3214314413521549,0.2247992863514719,0.363982297224635,0.3494553700881073,0.3980061053363731,0.3945662589481991
Optical Character Recognition,0.2481389578163771,0.2892882972169394,0.3068688670829616,0.1861273110807792,0.2639503327261236,0.3245875033811198,0.4171129023166676
Econometrics,1.1948845199465548,1.1169742586987383,1.2453166815343444,0.8520494685031228,0.9665786832224246,0.618261911202133,0.8060425004227496
Counterfactual Analysis,1.8400458102691355,1.593764230037768,1.9661016949152543,1.4476568639616163,1.6952303059593294,1.7775029947061325,1.8995547037934728
Linear Mixed-Effects Model,0.0916205382706623,0.1258939811962607,0.1248884924174843,0.0537701120900028,0.0817874270418974,0.0618261911202133,0.0056366608421171
Conda,0.2366863905325443,0.1794658880882865,0.1891168599464763,0.1075402241800057,0.1672924644038811,0.1159241083503999,0.045093286736937
Signal Processing,1.29795762550105,1.2455468352396004,0.9955396966993756,0.864457955908508,0.9517082419420796,0.815332895397813,0.6763993010540555
Medical Imaging,0.7825920977285742,0.7687568639005705,0.6494201605709188,0.4756586838731025,0.5613591583330235,0.4327833378414931,0.4565695282114875
Sensor Fusion,0.3512120633708723,0.4821471620282324,0.3425512934879571,0.293667535260785,0.4089371352094873,0.4211909270064531,0.3381996505270278
MicroStrategy,0.736781828593243,0.6642916454611202,0.6066012488849242,0.4549778715307937,0.5427711067325923,0.2009351211406932,0.2480130770531537
Teradata,1.0574537125405612,0.9321511799212492,0.5352363960749331,0.5087479836207967,0.6022528718539722,0.2782178600409598,0.349472972211262
Azure Data Lake,0.534453139912197,0.6241127152921008,0.4174843889384478,0.6990114571700377,0.6208409234544036,0.7032729239924262,0.7102192661067583
Matillion,0.1946936438251574,0.2250020089465084,0.0892060660124888,0.1571741738015469,0.1784452953641399,0.2009351211406932,0.1972831294740995
Oracle Data Integrator,0.1221607176942164,0.1285725765408619,0.1462979482604817,0.1158125491169293,0.1189635302427599,0.0656903280652266,0.1465531818950453
SSRS,1.7217026150028631,1.8375164063964855,1.2595896520963423,1.3566612896554575,1.2825755604297555,0.8964797712430929,0.8905924130545065
Data Mesh,0.1107081504103836,0.1500013392976723,0.1641391614629795,0.1985357984861645,0.1895981263243986,0.3902778314463465,0.3551096330533791
Model Versioning,0.2443214353884329,0.1982160555004955,0.2747546833184656,0.1943996360177027,0.3122792668872449,0.9853549209783996,1.1498788117918946
Secoda,0.0038175224279442,0.0160715720676077,0.0071364852809991,0.0082723249369235,0.0185880516004312,0.0231848216700799,0.0056366608421171
Probabilistic Graphical Models,0.2557740026722657,0.2571451530817239,0.2140945584299732,0.0868594118376969,0.1747276850440536,0.0772827389002666,0.0732765909475226
Predictive Maintenance,0.2939492269517083,0.2196448182573058,0.335414808206958,0.2978036977292468,0.2713855533662961,0.3439081881061865,0.3663829547376134
GraphRAG,0.0,0.0,0.0,0.0,0.0037176103200862,0.1275165191854399,0.0958232343159912
NLP Preprocessing,0.1336132849780492,0.1446441486084697,0.1962533452274754,0.1654464987384704,0.1784452953641399,0.3477723250511998,0.3607462938954963
TF-IDF,0.0839854934147738,0.0750006696488361,0.0642283675289919,0.0206808123423088,0.0483289341611212,0.0618261911202133,0.0563666084211713
Word2Vec,0.145065852261882,0.147322743953071,0.0820695807314897,0.0992678992430822,0.1152459199226737,0.1507013408555199,0.1465531818950453
Visual Question Answering,0.0038175224279442,0.0,0.0,0.0289531372792323,0.0037176103200862,0.0154565477800533,0.0225466433684685
Gaussian Splatting,0.0801679709868295,0.0910722417164439,0.0820695807314897,0.033089299747694,0.0780698167218112,0.1081958344603732,0.0732765909475226
High Performance Computing,1.137621683527391,1.1250100447325422,1.2988403211418376,0.8106878438185052,1.1413063682664784,0.815332895397813,0.7102192661067583
FHIR,0.4161099446459247,0.4660755899606246,0.4495985727029438,0.4756586838731025,0.4200899661697461,0.7419142934425597,0.738402570317344
MySQL,3.1418209581981293,2.764310395628532,2.783229259589652,2.7091864168424538,3.055875683110896,2.7705861895745585,2.0010145989515813
Neo4j,0.5039129604886429,0.506254520129644,0.3639607493309545,0.2978036977292468,0.3940666939291423,0.4714247072916264,0.2874697029479736
Apache Hive,3.683909142966215,3.150028125251118,2.529884032114184,2.101170533978575,2.468493252537269,1.294485876579466,1.1498788117918946
Apache Impala,0.461920213781256,0.4339324458254091,0.2604817127564674,0.1819911486123175,0.2416446708056061,0.1004675605703466,0.0563666084211713
Apache Iceberg,0.015270089711777,0.0160715720676077,0.0178412132024977,0.0537701120900028,0.0223056619205174,0.2047992580857065,0.1578265035792796
Parquet,0.4122924222179805,0.3348244180751614,0.3425512934879571,0.3598461347561732,0.3643258113684524,0.3825495575563198,0.3889295981060819
Google Bigtable,0.8474899790036267,0.691077598907133,0.5566458519179304,0.4384332216569467,0.5687943789731961,0.1893427103056532,0.2029197903162166
Azure Cosmos DB,0.2557740026722657,0.2383949856695149,0.2783229259589652,0.3515738098192497,0.3568905907282799,0.3245875033811198,0.2761963812637393
Azure Synapse Analytics,0.4848253483489215,0.5089331154742454,0.4995539696699375,0.7072837821069612,0.732369233056991,0.8539742648479463,0.6820359618961727
Datastage,0.1488833746898263,0.2517879623925214,0.103479036574487,0.1489018488646234,0.1635748540837949,0.0579620541751999,0.1521898427371625
Informatica,1.5079213590379843,1.4866204162537169,0.9313113291703836,1.1209000289531372,1.3048812223502733,1.1051431662738127,0.9525956823177948
Apache NiFi,0.2977667493796526,0.4633969946160233,0.3639607493309545,0.2440335856392439,0.2490798914457786,0.2936744078210132,0.1521898427371625
Cognos,0.7291467837373544,0.8785792730292235,0.6851025869759143,0.5914712329900319,0.5613591583330235,0.3980061053363731,0.4396595456851361
Alteryx,1.3208627600687155,1.5348351324565397,1.0062444246208742,0.9554535302146668,1.0892598237852709,0.8771590865180262,0.9300490389493264
KNIME,0.1641534644016033,0.1446441486084697,0.1462979482604817,0.1282210365223146,0.1561396334436224,0.0927392866803199,0.0563666084211713
Metabase,0.1565184195457148,0.1821444834328878,0.0963425512934879,0.1282210365223146,0.1970333469645711,0.1854785733606399,0.2592863987373879
Redash,0.0648978812750524,0.0428575255136206,0.0214094558429973,0.0579062745584646,0.0446113238410349,0.0270489586150933,0.0112733216842342
ThoughtSpot,0.1565184195457148,0.1258939811962607,0.1248884924174843,0.1613103362700086,0.1189635302427599,0.1429730669654932,0.1465531818950453
Matplotlib,1.515556403893873,1.4785846302199126,1.566458519179304,1.2160317657277575,1.524220231235362,1.027860427373546,0.8173158221069838
Plotly,0.8551250238595152,0.8812578683738248,0.9705619982158786,0.6535136700169583,0.8773560355403547,0.5680281309169597,0.4847528324220732
Named Entity Recognition,0.4962779156327543,0.5303618782310556,0.5352363960749331,0.277122885386938,0.4312427971300048,0.3129950925460798,0.2874697029479736
Natural Language Generation,0.1756060316854361,0.2250020089465084,0.3639607493309545,0.2812590478553997,0.2899736049667273,0.1622937516905599,0.1240065385265768
Segmentation,3.4014124832983392,2.981276618541237,2.622658340767172,2.506514455887827,3.033570021190379,2.728080683179412,2.914153655374556
Few-Shot Learning,0.1068906279824394,0.0803578603380387,0.1427297056199821,0.103404061711544,0.1598572437637087,0.1932068472506665,0.174736486105631
Knowledge Distillation,0.0916205382706623,0.0616076929258296,0.1462979482604817,0.0992678992430822,0.0966578683222424,0.2473047644808532,0.1972831294740995
Representation Learning,0.1870585989692689,0.2517879623925214,0.3033006244424621,0.2523059105761674,0.2639503327261236,0.3439081881061865,0.2423764162110366
Generalized Linear Model,0.4161099446459247,0.3857177296225859,0.296164139161463,0.119948711585391,0.2044685676047436,0.0618261911202133,0.0676399301054055
Survey Methodology,0.3359419736590952,0.4044678970347949,0.5102586975914363,0.3763907846300203,0.3717610320086248,0.2820819969859732,0.2705597204216222
TensorFlow Extended,0.1336132849780492,0.0803578603380387,0.0927743086529884,0.0579062745584646,0.0706345960816387,0.0115924108350399,0.0338199650527027
Master Data Management,1.3361328497804923,1.575014062625559,1.1953612845673507,1.3814782644662282,1.345774935871222,1.2751651918543994,1.2738853503184713
Great Expectations,0.0916205382706623,0.0910722417164439,0.0749330954504906,0.1158125491169293,0.0855050373619837,0.2666254492059198,0.3100163463164421
Palantir Foundry,0.1870585989692689,0.2223234136019071,0.2533452274754683,0.119948711585391,0.1747276850440536,0.4327833378414931,0.3832929372639648
Google Model Garden,0.0,0.0,0.0,0.0082723249369235,0.0111528309602587,0.0154565477800533,0.0394566258948199
GitHub Copilot,0.0229051345676655,0.0160715720676077,0.1819803746654772,0.2605782355130909,0.2044685676047436,1.491556860775146,2.773237134321628
AIOps,0.1068906279824394,0.0776792649934374,0.0927743086529884,0.0827232493692352,0.1226811405628462,0.1661578886355732,0.219829772842568
OpenShift,0.2328688681046001,0.3508959901427691,0.2854594112399643,0.2481697481077056,0.3011264359269861,0.4018702422813864,0.4114762414745505
cuDNN,0.0343577018514983,0.0669648836150322,0.0820695807314897,0.033089299747694,0.0966578683222424,0.0734186019552533,0.0676399301054055
OCI,0.1527008971177705,0.2678595344601291,0.264049955396967,0.3763907846300203,0.2453622811256924,0.4714247072916264,0.4396595456851361
FastAPI,0.1832410765413246,0.2464307717033187,0.4246208742194469,0.2895313727923232,0.509312613851816,1.2403879593492793,1.0991488642128404
R Shiny,0.8703951135712922,0.8357217475156028,0.72078501338091,0.5501096083054142,0.5911000408937135,0.3245875033811198,0.2874697029479736
Digital Twins,0.2443214353884329,0.1982160555004955,0.2818911685994648,0.1861273110807792,0.2862559946466411,0.2936744078210132,0.349472972211262
Fraud Detection,0.7749570528726857,0.7767926499343745,0.7564674397859055,0.5459734458369525,0.6691698576155247,0.7612349781676263,0.7891325178963982
Autonomous Vehicles,1.0230960106890628,0.9267939892320468,0.7814451382694023,0.5790627455846465,0.7806981672181122,0.7921480737277329,0.5580294233695958
Data Marts,1.0154609658331744,1.012509040259288,0.7065120428189117,0.7693262191338875,0.7100635711364734,0.5912129525870397,0.5016628149484246
Geospatial Analysis,1.546096583317427,1.8268020250180803,1.8055307760927743,1.472473838772387,1.6245957098776906,1.1244638509988794,0.918775717265092
Variance Analysis,0.5611757969078068,0.7366137197653551,0.6993755575379126,0.5749265831161848,0.7658277259377672,0.8269253062328529,0.868045769686038
Small Language Models,0.0114525672838327,0.0080357860338038,0.0107047279214986,0.033089299747694,0.0334584928807762,0.2473047644808532,0.2423764162110366
Image Processing,0.8703951135712922,0.9321511799212492,0.6601248884924175,0.5831989080531084,0.7769805568980259,0.3980061053363731,0.3212896680006764
Dataiku,0.2595915251002099,0.2651809391155278,0.2069580731489741,0.1282210365223146,0.2081861779248299,0.1545654778005332,0.2029197903162166
LLM-as-a-Judge,0.0,0.0,0.0142729705619982,0.0248169748107705,0.0111528309602587,0.2550330383708798,0.4058395806324333
Medallion Architecture,0.0038175224279442,0.0080357860338038,0.0178412132024977,0.0579062745584646,0.0631993754414662,0.2241199428107732,0.4058395806324333
PyTorch Lightning,0.0419927467073869,0.0321431441352154,0.0642283675289919,0.0248169748107705,0.0446113238410349,0.0618261911202133,0.045093286736937
Looker Studio,0.5573582744798625,0.6669702408057214,0.4852809991079393,0.3763907846300203,0.5948176512137998,0.4289192008964798,0.4678428498957218
Sigma Computing,1.0383661004008398,1.1973321190367772,1.0526315789473684,1.249121065475452,1.0892598237852709,1.483828586885119,1.7022715743193733
People Analytics,0.5955334987593052,0.4580398039268207,0.431757359500446,0.5211564710261819,0.4832893416112123,0.3825495575563198,0.5129361366326588
ELK Stack,1.213972132086276,1.518763560388932,1.3809099018733273,1.2077594407908343,1.360645377151567,1.6422582016306655,1.1893354376867145
Streamlit,0.6489788127505249,0.6375056920151073,0.7100802854594113,0.7238284319808082,0.5576415480129373,0.9853549209783996,1.0033256298968491
Slowly Changing Dimensions,0.5382706623401412,0.5812551897784801,0.3818019625334523,0.467386358936179,0.4572660693706086,0.606669500367093,0.9807789865283806
Modern Data Stack,0.1946936438251574,0.2625023437709265,0.2247992863514719,0.3184845100715556,0.2527975017658649,0.571892267861973,0.7327659094752269
AWS Aurora,0.1145256728383279,0.0669648836150322,0.0499553969669937,0.0661785994953881,0.0520465444812074,0.1275165191854399,0.1070965560002254
Azure AI Services,0.087803015842718,0.0401789301690193,0.1391614629794826,0.1613103362700086,0.1152459199226737,0.3129950925460798,0.5129361366326588
Robotic Process Automation,1.1338041610994465,1.22411807248279,1.1810883140053523,1.1870786284485255,1.0855422134651846,2.3146180300629853,2.6210472915844654
Row-Level Security,0.1412483298339377,0.1205367905070581,0.1391614629794826,0.1158125491169293,0.1375515818431912,0.2125275319757332,0.3720196155797305
SSAS,1.2597824012216072,1.2723327886856133,0.8456735057983943,0.8603217934400463,0.9926019554630284,0.7187294717724796,0.7778591962121639
R,21.74460774957053,20.44571826534165,20.21766280107047,15.456839144641602,18.446782408267964,11.7392480389505,10.670198974127729
Web Scraping,0.2252338232487115,0.2250020089465084,0.2676181980374665,0.2729867229184762,0.3271497081675898,0.1738861625255999,0.1296431993686939
IoT,2.133995037220844,2.0464468432753864,1.7912578055307762,1.803366836249328,1.702665526599502,1.7929595424861855,1.4711684797925708
ELT,1.5842718075968696,1.6419789462405914,0.9955396966993756,1.592422550357778,1.4573032454738095,3.029483364890452,3.5567329913759087
Speech Analytics,0.087803015842718,0.0883936463718426,0.0285459411239964,0.033089299747694,0.0520465444812074,0.0463696433401599,0.0789132517896398
Cloud Composer,0.0763504485588852,0.147322743953071,0.039250669045495,0.0992678992430822,0.1561396334436224,0.2086633950307199,0.1803731469477481
Dataflow,0.3970223325062035,0.4446468272038143,0.328278322925959,0.3722546221615585,0.479571731291126,0.479152981181653,0.4734795107378389
AWS Lambda,1.332315327352548,1.4866204162537169,1.384478144513827,1.3690697770608429,1.453585635153723,2.6082924378839984,2.429400822952483
S3,2.2752433670547814,2.3330565451477243,2.133809099018733,2.212846920627042,2.375552994535113,3.2961088140963715,3.370723183586044
Pub/Sub,0.1679709868295476,0.2651809391155278,0.1248884924174843,0.2192166108284733,0.2788207740064686,0.4675605703466131,0.3832929372639648
TensorRT,0.1259782401221607,0.1794658880882865,0.1534344335414808,0.0579062745584646,0.1487044128034499,0.4289192008964798,0.3212896680006764
Survival Analysis,0.2977667493796526,0.3214314413521549,0.296164139161463,0.1613103362700086,0.2342094501654336,0.1429730669654932,0.1352798602108111
Double Machine Learning,0.1603359419736591,0.1312511718854632,0.0677966101694915,0.0785870869007734,0.0780698167218112,0.0966034236253332,0.1014598951581083
spaCy,0.3970223325062035,0.3803605389333833,0.3782337198929527,0.2440335856392439,0.3568905907282799,0.2434406275358398,0.2480130770531537
NLTK,0.332124451231151,0.3187528460075536,0.431757359500446,0.2274889357653968,0.3680434216885386,0.1507013408555199,0.1578265035792796
Simulation,2.9891200610803588,3.1875284600755363,2.7261373773416597,2.11357902138396,2.498234135097959,2.7899068742996254,2.3673975536891945
MapReduce,2.33632372590189,2.338413735836927,1.6663693131132915,1.662737312321628,1.7435592401204505,1.549518914950346,1.4091652105292825
OAuth2,0.1679709868295476,0.1687515067098813,0.2390722569134701,0.3184845100715556,0.2379270604855199,0.664631554542293,0.8736824305281551
LookML,0.145065852261882,0.1232153858516593,0.1177520071364852,0.0785870869007734,0.1524220231235362,0.1120599714053866,0.2085564511583338
Multi-Armed Bandit,0.0687154037029967,0.0455361208582219,0.0856378233719892,0.0909955743061587,0.0780698167218112,0.0695544650102399,0.0958232343159912
SLAM,0.1068906279824394,0.0589290975812284,0.0499553969669937,0.0703147619638499,0.0929402580021562,0.0811468758452799,0.0338199650527027
Lidar,0.2214163008207673,0.2383949856695149,0.1177520071364852,0.1530380113330851,0.2416446708056061,0.2627613122609065,0.2029197903162166
Apple Silicon,0.0229051345676655,0.0214287627568103,0.0249776984834968,0.0206808123423088,0.0111528309602587,0.0,0.0338199650527027
Core ML,0.0687154037029967,0.1044652184394503,0.1248884924174843,0.0827232493692352,0.0594817651213799,0.2086633950307199,0.1972831294740995
Azure AI,0.1221607176942164,0.0937508370610451,0.231935771632471,0.2978036977292468,0.2267742295252611,0.7264577456625063,0.9920523082126148
Copilot Studio,0.0267226569956098,0.0321431441352154,0.1712756467439785,0.2895313727923232,0.2304918398453474,1.4954209977201591,2.784510456005862
Salesforce Data Cloud,0.1412483298339377,0.1553585299868748,0.1248884924174843,0.119948711585391,0.1449868024833636,0.1429730669654932,0.174736486105631
Workday,1.401030731055545,1.655371922963598,1.68064228367529,1.7247797493485544,1.643183761478122,1.750454036091039,1.860098077898653
Shopify,0.202328688681046,0.1633943160206787,0.2105263157894736,0.277122885386938,0.3457377597680211,0.4907453920166931,0.5636660842117129
Panoptic Segmentation,0.1946936438251574,0.1366083625746658,0.0606601248884924,0.0206808123423088,0.1003754786423287,0.0695544650102399,0.0225466433684685
Apache Flink,0.5649933193357511,0.6562558594273163,0.4995539696699375,0.7155561070438847,0.6914755195360422,0.8771590865180262,0.7947691787385153
Polars,0.0076350448558885,0.0053571906892025,0.0214094558429973,0.0454977871530793,0.0223056619205174,0.1661578886355732,0.1521898427371625
LLMOps,0.0,0.0,0.0927743086529884,0.0909955743061587,0.1263987508829324,0.4057343792263997,0.4622061890536046
PEFT,0.0038175224279442,0.0080357860338038,0.0999107939339875,0.103404061711544,0.0780698167218112,0.4327833378414931,0.3663829547376134
Electronic Health Records,1.3704905516319907,1.3687622210912598,1.2667261373773415,1.3028911775654548,1.1450239785865646,1.244252096294293,1.2738853503184713
Stata,1.1719793853788891,1.0660809471513135,1.0526315789473684,0.8396409810977375,0.8401799323394922,0.2898102708759998,0.3551096330533791
SPSS,1.878221034548578,1.840195001741087,1.9803746654772525,1.38561442693469,1.2491170675489796,0.5564357200819197,0.5298461191590103
GCP Dataproc,0.145065852261882,0.1928588648112929,0.1141837644959857,0.1737188236753939,0.1747276850440536,0.1468372039105066,0.2029197903162166
Exploratory Data Analysis,2.500477190303493,2.2875204242895024,2.840321141837645,1.9853579848616452,2.1004498308487305,1.4413230804899726,1.6008116791612648
Data Contracts,0.0267226569956098,0.0321431441352154,0.039250669045495,0.0413616246846176,0.0223056619205174,0.2704895861509332,0.4396595456851361
Multivariate Analysis,0.5764458866195838,0.4071464923793962,0.4067796610169492,0.1819911486123175,0.2899736049667273,0.1352447930754666,0.1014598951581083
Google Tag Manager,0.9505630845581218,0.8437575335494067,0.7885816235504014,1.1374446788269843,1.0818246031450984,1.7581823099810658,2.265937658531086
ArcGIS,0.7596869631609086,1.0017946588808828,1.0347903657448707,0.9595896926831284,0.8662032045800959,0.5796205417519997,0.3945662589481991
YOLO,0.0992555831265508,0.0776792649934374,0.1177520071364852,0.0413616246846176,0.0929402580021562,0.0850110127902932,0.0338199650527027
Gurobi,0.3054017942355411,0.3482173947981678,0.39964317573595,0.1943996360177027,0.3011264359269861,0.3748212836662931,0.1465531818950453
Health Informatics,0.8398549341477382,1.0607237564621113,1.024085637823372,0.7031476196384994,0.702628350496301,0.5255226245218131,0.6538526576855871
Knowledge Representation,1.156709295667112,1.0607237564621113,1.0526315789473684,1.2532572279439136,1.1264359269861333,1.549518914950346,1.482441801476805
GCP Cloud Functions,0.087803015842718,0.1125010044732542,0.0463871543264942,0.0992678992430822,0.1598572437637087,0.2086633950307199,0.2423764162110366
Cloud Data Fusion,0.1259782401221607,0.2678595344601291,0.2033898305084746,0.1654464987384704,0.2527975017658649,0.1313806561304532,0.1860098077898652
